"id","comic_id","title","chapter_index"
"3401","120","02 Rồng Gãy Cánh, Liệu Có Trở Về Bầu Trời?","41437"
"2647","91","Dự báo","82323"
"3403","120","04 Nỗi Lo Đã Đến! Mày Là Ai?","43205"
"89","8","Dự báo","104348"
"90","8","Tiên Nhân Từ Đâu Mà Ra","123620"
"27375","136","Phần Một Chương 1","3"
"2285","68","Chương 1","100557"
"2130","59","004 Ý Thức Song Tinh! Đau Khổ Tột Đỉnh Thành Thần","121810"
"2131","59","005 Ai Là Quái Vật? Thế Giới Bắt Đầu Biến Đổi","122631"
"2132","59","006 Cứu Thế Chủ! Thế Giới Thay Đổi Quá Nhanh","122634"
"2134","59","008 Cú Đấm Này Phá Vỡ Hư Không!","123400"
"2135","59","009 Trật Tự Mới! Xác Định Cấp Độ","123401"
"2136","59","010 Hành Tinh Bị Đánh Dấu! Xâm Lược!","123646"
"2138","59","012 Anh Hùng Cứu Thế!","124209"
"2139","59","013 Nói Lăng Nhăng Gì Vậy!","124298"
"2140","59","014 Một Cú Đấm Bình Thường!","124879"
"2141","59","015 Chủng Tộc Đáng Ghét Nhất","125040"
"27376","136","Phần Một Chương 2 Phần 1","4"
"2409","87","67 (Phần Trước) Một Hạt Mũi Đánh Bại Bạn","121570"
"1431","12","","122469"
"1676","22","Dự báo","119304"
"1677","22","Chương 1: Tôi ra tù rồi","125310"
"1679","22","Chương 3: Tôi cũng muốn cho em gái nếm thử","125314"
"1680","22","Chương 4: Cuối cùng đã rơi vào tay tôi","125316"
"1681","22","Chương 5: Tôi không cần dựa vào ai cả","125318"
"1682","22","Chương 6: Kẻ điên","126179"
"1683","22","Chương 7: Hãy chờ xem đi","126621"
"1684","22","Chương 8: Chi tiền không tiếc cho em","126941"
"1663","21","007 Con mèo hoàng gia đầu tiên","125719"
"1420","12","","105768"
"3404","120","05 Chạy Đâu Thế! Tao Không Tha Cho Mày!","45028"
"25","4","Dự báo: ""Hẹn gặp ngày 12 tháng 9""","115586"
"26","4","0 ""Bóng Đêm""","115478"
"27","4","1 ""Danh Tính Đôi""","115482"
"27377","136","Chương 1 Chương 2 Phần 2","5"
"27379","136","Chương 1 Chương 3 Phần 2","8"
"27380","136","Chương 1 Chương 4","9"
"1685","23","Dự báo tác phẩm","98034"
"1687","23","Chương 02: Bảy chị dâu","106708"
"1688","23","Chương 03: Tôi sẽ cố hết sức bảo vệ nhà Tô!","109023"
"1689","23","Chương 04: Thần y... không ngốc?!","114811"
"1691","23","Chương 06: Rốt cuộc ngươi là ai?!","111221"
"1692","23","Chương 07: Cao thủ bí ẩn","112852"
"1693","23","Chương 08: Dành tặng Tiểu Phàm...","114852"
"1694","23","Chương 09: Tôi là người của Diệp Phàm!","114891"
"4381","188","Kết Quả Xổ Số","104985"
"2937","102","Sư Phụ Côn Trùng Ngày Tận Thế (Phiên Bản Tranh) 003","76538"
"3795","133","51 - Quyết tâm × Hồi hai thế hệ bảo hộ · Phần ba","92362"
"1459","4","8 ""Gặp Gỡ Bắt Đầu Từ Cái Chạm Dịu Dàng""","122928"
"27381","136","Chương 1 Chương 5 Phần 1","10"
"3405","120","06 Xử Lý Thằng Này Thế Nào?","47052"
"3406","120","07 Mấy Người Có Phải Quá Vô Tư Không?","48255"
"3407","120","08 Trận Chiến Kịch Liệt! Số Phận Bibo Sẽ Ra Sao?","49390"
"3408","120","09 Cố Lên! Chỉ Có Mày Mới Cứu Được Anh Ấy","50182"
"3409","120","10 Thị Trấn Cảng, Có Tìm Được Manh Mối Không?","52278"
"3410","120","11 Vic Sẽ Chết Cô Đơn Nếu Không Ra Tay Khi Cần","53246"
"3411","120","12 Sao Có Thể Nhìn Người Ta Chết Mà Không Giúp!","54050"
"3412","120","13 Gió Biển Buổi Tối","55100"
"3413","120","14 Thiện Có Thiện Báo! Lên Khinh Khí Cầu!","56366"
"3414","120","15 Thành Phố Trời Lạnh","57232"
"3415","120","16 Phát Hiện Bí Mật Lớn!","57973"
"1453","4","2 ""Nhượng x Ninh""","115479"
"1454","4","3 ""Anh Ăn Chắc Rồi""","115480"
"1455","4","4 ""Ai Mới Là Kẻ Cho Ăn?""","117696"
"40","5","Ra mắt ngày 20 tháng 9","107534"
"41","5","Thông tin cập nhật ngày 20 tháng 9","116726"
"42","5","Chương 1 Thuốc giải","105026"
"27382","136","Chương 1 Chương 5 Phần 2","11"
"5072","157","Tập 21 Lưỡi dao khác biệt (Phần dưới)","2352"
"1486","7","001 Bí mật của Thiên Chi Kiêu Tử","107794"
"1695","23","Chương 10: Chợ đen Thành Vân","121620"
"1696","23","Chương 11: Dám động vào người của tôi!","121622"
"4391","23","Chương 12: Kích hoạt bản năng của tôi!","122265"
"1740","28","Chương 4: Trư Thiếu? Linh Hồn Bảo Hộ Quả Nhiên Là Con Heo!","124092"
"1741","28","Chương 5: Hoàng Thiên Đế Trợ Giúp Diệp Tiểu Phong, Đột Phá Trong Nguy Cơ","124590"
"1506","7","018 Viên kẹo khiến người ta không thể dừng lại","125576"
"5656","166","Lão Bọ Cạp (4)","1254"
"1742","28","Chương 6: Xác Sống Bao Vây! Hoàng Thiên Đế Và Thạch Mệnh","125360"
"4382","188","Thông Báo","105725"
"1484","6","Chương 7: Dụ rồi thả","125545"
"5667","166","Dưới ánh lửa (Phần 3)","1763"
"3973","164","Chương 189: Ngồi Nói Đạo","1694"
"3309","117","1 - Dự báo","42329"
"3310","117","01 Cao thủ xuống núi, tám sư tỷ ta đến đây","44719"
"3311","117","02 Y thuật tầm thường hại người, thần y ra tay","44941"
"24612","144","Chương 6: Tạm Biệt! Kiều Tiểu Mẫn!","15"
"1466","5","Chương 2: Chào buổi sáng, anh trai","105635"
"1468","5","Chương 4: Anh chàng ồn ào","109229"
"1469","5","Chương 5: Không thể ăn một mình","109234"
"1470","5","Chương 6: Tôi muốn ngủ ngon","113613"
"1471","5","Chương 7: Hãy coi tôi như công cụ","114130"
"1487","7","002 Hẹn ngày tái ngộ","107089"
"1488","7","003 Hiện trường án mạng bị thay đổi","109161"
"1489","7","004 “Lần đầu gặp mặt”","109187"
"1490","7","005 ACE","110249"
"1491","7","006 Những thứ tôi muốn","111426"
"1492","7","007 Kẻ giết người đang ẩn nấp ở đây","112772"
"1493","7","008 Cái miệng như đường bọc độc","114071"
"1494","7","009 Nói thắng còn quá sớm","115159"
"1664","21","008 Lòng trung thực của người ngoài","125770"
"1665","21","009 Bị lừa nặng nề","125772"
"1666","21","010 Đánh giá chính thức của người điều khiển mèo hoàng gia","125847"
"1667","21","011 Mèo nữ Tiểu Ngọc","125849"
"1668","21","012 Kết thúc đánh giá","125851"
"1670","21","014 Thái Tử đã ký hợp đồng","126471"
"1671","21","015 Giả làm chuột ăn mèo","126502"
"1672","21","016 Giao dịch yêu mèo","126532"
"1673","21","017 Thợ săn mèo bất hợp pháp","126735"
"1674","21","018 Cô dì phá hủy bãi đậu xe!","126736"
"1719","26","Chương 6: Cậu đã có con đường tự sát rồi","115435"
"27383","136","Thông Báo Cảm Ơn + Ghi Chú Cập Nhật","12"
"1720","26","Chương 7: Gọi cảnh sát đi, đứng đó làm gì?","115574"
"1721","26","Chương 8: Dịch vụ khách hàng xuất sắc","115448"
"3312","117","03 Con cháu bất hiếu muốn phân chia gia sản","44947"
"3314","117","05 Ai là hung thủ, sự thật lộ diện","46612"
"3315","117","06 Ta là người thật thà, không bao giờ lừa dối","48215"
"1518","13","Dự báo: Đã đến thì hãy an tâm.","115583"
"1519","13","01","126593"
"1520","13","02","126595"
"1521","13","03","126596"
"1522","14","Dự báo tác phẩm mới","125428"
"1523","14","Chương 1: Tỏ tình trước đám đông?","126376"
"1524","14","Chương 2: Yêu thêm kiểu “đại tỷ” thế này","126436"
"1525","14","Chương 3: Vớt ở đáy biển sâu","126443"
"1526","14","Chương 4: Nơi bí mật","127046"
"1495","7","010 Để tôi xem giúp bạn","116160"
"1496","7","011 Điều bạn muốn từ tôi là...","117217"
"1497","7","012 Chỉ đường thần tiên · Phần một","118759"
"1498","7","Ngoại truyện - Cho tôi chút thưởng đi, chủ nhân","119776"
"1499","7","013 Bắt cóc tôi","119848"
"1500","7","014 Âm mưu vs Mưu kế","120317"
"1501","7","015 Không ai theo quy tắc cả","121589"
"1502","7","Ngoại truyện - Một cảnh bốn năm sau","122709"
"1723","26","Chương 10: Gọi xe Didi không?","115575"
"1724","26","Chương 11: Lương cao ba nghìn","123194"
"3316","117","07 Cùng chung một phòng mới có thể hóa hung thành cát","48218"
"5464","178","Mùa 2 Tập 26: Người Hàng Xóm Mới","158"
"4392","26","Chương 12: Vệ Sĩ Cao Cấp","123195"
"5670","166","Thần Ma Giáo (Phần 1)","2097"
"1761","30","Dự nhiệt: Thay giá quý nữ vs Con kế tái sinh","121587"
"1762","30","Tập 01 Thay giá","123308"
"1763","30","Tập 02 Người đàn ông bí ẩn","123542"
"1764","30","Tập 03 Giấc mơ mộng mơ","123618"
"1765","30","Tập 04 Con kế thâm hiểm lại là người tái sinh?!","124064"
"1766","30","Tập 05 Sức quyến rũ khó cưỡng","124856"
"1767","30","Tập 06 Nguy hiểm mới chỉ bắt đầu","125562"
"1768","30","Tập 07 Dòng chảy ngầm","126130"
"1769","30","Tập 08 Lợi dụng hay rung động","126808"
"1817","34","Chương 10 Ai cũng có, chỉ riêng tôi không!","123566"
"1748","29","Chương 4: Tiên tử dẫn tôi bay","123346"
"1749","29","Chương 5: Vẫn có thể điều khiển thú?!","123349"
"1750","29","Chương 6: Trừ dị chứng","123350"
"1752","29","Chương 8: Xà tâm liên","123352"
"1753","29","Chương 9: Nợ bạn một ân tình","123353"
"1754","29","Chương 10: Chắc chắn có kỳ ngộ","123354"
"1755","29","Chương 11: Ngưng hồn thông mạch","124576"
"1756","29","Chương 12: Thần hồn hợp nhất","124577"
"1757","29","Chương 13: Ly biệt và đối mặt","124580"
"1758","29","Chương 14: Hoài nghi","124583"
"1759","29","Chương 15: Tam công tử làm điều ác nhiều","124871"
"1760","29","Chương 16: Ngoài dự liệu","124605"
"1844","37","Chương 4 Cha~","108909"
"1845","37","Chương 5 Kết Cục Của Kẻ Bắt Nạt Vương Phi Tôi","108911"
"1846","37","Chương 6 Học Lễ Nghi","114136"
"1530","2",NULL,"114621"
"3317","117","08 Khám bệnh hay chơi xấu?","49347"
"1743","28","Chương 7: Đoàn Thợ Săn Tận Thế, Săn Lùng Kẻ Thức Tỉnh!","126010"
"5477","178","Mùa 2 Tập 38: Gặp Lại Trên Đường Âm Phủ!","171"
"1744","28","Chương 8: Thám Hiểm Đêm Phòng Thí Nghiệm Kinh Dị","126717"
"1770","31","Dự Báo: Kết Hôn Rồi Mới Biết Tôi Bị Ngoại Tình?!","120628"
"1771","31","1  Khởi Đầu Cơn Ác Mộng","120639"
"1772","31","2  Ngôi Nhà Mới","120651"
"1773","31","3  Bạn Là Ai?","120832"
"1774","31","4  Ngôi Nhà Ma Ám","123276"
"15795","148","Chương 156: Trước công toàn bỏ","820"
"1775","31","5  Một Gia Đình Bốn Người","124166"
"1776","31","Oi~ Vào Đây Rút Thăm May Mắn","124358"
"1777","31","6  Lớp Lớp Lời Nói Dối","125017"
"1778","31","7  Ác Ma Xuất Hiện","125620"
"1779","31","8  Bị Giam Cầm × Hạn Chế","126197"
"1780","31","9  Bị Giam Cầm × Hạn Chế 2","126911"
"1792","32","011 Tôi có con của bạn rồi!","125523"
"1793","32","012 Đậu đỏ","126032"
"1794","32","013 Chu Dục Văn sẽ không chọn bạn","126174"
"1795","32","014 Cô ấy! Cô gái tôi thích","126702"
"1796","32","015 Bạn có muốn không chịu trách nhiệm không?","126833"
"1598","8","Bẩm sinh dị đồng","123937"
"1567","11","002 Trạm tiếp theo! Cướp hôn!","111410"
"1569","11","004 Tôi đã chán ngấy việc đe dọa cậu rồi","112078"
"1570","11","005 Thẩm Trí, cậu có sợ ngứa không?","113586"
"1571","11","006 Đe dọa tử vong","114122"
"1572","11","007 Tôi hình như đã động lòng với anh ấy rồi","115815"
"1573","11","008 Hôn tôi một cái rồi hãy đi!","116836"
"1574","11","009 Tại sao anh ấy lại hôn tôi...","118432"
"1576","11","011 Cậu quan tâm tôi đến thế sao","119801"
"1577","11","Ngoại truyện: Điên cuồng","119924"
"1578","11","Giấy xin nghỉ","120186"
"1579","11","012 Nhớ rõ thân phận của mình","121202"
"1580","11","013 Cuộc sống học đường bắt đầu!","122613"
"1581","11","014 Kế hoạch cho ăn đồ ngọt!","123318"
"1850","38","Khởi Động~","119950"
"1830","36","Tình địch gặp mặt, ghen tuông hơn thường 01","116010"
"1831","36","Tình địch gặp mặt, ghen tuông hơn thường 02","120464"
"3433","119","Dự báo","41607"
"3434","119","Chương 1: Thông cảm với kẻ xấu!","42444"
"3435","119","Chương 1 phần 2: Tôi, dị nhân bẩm sinh","44308"
"3436","119","Chương 2: Ai bắt nạt chồng tôi!","44938"
"3437","119","Chương 3: Thông Thánh ở đâu!","44939"
"3438","119","Chương 4: Kẻ nào bắt nạt nhóm Mặc ta dù xa cũng phải trừng trị","44942"
"3439","119","Chương 5: Đưa cổ ra mà chém","44949"
"3440","119","Chương 6: Đến từ ngoài không gian","44950"
"3216","112","Mở Đầu","43493"
"3533","121","16","42325"
"5680","166","Nguyệt Loan Nam Thôn (Phần 2)","2560"
"5491","178","Mùa 2 Tập 52: Đại Kết Cục (Phần 1)","185"
"2599","89","001 Kiếp Trước Kiếp Này","87021"
"2600","89","002 Ai Có Thể Là Vua","87743"
"2601","89","003 Hôn Phu","89045"
"2602","89","004 Gia Tộc Andrew","89913"
"2603","89","005 Huấn Luyện Đặc Biệt Của Nữ Vương","91308"
"2604","89","006 Đấu Thú","92420"
"2605","89","007 Bắt Cóc","94932"
"2607","89","009 Cho Kẹo","124506"
"2716","95","Dự Báo","69690"
"3182","109","Lập trình viên cũng có tình yêu... sao?","54061"
"3185","109","Trốn Chạy","56364"
"3186","109","Hệ Thống Nông Việc","57224"
"3187","109","Nguyên Liệu Rơi Xuống","57939"
"3188","109","Thần Khí?","59747"
"3177","108","05 Đột Phá","56858"
"3178","108","06 Tôi Là Bạn","57848"
"3179","108","07 Ác Ý","58717"
"3180","108","08 Bất Lực","58756"
"3181","108","09 Mùi Hôi Thối","61473"
"3195","110","Tập 5 Chìa khóa","64495"
"3196","110","Tập 6 Đổi giày","66358"
"3197","110","Tập 7 Đánh răng","67322"
"3199","110","Tập 9 Con nhện","71883"
"1832","36","Tình địch gặp mặt, ghen tuông hơn thường 03","120465"
"5685","166","Nhân vật quan trọng Tây Ngưu Hạ Châu (Phần 2)","2984"
"3318","117","09 Rất muốn bám váy đại nhân!","49356"
"3319","117","10 Không ổn, Sương Nhi gặp nguy hiểm","50670"
"3320","117","11 Ngươi yếu đến mức ta chẳng có chút thành tựu nào","50671"
"3321","117","12 Triệu Khả Tâm sao lại đột nhiên có nút chết?","51939"
"3322","117","13 Muốn có đơn hàng?","51940"
"3323","117","14 Chung Thiếu, không ngờ ngươi có sở thích này","52762"
"3324","117","15 Để ta khiến ngươi không thể rời khỏi cổng Bạch Kim Hàn","52767"
"3325","117","16 Chỉ cần một ánh mắt là nhìn ra điểm yếu của ngươi","53704"
"3326","117","17 Ta sẽ thay sư tỷ dạy ngươi một bài học!","53705"
"3327","117","18 Đừng để ai làm phiền chúng ta","54658"
"3328","117","19 Ta đã bị sư phụ bán từ lâu rồi","54660"
"2985","103","Chương 42: Tặng Bạn Một Quân Cờ","87296"
"2986","103","Chương 43: Công Kích Huyền Nguyệt Vương Triều","88393"
"2987","103","Chương 44: Thịt Hồn Đoạt Phách","88394"
"2988","103","Chương 45: Cổ Lão Quay Về","89259"
"2711","93","Chương 1: Ta, Li Zhi, Hoàng tử thứ chín nhà Đường","74706"
"2715","94","Mời Đón Xem","76202"
"2712","93","Chương 2: Vô do, vì sao đầu treo ở chợ?","78912"
"2713","93","Chương 3: Viên Thiên Cang: Thúc phụ oan cho ta!","85103"
"2714","93","Tập 4: Thiên Khán tràn đầy võ đức","87801"
"2694","92","Chương 01: Chiến Thần Trở Lại","81474"
"2695","92","Chương 02: Tro Cốt Chủ Phụ Chủ Mẫu Bị Trộm","81479"
"2696","92","Chương 03: Tiệc Gia Tộc Vương","81487"
"2697","92","Chương 04: Mảnh Giấy Bí Ẩn","83777"
"2764","97","Dự Báo Ra Mắt","70737"
"2765","97","001 Khởi Động Hợp Đồng","71225"
"2766","97","002 Được rồi, anh bạn, cậu thật ngầu","71226"
"2767","97","003 Kiểm Tra Phân Lớp","71227"
"2768","97","004 Yếu Tố Hợp Đồng","71444"
"1833","36","Tình địch gặp mặt, ghen tuông hơn thường 04","120466"
"1834","36","Tình địch gặp mặt, ghen tuông hơn thường 05","120467"
"1835","36","Tình địch gặp mặt, ghen tuông hơn thường 06","123373"
"1836","36","Tình địch gặp mặt, ghen tuông hơn thường 07","124905"
"1837","36","Khoảnh khắc tự tin của A Lương","125353"
"1838","36","Tình địch gặp mặt, ghen tuông hơn thường 08","126081"
"1839","36","Người phụ nữ biến mất ở Bình Lạc Phường 09","126804"
"1952","46","Dự báo","114066"
"1953","47","Dự báo","107329"
"1421","12","","105769"
"1422","12","","107085"
"1423","12","","108561"
"1424","12","","110535"
"1425","12","","111987"
"1426","12","","114097"
"1427","12","","115581"
"5073","157","Tập 22 Sự cám dỗ của phó thị trưởng","8616"
"1428","12","","117230"
"1429","12","","119360"
"1430","12","","120640"
"1622","10","Chương 18: Cuộc Hẹn Bánh Mì Nướng","125045"
"5074","157","Tập 23 Ký ức mất kiểm soát","9458"
"1432","12","","123342"
"1433","12","","124296"
"1434","12","","125307"
"1435","12","","126212"
"1436","12","","127109"
"1933","44","Chương 6: Ồ, Hóa Ra Bạn Muốn Thuê Nhà","118316"
"1934","44","Chương 7: Tôi Gặp Được Anh Hùng","120134"
"1935","44","Chương 8: Nghe Tôi Nói Cảm Ơn Bạn","120347"
"1936","44","Chương 9: Xác Sống Titan","121144"
"1642","18","Dự báo: Thế giới này chỉ là một nô lệ mèo khổng lồ~","119470"
"1643","18","000 - Thần đã chết","125863"
"1606","10","Chương 3: Tìm kiếm Phong Liên Giáo","117090"
"1607","10","Chương 4: Đến Làm Loạn","117237"
"1608","10","Chương 5: Tôi Không Vào Địa Ngục, Ai Vào?","118809"
"1609","10","Chương 6: Thái Cực Quyền","119735"
"1615","10","Đơn Xin Nghỉ","122432"
"1656","21","Dự báo","125370"
"1657","21","001 Phát thanh viên Thái Tử","125531"
"1658","21","002 Khoảnh khắc thoáng qua","125534"
"5492","178","Mùa 2 Tập 53: Chương Cuối Đại Kết Cục","186"
"1659","21","003 Đừng phát ra tiếng","125517"
"1660","21","004 Chỉ vậy thôi?","125601"
"1661","21","005 Tôi sẽ chết sao?","125602"
"1662","21","006 Bệnh nhân mèo nguy hiểm","125716"
"1847","37","Chương 7 Sớm Muộn Gì Cũng Rời Xa Anh Ấy","119670"
"2142","59","016 Xâm Lược Thành Phố! Những Người Cứu Thế Tập Hợp!","125467"
"2143","59","017 Những Người Cứu Thế Thành Đô Vũ Châu Thất Bại Thảm Hại!","125575"
"2144","59","018 Làm Việc Xấu Là Không Thể Chạy!","125577"
"2145","59","019 Quá Mạnh, Toàn Quân Tập Hợp!","125908"
"2146","59","020 Chỉ Có Thần Mới Đánh Bại Được Loài Người!","125912"
"2147","59","021 Mày Gọi Mình Là Thần Goblin À?","126312"
"2148","59","022 Hành Tinh Goblin Bị Tiêu Diệt!","126611"
"2149","59","023 Trở Thành Người Cứu Thế Hạng X!","126613"
"2150","59","024 Mày Cũng Bị Hội Chứng Chuunibyou!","126973"
"2720","95","Chương 4: Cánh Tay Phải Của Thợ Thủ Công","71604"
"27384","136","Chương 1 Chương 6 Phần 1","13"
"5127","158","05 Hai việc cần báo cáo","904"
"5170","132","Quả là một trận chiến tuyệt vời","588"
"1669","21","013 Hợp đồng Thần Mèo","126276"
"1675","21","019 Đầu đạn yêu thuật","126783"
"5600","165","Chương 67: Lịch Kiếp","999"
"2989","103","Chương 46: Luân Hồi Kiếp","89260"
"2990","103","Chương 47: Ngươi Dám Ngỗ Nghịch Bản Tòa","90237"
"2991","103","Chương 48: Gia Tộc Châu Đã Diệt","90239"
"2992","103","Chương 49: Nói Rõ Giá Của Ngươi","90961"
"2993","103","Chương 50: Nữ Nhi Thiên Mệnh","90964"
"1641","17","Nhiệt Độ Tận Thế: Bạn Có Thể Cố Gắng Được Bao Lâu?","125691"
"1651","19","Dự báo","126104"
"1848","37","Chương 8 Tàn Quân Lại Đến Rồi!","119671"
"1849","37","Chương 9 Đoàn Tụ Cha Con","125308"
"1652","20","Thầm Yêu","125515"
"1653","20","Nghiên cứu","125591"
"1654","20","Chỉ đạo","125592"
"1655","20","Thần Tượng Được Yêu Thích","125750"
"2165","62","Bí Ẩn Siêu Thị London 02","112120"
"2743","96","Chương 19","71343"
"4659","178","Mùa 2 Tập 1: Cố Chấp","133"
"27385","136","Chương 1 Chương 6 Phần 2","14"
"2994","103","Chương 51: Phục Vụ Trọn Đời","91659"
"2995","103","Chương 52: Đoàn Xe Chủ Tông Thái Thượng Đã Đến","91661"
"2996","103","Chương 53: Thu Đệ Tử","92924"
"2997","103","Chương 54: Chu Thiên Tinh Quỹ Dụng","92925"
"2998","103","Chương 55: Thông Thiên Giám","94150"
"2999","103","Chương 56: Vân Ẩn Tông Muốn Ra Tay","94152"
"3002","103","Chương 59: Trước Hết Tìm Ra Lỗ Hổng","96543"
"3004","103","Chương 61: Ta Tự Có Mưu Kế","99159"
"2943","103","Dự Báo","58463"
"2944","103","Chương 01: Hệ Thống Nhỏ Hèn Mọn Quỳ Lạy Gắn Kết","60547"
"2945","103","Chương 02: Hệ Thống Tặng Vợ","60550"
"2946","103","Chương 03: Vợ Nữ Đế Dâng Hiến Bản Thân","60556"
"2948","103","Chương 05: Chủ Thể Sinh Ra Ý Đồ Sát","61377"
"2949","103","Chương 06: Hệ Thống Cẩu Có Phải Đang Lừa Tôi?","61987"
"2950","103","Chương 07: Quốc Sư Gặp Sự Cố","63454"
"2951","103","Chương 08: Toàn Tộc Đợi Tôi Cứu","63456"
"2952","103","Chương 09: Kỳ Phùng Địch Thủ","64877"
"2953","103","Chương 10: Mảnh Vỡ Thiên Đạo","64879"
"2955","103","Chương 12: Xác Sống Cũng Dám Hỗn Trước Mặt Tôi","66634"
"2956","103","Chương 13: Bố Trí Lễ Đường","67551"
"2958","103","Chương 15: Hậu Quả Gây Rối Đám Cưới Tôi","71077"
"1851","39","Dự báo","119720"
"1852","39","Tề Nguyên","119721"
"1853","39","Sư Tôn Cô Rất Đẹp","119722"
"1854","39","Đại Sư Huynh Cả Ngày Luyện Linh","119723"
"2724","96","Dự báo: CEO không tu tiên thì không phải bảo mẫu tốt","67312"
"2166","62","Bí Ẩn Siêu Thị London 03","114602"
"2168","62","Băng Đao Ba 02","116571"
"2169","62","Băng Đao Ba 03","118071"
"2170","62","Băng Đao Ba 04","119672"
"2171","62","Băng Đao Ba 05","121178"
"2173","62","Thiên Hựu Kiếm 02","123370"
"2174","62","Thiên Hựu Kiếm 03","124432"
"2175","62","Giao Diện Não-Máy Mất Kiểm Soát 01","125192"
"2176","62","Giao Diện Não-Máy Mất Kiểm Soát 02","125841"
"2177","62","Giao Diện Não-Máy Mất Kiểm Soát 03","126535"
"2178","62","Giao Diện Não-Máy Mất Kiểm Soát 04","127023"
"3836","182","003 Nhanh đi phục vụ Hoàng tử điện hạ","3"
"10300","132","Chú tìm cháu","427"
"15805","148","Chương 166: Vô song","1176"
"5604","165","Chương 71: Để Tôi Giúp Em Nhớ Lại","1025"
"1701","24","Gan Gấu? Chó Cũng Không Ăn","124462"
"1722","26","Chương 9: Nhân viên mới vào làm","115449"
"1697","24","Dự Báo","117161"
"1698","24","Xác Sống Thức Tỉnh","124368"
"1699","24","Kỳ Thi Tuyển Sinh Học Viện","124370"
"1700","24","Nông Dân và Xác Sống","124461"
"1702","24","Cuộc Chiến Để Minh Chính Cho Nông Dân","125487"
"1703","24","Khách Không Mời Trên Trang Trại","125858"
"1713","26","Dự báo: Tôi đã mạnh hơn, cũng điên cuồng hơn!","102142"
"1714","26","Chương 1: Ôi trời, tận thế đến rồi","102283"
"1715","26","Chương 2: Thăng chức tăng lương, đi làm chấm công","114753"
"1716","26","Chương 3: Người phát tờ rơi xuất sắc","114758"
"1717","26","Chương 4: Hòa thuận với đồng nghiệp rất quan trọng","114766"
"1718","26","Chương 5: Nhân tài kiểu vệ sĩ","115434"
"1736","28","Dự Báo","121124"
"1737","28","Chương 1: Tái Sinh Trong Tận Thế, Thức Tỉnh Hoàng Thiên Đế","121180"
"1738","28","Chương 2: Nguyệt Huyết Hạ Thế, Vạn Vật Dị Biến","123149"
"1739","28","Chương 3: Chiến Tranh Bóng Tối Độc Ác — Linh Hồn Bảo Hộ Bạch Tuộc","123150"
"1367","2","Dự Báo","104350"
"2286","69","Chương 1","100551"
"27386","136","Chương 1 Chương 7 Phần 1","15"
"2289","72","Bí Mật Của Tôi","100466"
"2219","64","10 Không Thể Dịu Dàng Hơn Một Chút À?","107252"
"2220","64","11 Đã Đến Lúc Trình Diễn Kỹ Năng!","110364"
"27387","136","Chương 1 Chương 7 Phần 2","16"
"2221","64","12 Anh Ấy Nói Dối À?","112754"
"2222","64","13 Đi Xem Bảo Bối Đi!","114175"
"2224","64","14 Xuất Hiện Nhân Vật Đáng Ngờ","116207"
"2225","64","15 Chơi Trò Chơi Nào!","117392"
"2226","64","16 Cậu Quá Chậm Rồi!","118985"
"2227","64","17 Nam Mami Có Mặt","119971"
"2228","64","Đơn Xin Nghỉ","120378"
"2229","64","18 Hãy Tự Bảo Trọng!","121864"
"1725","27","Tài Liệu Quảng Bá","106351"
"1726","27","Dự Báo","109996"
"1727","27","Chương 1: Ủy Ban Săn Thần","109997"
"1728","27","Chương 2: C'est la vie","110863"
"1729","27","Ngoại truyện 1: Chuyện Xưa Thổ Địa Phúc Bảo","109769"
"1730","27","Chương 3: Nghệ Thuật Đương Đại","109992"
"1731","27","Chương 4: Việc Bán Mạng","114980"
"1732","27","Chương 5: Đầu Cừu Thịt Chó","119956"
"1733","27","Chương 6: Tầng Lớp Trung Lưu?","120012"
"1734","27","Đặc Biệt: Bìa","120035"
"1735","27","Chương 7: Nặn Hồng","123859"
"1704","25","Biệt Bảo","124456"
"1705","25","Thu Thập Vỏ Vàng","124457"
"1706","25","Mộc Gối Rồng","124458"
"1707","25","Đào Mộ","125108"
"1708","25","Giếng Bảo","125113"
"1709","25","Sói Mắt Trắng","125117"
"1710","25","Mắt Cáo","125118"
"1711","25","Thủy Khố Đoàn Kết","125151"
"1712","25","Bóng Ma","125152"
"1745","29","Chương 1: Tôi chết rồi sao?","116676"
"1746","29","Chương 2: Cái lạnh thấu xương","123343"
"1747","29","Chương 3: Linh Xà bạo khởi","123344"
"2274","66","Khởi động","99642"
"2275","66","01- Kết Nối Hệ Thống","97145"
"2276","66","02- Có Tiền Có Mặt Mũi","99643"
"2277","66","03- Tấn Công Xác Sống","99644"
"2278","66","04- Công Việc Mới","99645"
"2982","103","Chương 39: Nam Vô Gia Thập Lâm","85847"
"2983","103","Chương 40: Máy Bay Không Người Lái","85862"
"5076","157","Tập 25 Liên minh bí ẩn (Phần trên)","11160"
"2984","103","Chương 41: Huyền Nguyệt Vương Triều Đầu Hàng","87295"
"3441","119","Chương 7: Lại để bọn họ chạy mất","44952"
"3444","119","Chương 10: Cố lên bạn của tôi","44954"
"3445","119","Chương 11: Tạm biệt thế giới này","50748"
"3446","119","Chương 12: Tinh thần Mặc Tử","50751"
"3447","119","Chương 13: Cứu nền văn minh thế giới","50753"
"3448","119","Chương 14: Ra trận Nam Cực","50754"
"3450","119","Chương 16: Đi Tân Cương","54208"
"3451","119","Chương 17: Cô dì","54218"
"3452","119","Chương 18: Tạm thời không thể chia lìa","58421"
"3453","119","Chương 19: Phản bội nhóm Mặc","58423"
"3454","119","Chương 20: Tôi muốn trở thành người mạnh","61179"
"3455","119","Chương 21: Anh làm gì mẹ tôi?","61756"
"3456","119","Chương 22: Công lý không được chậm trễ","65840"
"3457","119","Chương 23: Xin hãy tha thứ cho tôi","65849"
"3458","119","Chương 24: Tôi rất có duyên với bộ tộc của các bạn","65856"
"3459","119","Chương 25: Kiểm soát năng lượng thông cảm","65880"
"3460","119","Chương 26: Tăng tốc tiến độ","65905"
"3461","119","Chương 27: Đầu óc choáng váng","71181"
"3463","119","Chương 29: Đại sư Ye cứu tôi","71172"
"5077","157","Tập 25 Liên minh bí ẩn (Phần dưới)","11706"
"2279","66","05- Lén Lút Hẹn Hò","99652"
"4181","188","Khởi Chiến (Phần 1)","28168"
"2280","66","06- Ánh Sáng Chính Đạo","99648"
"2761","96","Chương 37","119330"
"3003","103","Chương 60: Luyện Thành Cơ Quan","96644"
"2281","66","07- Tạm Biệt Thân Thể Thuần Dương","99842"
"2282","66","08- Quá Quá Đà","104538"
"2283","66","09- Giám Sát Cảm Xúc","101175"
"5078","157","Tập 26 Chu trình nhân quả (Phần trên)","13177"
"2284","66","10- Tấn Công Sinh Hóa!","105866"
"2183","63","Chương 3: Tôi Có Kế Hoạch Làm Giàu","105319"
"2184","63","Chương 4: Tôi Đồng Ý Với Cuộc Hôn Nhân Này","105321"
"2185","63","Chương 5: Vị Khách Không Mời","105323"
"2186","63","Chương 6: Hợp Tác Lần Đầu","106031"
"2187","63","Chương 7: Đạt Được Hợp Tác","106515"
"2188","63","Chương 8: Mưa Núi Sắp Tới","107768"
"2189","63","Chương 9: Điều Tra Trong Rừng","109146"
"2190","63","Chương 10: Viên Đá Kỳ Lạ","110285"
"2959","103","Chương 16: Lại Có Một Đại Mỹ Nhân","71078"
"2960","103","Chương 17: Bắt Được Một Mỹ Nhân","71992"
"2961","103","Chương 18: Luôn Có Người Muốn Cướp Vợ Tôi","71993"
"2962","103","Chương 19: Vào Phòng Tân Hôn","73461"
"2963","103","Chương 20: Đêm Tân Hôn Tu Vi Tăng Mạnh","73468"
"2964","103","Chương 21: Hợp Hoan Phú Rất Phù Hợp Với Chúng Ta","74833"
"2965","103","Chương 22: Trừ Cỏ Loại Rễ Rất Cần Thiết","74836"
"2966","103","Chương 23: Đại Khai Sát Giới","75631"
"2967","103","Chương 24: Tử Phủ Tiên Thạch","75634"
"2968","103","Chương 25: Nữ Đế Và Quốc Chủ Về Thăm","77056"
"2969","103","Chương 26: Thiên Lao Bùng Nổ Sức Mạnh Mạnh Mẽ","77060"
"2970","103","Chương 27: Huyền Nguyệt Đế Mang Chúng Người Đến","78796"
"2971","103","Chương 28: Cánh Hoa Hồng","78668"
"2972","103","Chương 29: Vương Dạng Không Chịu Nổi Cám Dỗ","80139"
"2973","103","Chương 30: Thái Hư Vô Hình Quyết","80142"
"2974","103","Chương 31: Thần Ma Giảo","81260"
"2975","103","Chương 32: Uy Án Của Đỉnh Cảnh Tối Thượng","81263"
"2977","103","Chương 34: Xuất Chinh Huyền Nguyệt Vương Triều","82751"
"1751","29","Chương 7: Một trong những nữ chính tương lai","123351"
"2230","64","19 Âm Mưu Của Tiểu Thanh","122938"
"2232","64","21 Nhận Nhiệm Vụ","125572"
"2233","64","22 Con Cá Chân Dài?","127043"
"2322","86","01 Tuyết và Trăng","90417"
"2323","86","02 Tìm kiếm","90425"
"2324","86","03 Dẫn Anh Đi","91477"
"2325","86","04 Về Nhà","93442"
"2326","86","05 Thuốc","95176"
"2327","86","Ngoại truyện #1 Hiểu lầm","98834"
"2328","86","Ngoại truyện Chương Bác Sĩ Gia Đình","101946"
"2480","77","Chương 1","100256"
"2499","80","16","103843"
"2526","80","41","115120"
"2539","83","05 - Nụ Hôn Đầu Tiên","99588"
"2549","83","13 - Mèo Và Chó Săn","105928"
"5079","157","Tập 26 Chu trình nhân quả (Phần dưới)","14570"
"2556","83","19 - Anh Ơi, Chơi Với Em","112820"
"2619","90","Chương 10: Chiến Tranh Bánh Xe","87613"
"1807","34","Chương 00 Dự báo","98035"
"5080","157","Tập 27 Sói đội lốt cừu (Phần trên)","16724"
"1808","34","Chương 01 Xuyên đến thế giới thú nhân","109115"
"1809","34","Chương 2 Học viện Liên minh Quân sự Liên tinh","108955"
"1810","34","Chương 03 Chuyên ngành Chăm sóc Thể Tinh thần","108959"
"1812","34","Chương 05 Có thể gặp lại không?","111022"
"1813","34","Chương 06 Việc làm thêm không tốt","114789"
"1814","34","Chương 07 Anqiluo","119629"
"1815","34","Chương 08 Xa tôi ra!","122250"
"1781","32","000 Dự báo","113646"
"1782","32","001 Chúng ta đã tái sinh","122435"
"1783","32","002 Kiếm chút tiền “nhỏ”","122007"
"1784","32","003 Bởi vì tái sinh, nên...","122019"
"1785","32","004 Chồng ơi, nắm chặt đi!","123236"
"1786","32","005 Có duyên với phụ nữ","123270"
"1788","32","007 Cô ấy quả nhiên có ý định","123996"
"1789","32","008 Không phục thì đánh","124572"
"1790","32","009 Anh ta có bạn gái rồi!","124573"
"1791","32","010 Chào bạn cùng bệnh!","125386"
"2191","63","Chương 11: Canh Ngọt Của Bà Tang","111400"
"2192","63","Chương 12: Phượng Sơ Kính Trở Về","112773"
"2194","63","Chương 14: Nửa Thành Phẩm","114854"
"2195","63","Chương 15: Tỉnh Thức","116085"
"2196","63","Chương 16: Đối Đầu","116652"
"2197","63","Chương 17: Công Chúa Và Thân Vương","118298"
"2198","63","Chương 18: Thư Mời","119841"
"2199","63","Chương 19: Tiên Hạc","120337"
"2200","63","Chương 20: Bị Độc","121643"
"2201","63","Chương 21: Hồi Quang Phản Chiếu","122694"
"1825","35","007 Chỗ đó của em đang phản ứng với anh à?","113397"
"5081","157","Tập 27 Sói đội lốt cừu (Phần dưới)","18114"
"27388","136","Chương 1 Chương 8 Phần 1","17"
"9816","145","57 Kẻ Hỗ Trợ Chu Chết - Phần 1","942"
"1797","33","Dự báo: Ra mắt ngày 19 tháng 10","117466"
"1798","33","001 Anh đang thèm thân thể em à?","114107"
"1800","33","003 Chủ động lao vào vòng tay anh~","117468"
"1802","33","005 Em chính là người trong tim anh","117630"
"1803","33","006 Ghen","122666"
"1804","33","007 Sắp bị xử tử","122667"
"1805","33","008 Đối mặt trong đám cháy","124418"
"1806","33","009 Em thật sự có thể tin anh không?","125852"
"1818","35","Dự báo Sắp ra mắt","107608"
"1819","35","001 Ừm... ừm a... ha...","104882"
"1820","35","002 Ai có thể đến cứu tôi","107609"
"1821","35","003 Đêm khuya bỗng mơ về chuyện tuổi trẻ","107610"
"1822","35","004 Bé yêu, em đang sợ gì vậy?","108698"
"1823","35","005 Buông ra... anh làm em đau rồi","108715"
"1824","35","006 Em là XX ngoan ngoãn nhất của anh","108794"
"1826","35","008 Sao em lại làm dính hết lên tay anh vậy?","114540"
"1840","37","Dự báo","97819"
"1841","37","Chương 1 Hoán Đổi Linh Hồn","109440"
"1842","37","Chương 2 Đêm Nhục Nhã","109982"
"1843","37","Chương 3 Bị Đổ Tội","108907"
"5082","157","Tập 28 Tin nhắn chưa gửi (Phần trên)","19335"
"2202","63","Chương 22: A Thanh","123584"
"2203","63","Chương 23: Tự Do","124216"
"2204","63","Chương 24: Trời Quang Mây Tạnh","125049"
"2205","63","Chương 25: Quy Nguyên Tán","125640"
"2206","63","Đơn Xin Nghỉ","126040"
"2207","63","Chương 26: Liệu Trị","126771"
"2304","85","11 Đối Thủ","103310"
"2305","85","12 Phạm Quy","103311"
"2306","85","13 Bình Tĩnh","103312"
"2307","85","14 Chụp Lén","103313"
"2308","85","15 Chuyển Trường","104722"
"2309","85","16 Uống Rượu","106159"
"2978","103","Chương 35: Nữ Đế Thề Nguyện","82752"
"1816","34","Chương 09 Tinh anh của Học viện Y","122263"
"2979","103","Chương 36: Vương Dạng Dẫn Đầu Xuất Chinh","82755"
"2980","103","Chương 37: Địch Phương Có Ba Trăm Nghìn Đại Quân","84957"
"2981","103","Chương 38: Nổ Tung Cao Nguyệt Lâm","84962"
"3272","116","Ngày 13 tháng 7! Ra mắt!","44968"
"3273","116","01 Ác Mộng Thần Dã (Phần 1)","44971"
"3274","116","02 Ác Mộng Thần Dã (Phần 2)","44972"
"3275","116","03 Chăm Sóc Ba Cháu Gái Của Cậu Bảy","44973"
"3276","116","04 Không Mặc Đồ Nữ Thật Đáng Tiếc","44988"
"3277","116","05 Ai Mà Chịu Nổi Chuyện Này?","45997"
"3279","116","07 Cái Này Xem Miễn Phí Thật À?","48309"
"3280","116","08 Kỹ Thuật Này Lại Khiến Tôi Rạo Rực?","48315"
"3281","116","09 Đồ Hòa Thượng Sáu Căn Không Thanh Tịnh!","49640"
"3282","116","10 Đại Hòa Thượng Có Sóng Ở Đâu Ra?","49646"
"3283","116","11 Vô Ngã Tướng, Vô Chúng Sinh Tướng","50956"
"3284","116","12 Cảm Giác Này Thật Phi Thường","50958"
"3285","116","13 Hãy Tin Vào Khoa Học","52253"
"1828","36","[Dự báo] Chính thức ra mắt ngày 18 tháng 10","120463"
"2310","85","17 Trà Xanh","108169"
"2311","85","18 Đỗ Xe","110575"
"2312","85","19 Trễ Giờ","112968"
"1829","36","Hoạt động rút thăm","120597"
"2313","85","20 Bạc Hà","115253"
"2314","85","21 Không Có","117353"
"2315","85","22 Dị Loại","119887"
"2316","85","23 Nhân Chứng","121653"
"2317","85","24 Hợp Tác","123574"
"2318","85","25 Hoa Khôi","125016"
"3005","103","Chương 62: Hệ Thống Cẩu Lại Muốn Làm Gì?","100017"
"3006","103","Chương 63: Huyền Lễ Thư Mạng","100917"
"3007","103","Chương 64: Hồng Văn Thịnh Hội","101480"
"3008","103","Chương 65: Tô Vũ Phù Sinh Giới","102274"
"3009","103","Chương 66: Ngoài Một Ngày, Trong Mười Năm","102902"
"3287","116","15 Trong Mơ Cũng Có Yêu Quái","53368"
"3288","116","16 Thần Dã Hoang Dã Đến Mức Nào?","53370"
"3289","116","17 Đồ Đồ Con Rùa","54099"
"3290","116","18 Bị Tát Vào Mặt Rồi Đấy","54100"
"3291","116","19 Wow! Truyền Thuyết Vàng!","55303"
"3292","116","20 Có Ngầu Không?","55342"
"3464","119","Chương 30: Mau thả người ra","71173"
"3465","119","Chương 31: Tôi thua rồi","75664"
"3466","119","Chương 32: Không ai ngăn được tôi yêu bạn","75665"
"3468","119","Chương 34: Thay đổi chóng mặt","78331"
"5836","148","Chương 228: Đáp trả từng chiêu","2643"
"3469","119","Chương 35: Cổ Nghệ sống sót","78337"
"3470","119","Chương 36: Ác giả ác báo","80801"
"2319","85","26 Dừng Bước","126183"
"2572","84","001 Vực Thẳm","95688"
"2820","97","044 Yêu Em Mãi Mãi","122520"
"2717","95","Chương 1: Mở Đầu Đã Gãy Tay","71586"
"2718","95","Chương 2: Bắn Vào Tôi","71589"
"2719","95","Chương 3: Nhiệm Vụ Người Mới","71592"
"2721","95","Chương 5: Lần Đầu Vào Phố Đen","71608"
"2722","95","Chương 6: Bị Gài Bẫy","71618"
"2723","95","Mở Nhóm Độc Giả~","76643"
"2828","98","Xem trước nhân vật~","64135"
"2813","97","039 Phục Kích","115121"
"2814","97","040 Kế Hoạch Thành Công","115820"
"2597","84","026 Quả Nào Cũng Rất Đàn Hồi","113086"
"2598","84","027 Phán Xét Thiên Thần (Kết Thúc Mùa 1)","115300"
"2235","65","Giới Thiệu Nhân Vật","103546"
"2236","65","01","104278"
"2237","65","02","104296"
"2238","65","03","104299"
"2239","65","04","104964"
"2240","65","05","104965"
"2241","65","06","105723"
"2242","65","07","105750"
"5083","157","Tập 28 Tin nhắn chưa gửi (Phần dưới)","20178"
"2243","65","08","106382"
"2244","65","09","106386"
"2245","65","10","107460"
"2246","65","11","107464"
"2247","65","12","108679"
"2248","65","13","108680"
"2249","65","14","109750"
"2250","65","15","109757"
"2251","65","16","110810"
"2252","65","17","110811"
"5085","157","Tập 29 Người bảo vệ mèo (Phần dưới)","23246"
"2253","65","18","111986"
"2254","65","19","112816"
"2255","65","20","113315"
"2256","65","21","113332"
"2258","65","23","115219"
"2259","65","24","115524"
"1903","42","Chương 9: Chỗ Dựa","122484"
"3293","116","21 Thiết Sơn Kháo Đáng Sợ Thật","56444"
"3294","116","22 Ký Hợp Đồng Bán Thân?","56446"
"3295","116","23 Ánh Sáng Chính Đạo","57357"
"3296","116","24 Này! Ăn Kiếm Của Ta!","57358"
"1868","40","Dự báo","90490"
"1893","42","Dự báo! Chính thức ra mắt ngày 1 tháng 10!","117154"
"1894","42","Mở đầu","118878"
"1895","42","001: Trở thành Đệ Tử Ngoại Môn","118881"
"1896","42","02: Ta Trở Thành Mục Tiêu Công Kích Của Mọi Người!","118883"
"1897","42","003: Chiếc Gương","118885"
"1898","42","004: Kẻ Thù Của Lông Dài","118886"
"1899","42","005: Khu Vực Công Khai Cấp Thấp","119687"
"4205","188","Bão (Phần 2)","35273"
"2260","65","25","115525"
"2261","65","26","116374"
"2262","65","27","116396"
"2263","65","28","117572"
"2264","65","29","117578"
"2265","65","30","117811"
"5086","157","Tập 30 Dây leo đi bộ (Phần trên)","24102"
"2266","65","31","117812"
"2267","65","32","117813"
"2268","65","33","117814"
"2269","65","34","120117"
"2270","65","35","120574"
"2271","65","36","121972"
"2272","65","37","122174"
"2273","65","38","122965"
"2648","91","Tập 01: Hệ thống nghìn tỷ tài nguyên thức tỉnh","83754"
"2418","88","Chương 4: Đêm Louvre","87276"
"2419","88","Giới Thiệu Nhân Vật Lượng Tử Huyễn Tưởng (Cập Nhật Liên Tục)","87689"
"2420","88","Chương 5: Thí Nghiệm Bí Mật","88681"
"2421","88","Chương 6: Bí Ẩn Bệnh Viện Thanh Sơn","89166"
"2422","88","Chương 7: Người Thức Tỉnh Não Lượng Tử","89599"
"2424","88","Nhanh Đến Gặp Tôi: Ngày Ưu Đãi Fan","90418"
"1887","41","Tập 007: Tôi Không Muốn Chết, Giúp Tôi!!","123206"
"5087","157","Tập 30 Dây leo đi bộ (Phần giữa)","24124"
"1880","41","Tập 000: Dự báo","118986"
"1881","41","Tập 001: Rắn Tham Ăn","119370"
"1882","41","Tập 002: Boss Tuyệt Đối Bất Bại","119379"
"1883","41","Tập 003: Từ Chối Bắt Đầu Nhiệm Vụ Ẩn","119381"
"1884","41","Tập 004: Sao Chép Mã","120033"
"1885","41","Tập 005: Quét Mìn","121288"
"1886","41","Tập 006: Khai Phá Lợi Nhuận","122467"
"1888","41","Tập 008: Mìn Di Động","123931"
"1889","41","Tập 009: Hành Lang","124537"
"1891","41","Tập 011: Chờ ""Cứu Hộ""??","125892"
"1892","41","Tập 012: Vương Thú vs Nữ Hoàng Kiến","126531"
"1914","43","Dự Báo Liên Động","110903"
"1915","43","01 Cậu Bé Phục Hồi Linh Khí","119017"
"1916","43","02 Trận Chiến Đầu Tiên","119019"
"2636","90","Chương 27: Đuổi Kịp Rồi","96101"
"2693","92","Dự báo","81398"
"2702","92","Chương 09: Đánh Tơi Tả Tiểu Tam","85135"
"2333","87","3 Ác Ma Hồng Nhãn","87845"
"2335","87","5 Đao Gió Kiếm Sương","89035"
"2336","87","6 Dao Chặt Củi","87853"
"2337","87","7 Đứa Con Được Các Vì Sao Che Chở","87868"
"2338","87","8 Nỗi Nhớ Không Tắt","87869"
"2339","87","9 Mã Liệt","87872"
"2340","87","10 Người Trong Bóng Tối","87904"
"2342","87","12 Dùng Thân Mình Nuôi Ma","89029"
"2343","87","13 Lệnh Trừ Khử","87946"
"2344","87","14 Những Đứa Trẻ","87965"
"2345","87","15 Vần Điệu Bạc","87972"
"2346","87","16 Đột Kích Đêm","87988"
"2347","87","17 Ta Sẽ Giết Ngươi","87992"
"2348","87","18 Mũi Tên Gãy","87998"
"2349","87","19 Chia Tay","88049"
"2350","87","20 Giấc Mơ Vàng","88052"
"2352","87","22 Dư Tàn (Phần Trước)","88079"
"2353","87","23 Dư Tàn (Phần Sau)","89030"
"2354","87","24 Rực Rỡ Ngôi Sao Này, Vết Thương Trong Tim Tôi","88112"
"2356","87","26 Không Biết Lòng","89031"
"2357","87","27 Thân Bất Tử","88192"
"2358","87","28 Chó Con","88197"
"2359","87","29 Độc Ác Rất Đẹp","89032"
"2360","87","30 Khóc Thầm","88232"
"2361","87","31 (Phần Trước) Đêm Điên Máu","88337"
"2362","87","32 (Phần Sau) Đêm Điên Máu","88338"
"2363","87","33 Kết Liên Minh Nào!","88340"
"2364","87","34 Có Ma! Mau Chạy!","88341"
"1920","43","06 Đế Tạo Ngũ Sao","122513"
"1927","44","Dự Báo","117541"
"1928","44","Chương 1: Tôi Đã Giúp Bạn Rồi","117381"
"1929","44","Chương 2: Đây Là Hành Động Rất Cầu Kỳ","117542"
"1930","44","Chương 3: Sương Chi Ai Thương","117543"
"1931","44","Chương 4: Rốt Cuộc Ai Mới Là Người Không Phân Biệt Được Thực Tế?","117544"
"1932","44","Chương 5: Tôi Học Ở Thư Viện","118315"
"2425","88","Chương 9: Người Phụ Nữ Bí Ẩn","90795"
"2426","88","Chương 10: Ngũ Giới Phật Giáo","91193"
"2427","88","Chương 11: Tấm Lòng Phật Trong Dòng Thời Gian","91665"
"2428","88","Chương 12: Thú Cưng của Kailin","91861"
"2429","88","Chương 13: Tàu Thương Mại Danh Dự","92695"
"2430","88","Chương 14: Rạn Nứt Tường Biển","93148"
"2431","88","Chương 15: Người Dệt Lượng Tử","94106"
"2432","88","Tôi đến để xin lỗi!!!","94653"
"2434","88","Chương 17: Bản Thân Tuổi Thơ","95796"
"2435","88","Chương 18: Tôi Đã Hứa Với Bạn","96149"
"2436","88","Xin Hãy Theo Dõi: Cuộc Thi Mỏ Vàng Mỏ Bạc Đang Đến","96356"
"2437","88","Chương 19: Đi Con Đường Của Mình","96437"
"2438","88","Chương 20: Tình Cha Và Quyết Tâm","96830"
"5088","157","Tập 30 Dây leo đi bộ (Phần dưới)","24126"
"2844","99","05 - Người hay mô-êm?","84737"
"1975","50","Chương 4","113411"
"2032","45","Dự báo: Ra mắt ngày 12 tháng 9!","104320"
"5089","157","Tập 30 Dây leo đi bộ (Hoàn)","24128"
"3297","116","25 Ta Đập Nát Đầu Mày","58091"
"3298","116","26 Ta Lật Tay Giết Thần","58093"
"1963","49","Chương 1","113152"
"1972","50","Chương 1","113151"
"1973","50","Chương 2","113407"
"1974","50","Chương 3","113409"
"1976","50","Chương 5","113413"
"1977","50","Chương 6","113415"
"1978","50","Chương 7","113417"
"1979","50","Chương 8","113419"
"1980","50","Chương 9","113421"
"2033","45","Chương 1: Nghi vấn giấc ngủ sâu","113896"
"2034","45","Chương 2: Trật đường ray","113897"
"2036","45","Chương 4: Phúc vận","116002"
"2037","45","Chương 5: Tuyến đường không tồn tại","116004"
"2038","45","Chương 6: Vượt ngoài tầm với","118211"
"2039","45","Chương 7: Khách đến thăm","119732"
"2040","45","Chương 8: Cừu trắng","120287"
"2439","88","Thông Báo: Ai Không Trúng Thưởng Hãy Đến Tìm Tôi","97319"
"2440","88","Chương 21: Điêu Khắc Gỗ Họa Rồng","97574"
"2441","88","Chương 22: Mọi Khả Năng Của Bạn","97780"
"2442","88","Chương 23: Hạt Nhân Võ Cực","97785"
"2443","88","Chương 24: Mã Năng Lượng Vũ Trụ","97789"
"2444","88","Chương 25: Tất Cả Dâng Cho Đấng Tạo Hóa","97790"
"15811","148","Chương 172: Xé toạc","1344"
"2445","88","Chúng Tôi Đã Chuyển Sang Cập Nhật Hàng Tuần! Nghỉ Ngơi Một Chút~","99620"
"2446","88","Chương 26: Người Khổng Lồ Lượng Tử","100067"
"2447","88","Chương 27: Mắt Thần Thiên","100858"
"1998","52","Chương 7","113264"
"27394","136","Chương 1 Chương 10 Phần 1","23"
"1981","51","Chương 1","113149"
"1982","51","Chương 2","113255"
"1983","51","Chương 3","113258"
"1984","51","Chương 4","113260"
"1985","51","Chương 5","113263"
"1986","51","Chương 6","113265"
"1987","51","Chương 7","113267"
"1992","52","Chương 1","113150"
"1993","52","Chương 2","113256"
"1994","52","Chương 3","113257"
"1995","52","Chương 4","113259"
"1996","52","Chương 5","113261"
"1997","52","Chương 6","113262"
"2000","52","Chương 9","113268"
"2001","52","Chương 10","113270"
"2002","52","Chương 11","113273"
"2003","52","Chương 12","113274"
"2004","53","Chương 1","112681"
"2005","53","Chương 2","113057"
"2006","53","Chương 3","113060"
"2007","53","Chương 4","113062"
"2008","53","Chương 5","113064"
"2009","53","Chương 6","113066"
"2010","53","Chương 7","113068"
"2011","53","Chương 8","113070"
"2012","53","Chương 9","113072"
"2013","53","Chương 10","113074"
"2014","53","Chương 11","113076"
"2018","54","Chương 1","112262"
"5090","157","Tập 31 Câu chuyện mới chỉ bắt đầu! (Phần trên)","25692"
"2448","88","Chương 28: Điêu Khắc Gỗ Họa Rồng Thứ Hai","101521"
"2449","88","Chương 29: A Nhân, Mau Về Đi","102456"
"2450","88","Chương 30: Phong Ấn","102964"
"2451","88","Chương 31: Trở Về","103702"
"2453","88","Rất Quan Trọng: Vấn Đề Giao Giải Thưởng Bỏ Phiếu Tháng 5","104323"
"2454","88","Chương 32: Sức Mạnh Thật Sự Của Mâu Yunus","104511"
"2455","88","Chương 33: Quyết Chiến","105200"
"2456","88","Chương 34: Ai Lại Ni","106010"
"2457","88","Chương 35: Bản Thân Đã Là Bạn Bè","106114"
"2458","88","Chương 36: Ảo Thuật Lượng Tử","106720"
"2459","88","Chương 37: Quá Nóng Vội","107733"
"2462","88","Chương 40: Nghỉ Ngơi","111280"
"2463","88","Chương 41: Cục Điều Tra Siêu Não Lượng Tử","112633"
"2464","88","Chương 42: Ngâm Nói Lượng Tử","113729"
"2465","88","Chương 43: Cậu Làm Hỏng Nhiệm Vụ Của Tôi","114788"
"2466","88","Chương 44: Khủng Hoảng Bên Hồ","115915"
"2467","88","Chương 45: Tôi Nhất Định Sẽ Mạnh Mẽ Hơn","116777"
"2468","88","Chương 46: Marianne","118364"
"10880","132","Làm người theo bản chất, làm việc theo vai trò.","15034"
"3299","116","27 Một Hai Ba Người Cá Gỗ","59899"
"2580","84","009 Thần Chiến Ở Ổ Chuột","99658"
"2581","84","010 Quái Vật Của Tôi Trở Thành Thần?","100682"
"2582","84","011 Trở Về Từ Vực Thẳm","101149"
"2050","55","Luyện Đan Thân Người","111212"
"2051","55","Máy Đóng Cọc Hình Người","112907"
"2052","55","Đạo Cô Không Dùng Súng","112910"
"2053","55","Tại Sao Tôi Không Thể Phong Thần?","112913"
"2054","55","Sức Mạnh Linh Khí Thế Giới Uy Hiếp","112914"
"2055","55","Đạo Cô Xuất Gia","112917"
"2056","55","Người Cắn Xác Sống","112950"
"2057","55","Dệt May Hành Sơn","113384"
"2058","55","Tôi Cũng Là Man Di","113643"
"2059","55","Bảo Nguyên Chân Nhân","113644"
"2469","88","Chương 47: Dị Nguyên Thể","118922"
"2470","88","Chương 48: Tâm Vực Lượng Tử","118982"
"2471","88","Chương 49: Trung Giới","121208"
"27395","136","Chương 1 Chương 10 Phần 2","24"
"2472","88","Chương 50: Thực Tập Viên Thám Tử","122543"
"2473","88","Chương 51: Con Gái","123294"
"2476","88","Chương 54: Rượu Ủ Kaheti","125395"
"2477","88","Chương 55: Cửa Sổ Mười Hai Giờ","125923"
"2478","88","Triệu Tập Khẩn! A Nhân Gọi Bạn Cũ Về Nhà","126280"
"2093","57","Chương 10","111536"
"2583","84","012 Ngày Tận Thế Có Thể Đấu Giá Gì?","101151"
"2584","84","013 Chỉ Là Đùa Tâm Trạng Mày Mà","101154"
"2585","84","014 Người Trong Bẫy","102122"
"2586","84","015 Một Ngày Của Đứa Trẻ Ngoan Lin Yuan","102123"
"2587","84","016 Chủ Mới","102124"
"2588","84","017 Bắt Đầu Kỳ Thi Thức Tỉnh","102125"
"2589","84","018 Đệ Tử Quá Yếu, Tôi Chỉ Đang Bảo Vệ Anh Ấy","104639"
"2590","84","019 Bắt Quái Vật Dị Chủng","104533"
"2591","84","020 Lấy Người Thức Tỉnh Làm Mồi Nuôi","105992"
"2592","84","021 Dị Tai Giáng Lâm","106116"
"2593","84","022 Tiểu Bạch Diện Lọt Vào Top 10?","108147"
"2594","84","023 Tôi Chỉ Muốn Ăn Bám","108148"
"2595","84","024 Yếu Đuối Không Chịu Nổi","110357"
"2596","84","025 Thiên Thần Sát Thủ","111173"
"2698","92","Chương 05: Ông Lão Bí Ẩn","83778"
"2699","92","Chương 06: Thái Dật Thần Châm","83779"
"2700","92","Chương 07: Lưu Viễn Hồng Bái Sư","83780"
"2084","57","Chương 1","111103"
"2085","57","Chương 2","111517"
"2086","57","Chương 3","111520"
"2087","57","Chương 4","111522"
"2088","57","Chương 5","111524"
"2089","57","Chương 6","111526"
"2090","57","Chương 7","111528"
"2091","57","Chương 8","111530"
"2092","57","Chương 9","111533"
"2094","57","Chương 11","111539"
"2162","62","Hồi ức","105900"
"5091","157","Tập 31 Câu chuyện mới chỉ bắt đầu! (Phần giữa)","26835"
"2163","62","Ảo Tưởng Lạc Viên","107581"
"2164","62","Bí Ẩn Siêu Thị London 01","107636"
"2479","88","Chương 56: Căn Cứ Vũ Trang Sa Er Ji Si","126637"
"2830","98","Danh tính","66004"
"8000","184","Chương 14: Đền Bù Tài Sản Gia Đình Tôi!","1908"
"5092","157","Tập 31 Câu chuyện mới chỉ bắt đầu! (Phần dưới)","27480"
"5093","157","Tập 31 Câu chuyện mới chỉ bắt đầu! (Hoàn)","28423"
"5094","157","Tập 32 Niya (Phần trên)","29106"
"5095","157","Tập 32 Niya (Phần dưới)","29107"
"5096","157","Tập 33 Giờ phút tăm tối nhất","30901"
"5097","157","Tập 34 Pháp thiên tượng địa (Phần trên)","30902"
"5672","166","Bành Hầu","2169"
"10213","132","Vấn đề biến thân của hai anh em Huyền Vũ","338"
"5098","157","Tập 34 Pháp thiên tượng địa (Phần dưới)","32026"
"5099","157","Tập 35 Thú bị mắc kẹt (Phần trên)","33121"
"4198","188","Người Chim (Phần 2)","33099"
"4199","188","Cược (Phần 1)","33466"
"4238","188","Hài Hước","48013"
"4298","188","Keo kiệt (Phần trên)","73391"
"4302","188","Cân bằng Răn đe (Phần giữa)","74807"
"4330","188","Trận xay thịt (Sáu)","87502"
"5100","157","Tập 35 Thú bị mắc kẹt (Phần giữa)","33942"
"4375","188","Thông Báo Xổ Số","102789"
"1568","11","003 Cậu hoàn toàn không biết cách dạy người khác","111429"
"1575","11","010 Tôi đang sợ cái chết của anh ấy","119744"
"1827","35","009 Bị phát hiện ""cất cánh"" trước tấm ảnh","118324"
"1857","39","Cấm Địa? Leo Thang Mới Vào Được","121327"
"2069","55","Sát Thủ Phàm Nhân","124739"
"2097","58","Chương 1: Du Hành Thời Gian! Trở Thành Anh Hùng!","107338"
"8023","140","Hỏi Và Đáp","2076"
"2119","58","Chương 23: Huyết Thuật Sư","122830"
"2096","58","Thông Báo Ra Mắt","106406"
"4206","188","Quyết Đê","35532"
"10214","132","Một khi đến năm mới, tiếng nói của người đó luôn vang vọng trong lòng tôi","340"
"5101","157","Tập 35 Thú bị mắc kẹt (Phần dưới)","34753"
"2126","59","Dự Báo Tác Phẩm Mới!!","107536"
"2127","59","001 Thế Giới Biến Động! Nhưng Cực Đối Lập!","121636"
"2128","59","002 Phụ Bản Ác Mộng! Nhớ Lấy Tên Tôi","121637"
"2129","59","003 Chính Nghĩa và Ác Ý! Thiên Tài và Phi Thường!","121639"
"2365","87","35 Họ Đã Lừa Bạn Suốt Mười Một Năm","88351"
"2366","87","36 Giữa Gió Tuyết, Giữa Tôi Và Bạn","88366"
"2152","61","Phòng Tắm","102905"
"2367","87","37 Xe Vua","88385"
"2369","87","39 (Phần Trước) Gầm! Gầm!","88448"
"2370","87","40 (Phần Sau) Gầm! Gầm!","88474"
"2372","87","42 Đối Đầu","88494"
"2374","87","44 Không Bằng Đồ Vật","88618"
"2375","87","45 Diều Bay Đêm","88621"
"2376","87","46 Trên Đời Không Có Bữa Trưa Miễn Phí","88778"
"2377","87","47 Cô Ấy Tốt Hơn Bạn","88779"
"2378","87","48 Ai Bảo Bạn Là Phụ Nữ","88802"
"2379","87","49 Da Đen Hay Vịt Hầm","88803"
"2380","87","50 Bảo Vệ Truyền Thừa","88806"
"2381","87","51 Thủ Đô Thương Mại Lưu Động","88809"
"2383","87","53 Ba Câu Nói Đánh Động Thành Chủ","88829"
"2384","87","54 Đối Thủ Lại Chính Là Anh Ấy?!","88831"
"2386","87","56 Phản Công!","88842"
"2387","87","57 Một Yêu Cầu Nhỏ","88848"
"2388","87","58 (1) Cầu Đồng Tồn Dị","88906"
"2389","87","58 (2) Cầu Đồng Tồn Dị","89693"
"2390","87","58 (3) Cầu Đồng Tồn Dị","90488"
"2391","87","59 (1) Bạn Hiểu Nấu Ăn","91166"
"2392","87","59 (2) Bạn Hiểu Nấu Ăn","92103"
"2394","87","60 (1) Ai Đánh Tôi Đầy Đầu Vết Bầm","96134"
"2395","87","60 (2) Ai Đánh Tôi Đầy Đầu Vết Bầm","96972"
"2396","87","61 Sa Và Tơ (1)","99365"
"2157","61","Quẻ Thứ Tư","110415"
"2179","63","Thiết Kế Nhân Vật","102287"
"2180","63","Dự Báo","103423"
"2182","63","Chương 2: Một Vé Bò Vàng","105317"
"5102","157","Tập 36 Cú đấm chết người (Phần trên)","35729"
"5103","157","Tập 36 Cú đấm chết người (Phần giữa)","36509"
"2701","92","Chương 08: Đem Bữa Sáng Cho Em","85134"
"2703","92","Chương 10: Sự Thật Về Thảm Sát Gia Tộc Diệp","86863"
"2704","92","Chương 11: Chuỗi Hạt Phật Máu Đỏ","86866"
"2397","87","Bác Bỏ Tin Đồn!","100070"
"2398","87","61 Sa Và Tơ (2)","100251"
"2399","87","62 Một Việc Đúng","102389"
"2400","87","62 Một Việc Đúng (Phần Sau)","103233"
"2401","87","63 Quan Hệ Chủ-Tớ","105357"
"2402","87","63 Quan Hệ Chủ-Tớ (Phần Sau)","105996"
"2403","87","64 (Phần Trước) Hận Thù Xưa","108015"
"2404","87","64 (Phần Sau)","110314"
"2405","87","65 (Phần Trước) Linh Hoạt, Linh Hoạt","112804"
"2406","87","65 (Phần Sau) Linh Hoạt, Linh Hoạt","115020"
"2407","87","66 (Phần Trước) Lương Tâm? Bao Nhiêu Tiền?","117176"
"2408","87","66 (Phần Sau) Lương Tâm? Bao Nhiêu Tiền?","119700"
"2410","87","67 (Phần Sau) Một Hạt Mũi Đánh Bại Bạn","123404"
"2413","87","Nghỉ Xuất Bản 1 Tuần Tặng Ảnh Đẹp","126776"
"2735","96","Chương 11","71175"
"2749","96","Chương 25","81117"
"2750","96","Chương 26","81133"
"2976","103","Chương 33: Tình Trạng Linh Thể Hệ Thống Bất Thường","82744"
"3000","103","Chương 57: Phong Cấm Sơn Môn","95332"
"3001","103","Chương 58: Lão Đăng, Chỉ Có Thế À?","95336"
"3174","108","02 Kẻ Săn Mồi","54364"
"3184","109","Sinh Ra Là Nô Lệ","55095"
"3202","110","Tập 12 Tìm việc","75471"
"3203","110","Tập 13 Phim kinh dị","76586"
"3247","115","Chương 4","47016"
"3338","117","29 Phí cảm ơn cho sự nổi tiếng qua đêm","59103"
"3402","120","03 Vết Thương Cuối Cùng Đã Lành, Liệu Có Thuận Lợi Thế Này?","42334"
"5104","157","Tập 36 Cú đấm chết người (Phần dưới)","37109"
"5105","157","Tập 37 Con tàu của Theseus","38006"
"5106","157","Tập 38 ASH","38859"
"5107","157","Tập 39 Lời thề hoa diên vĩ","41224"
"5465","178","Mùa 2 Tập 27: Con Tốt","159"
"10879","132","Nhìn dễ, lái mới khó.","13843"
"27396","136","Chương 1 Chương 10 Phần 3","25"
"27397","136","Chương 1 Chương 11 Phần 1","26"
"5690","166","Sự thật (Phần 1)","3186"
"15816","148","Chương 177: Vạn người chú ý","1471"
"2705","92","Chương 12: Cứu Người","87539"
"2706","92","Chương 13: Dùng Kim Khí Vận","87540"
"2707","92","Chương 14: Cái Chết Kỳ Lạ","88914"
"2708","92","Chương 15: Camera Giám Sát Hỏng","88916"
"2709","92","Chương 16: Bắt Nhầm Người?!","89539"
"2710","92","Chương 17: Người Đánh Là Tôi","89540"
"3471","119","Chương 37: Tình cảm thuần khiết","80803"
"3473","119","Chương 39: Chúng ta hòa nhau rồi","80806"
"3475","119","Chương 41: Cô ấy ở bên tôi","88614"
"3476","119","Chương 42: Bình đẳng suốt đời","90002"
"3477","119","Chương 43: Thức tỉnh đại ái","90003"
"3478","119","Chương 44: Bắt đầu tỉnh giấc","91749"
"3479","119","Chương 45: Họ còn là người không?","91752"
"3480","119","Chương 46: Gặp phục kích","91754"
"3481","119","Chương 47: Mục tiêu xuất hiện","95592"
"3482","119","Chương 48: Nhiều năm không gặp","95595"
"3483","119","Chương 49: Họ muốn giết tôi","98902"
"3300","116","28 Vừa Vặn Đúng Gu","59904"
"3484","119","Chương 50: Gặp phục kích","99655"
"2167","62","Băng Đao Ba 01","115999"
"2856","101","008 Đoàn trưởng quyết đấu, truy kích tiếng vang","71898"
"2859","101","011 Mũi tên cuối cùng, đồng đội tập hợp","75525"
"2172","62","Thiên Hựu Kiếm 01","122646"
"3903","132","Ngày mùng chín, rượu hoa vàng, leo cao gặp bạn xưa.","2969"
"27398","136","Chương 1 Chương 11 Phần 2","27"
"7747","187","Chương 68: Chắc Chắn Là Cậu!","1170"
"5488","178","Mùa 2 Tập 49: Đồ Điên","182"
"4745","182","001 Một nụ hôn có thể xảy ra chuyện gì chứ?","1"
"10304","132","Mẹ củ sen","431"
"10302","132","Hạt dẻ rang không có sâu","429"
"8159","132","Bạn cùng phòng tốt rất hiếm, mọi người phải trân trọng","593"
"3844","185","Thông Báo Về Việc Trì Hoãn","11"
"7742","180","Chương 242: Phá kén (Phần 1)","1071"
"5108","157","Tập 40 Nguyên tắc","42128"
"5109","157","Tập 41 Tù nhân chờ chịu tội","42773"
"5110","157","Tập 42 Hồn ma không tan","44695"
"5111","157","Tập 43 Nạn nhân thứ 79","46307"
"5112","157","Tập 44 Sự lựa chọn","47851"
"5113","157","Tập 45 Thiện và ác","48987"
"5114","157","Tập 46 Pháp và lý","50166"
"5115","157","Tập 47 Tội và phạt","51391"
"5116","157","Tập 48 Khúc ca của nữ hoàng đêm","52525"
"9826","145","62 Tổ Hợp Mộc Hỏa Cực Thượng Mạnh Mẽ - Phần 1","1224"
"15824","148","Chương 185: Mắt u minh","1628"
"15825","148","Chương 186: Vương đối vương","1653"
"2208","64","Thiết Kế Nhân Vật","102276"
"2209","64","Dự Báo","104069"
"2210","64","01 Đại Sư, Có Việc Rồi!","104075"
"2211","64","02 Gặp Phải Kẻ Lừa Đảo?!","104080"
"2212","64","03 Cách Để Bạn 'Nhìn Thấy'","104082"
"2213","64","04 Muốn Ở Cùng Nhau Không?","104086"
"2214","64","05 Cuối Cùng Cũng Ngủ Được Một Giấc Ngon!","104088"
"2215","64","06 Nhận Nhiệm Vụ Mới","104091"
"2216","64","07 Cảm Giác An Tâm Chết Tiệt Này","104117"
"2218","64","09 Ăn Vào Có Vấn Đề Gì Không?","104126"
"2217","64","08 Tiểu Cẩu Mất Hồn?","104119"
"2223","64","Ngoại Truyện 01 Sau Khi Tiểu Cẩu Ngất Đi...","115066"
"2231","64","20 Truyền Thuyết Nàng Tiên Cá","124308"
"5191","187","Chương 34: Sao mày béo thế!","783"
"27399","136","Chương 1 Chương 12 Phần 1","28"
"15800","148","Chương 161: Kỹ năng làm kinh ngạc bốn phương","963"
"5117","157","Tập 49 Đồng minh ba mặt","53544"
"5118","157","Tập 50 Uy lực của Hess","54362"
"5119","157","Tập 51 Hela","55716"
"5120","157","Tập 52 Kết thúc cũng là khởi đầu","56733"
"15813","148","Chương 174: Hề","1395"
"5121","157","Linh Lung · Truyền Kỳ Nguyệt Khôi ""Nghịch mệnh · Nghiệt kiếp"" chương kết thúc thông báo","57491"
"2060","55","Tôi Nghĩ Tôi Có Thể Đoạt Xác Cô Ấy!","113645"
"15830","148","Chương 191: Cái chết của Dạ Ca","1749"
"15831","148","Chương 192: Lữ Bố không biết bay","1787"
"15832","148","Chương 193: Kết thúc đại chiến","1789"
"10205","132","Thiện ác có báo, thiên đạo tốt luân hồi. ​​​","329"
"10206","132","Phong cách rock? Phong cách cổ điển? Hay chỉ là điên rồ? ​","330"
"7743","180","Chương 243: Phá kén (Phần 2)","1100"
"7744","180","Chương 244: Phá kén (Phần 3)","1122"
"7746","180","Chương 246: Phá kén (Phần 5)","1155"
"5141","158","19 Ba người hai con chó","1357"
"7751","180","Chương 251: Khởi hành (Phần 3)","1238"
"7752","180","Chương 252: Lên núi, xuống núi (Phần 1)","1262"
"4735","151","74 Bắt đầu thu âm bài hát","726"
"9837","145","67 Sao Băng Rơi - Phần 1","1572"
"2829","98","Lên ngôi","65989"
"9838","145","67 Sao Băng Rơi - Phần 2","1601"
"9839","145","68 Biến Thân, Thân Hỏa Vương - Phần 1","1625"
"2287","70","Chương 1","100578"
"2290","73","Chương 1","100508"
"2291","74","1","100507"
"2234","65","Dự Báo","103081"
"2414","88","Mở đầu: Rạn Nứt Không Gian - Thời Gian","85286"
"2415","88","Chương 1: Hạ Mình · Trái Đất","87057"
"2416","88","Chương 2: Mâu Yunus","87123"
"2417","88","Chương 3: Không Gian Năm Chiều Versailles","87191"
"2257","65","22","114342"
"27400","136","Chương 1 Chương 12 Phần 2","29"
"5459","178","Mùa 2 Tập 21: Đau Quá! Thả Em Ra!","153"
"7754","180","Chương 254: Lên núi, xuống núi (Phần 3)","1312"
"7756","180","Chương 256: Gặp gỡ ma quỷ","1350"
"7757","180","Chương 257: Thành phố vạn yêu","1373"
"10216","132","Gì cơ?! Năm đã sắp kết thúc rồi à?! ​​","342"
"10218","132","Cặp sách của tôi chính là túi không gian khác chiều","344"
"10219","132","Có bể nước và rùa là có người thả đồng xu","345"
"3849","185","Buổi Họp Lớp","16"
"7152","136","Phần Một Chương 51 Phần 1","944"
"5520","164","Chương 193: Lưu Luyến Không Rời","2321"
"8574","136","Phần Hai Chương 14 Phần Trên","1596"
"15836","148","Chương 197: Hương vị trà kinh điển","1877"
"15837","148","Chương 198: Cẩn thận bẫy địch","1902"
"4066","168","Chương 129","1940"
"9844","145","70 Đinh Hỏa Thần Thú, Đằng Xà - Phần 1","1730"
"9845","145","70 Đinh Hỏa Thần Thú, Đằng Xà - Phần 2","1743"
"5819","168","Chương 124","816"
"2831","98","Ám sát","66141"
"2288","71","Chương 1","100504"
"2292","75","Chương 1","100459"
"2320","86","Dự báo","87524"
"2321","86","Dự báo 2","89667"
"2294","85","01 Kẻ Trộm","91601"
"2295","85","02 Anh Trai","91602"
"2296","85","03 Hiểu Lầm","91697"
"2298","85","05 Lỡ Tay","93455"
"2299","85","06 Ốc Sên","93456"
"2300","85","07 Ông Ngoại","93457"
"2301","85","08 Bắt Quả Tang","93458"
"2302","85","09 Phép Thuật","103307"
"2303","85","10 Đồng Đội","103309"
"2330","87","Dự Báo","87841"
"2331","87","1 Dư Tàn","87842"
"2332","87","2 Rực Rỡ Ngôi Sao Này, Vết Thương Trong Tim Tôi","87843"
"2297","85","04 Ký Túc Xá","91701"
"2329","86","06 Nước Mắt","115357"
"2341","87","11 Phù Thủy Tóc Trắng","87908"
"2351","87","21 Tổ","88053"
"2355","87","25 Biết Người Biết Mặt","88132"
"2368","87","38 Đời Người Giữa Trời Đất, Bỗng Như Khách Xa","88404"
"5069","157","Linh Lung · Truyền Kỳ Nguyệt Khôi ""Sinh ra · Dị động"" chương kết thúc thông báo","774"
"5070","157","Linh Lung · Truyền Kỳ Nguyệt Khôi ""Nghịch mệnh · Nghiệt kiếp"" chương dự báo","2350"
"7741","136","Phần Một Chương 57 Phần 2","1068"
"7169","136","Phần Hai Chương 5 Phần 1","1546"
"10250","132","Dưới ánh trăng, một sợi dây kết nối, hãy trân trọng duyên này.","376"
"7749","148","Chương 167: Không Thể Ngăn Cản","1205"
"9850","148","Chương 195: Thế lực mới","1829"
"7769","180","Chương 269: Bóng tối phía sau ánh sáng","2024"
"7770","180","Chương 270: Cửa vạn yêu (Phần 1)","2033"
"7771","180","Chương 271: Cửa vạn yêu (Phần 2)","2074"
"5828","168","Chương 133","2068"
"5826","168","Chương 131","2012"
"5827","168","Chương 132","2065"
"7172","136","Phần Hai Chương 12 Phần 1","1583"
"5829","168","Chương 134","2091"
"5830","168","Chương 135","2115"
"5831","168","Chương 136","2135"
"15838","148","Chương 199: Tập hợp xâm nhập khu vực hoang dã","1928"
"5522","164","Chương 195: Tiếng Vang Núi Non Trong Thung Lũng","2412"
"3977","148","Chương 189: Trên Người Phàm","1708"
"10252","132","Ông Nguyệt già xuất hiện","378"
"5668","166","Bình minh (Phần 1)","1785"
"5832","148","Chương 210: Lật bài","2187"
"9858","145","75 Thứ Pháp Bảo, Quân Ma Âm Dương Giáp - Phần 2","2042"
"7109","176","Sự 'vất vả' của bố đều được con nhìn thấy.","313"
"2334","87","4 Sắp Đến","87847"
"4661","150","Lâu rồi không gặp","124084"
"9849","145","72 Đột Phá! Tứ Quán Cảnh Giới - Phần 2","1812"
"9856","145","75 Thứ Pháp Bảo, Quân Ma Âm Dương Giáp - Phần 1","2001"
"8032","184","Chương 46: Bị Phá Hủy","2124"
"2371","87","41 Hung Thủ Thật Bất Ngờ Xuất Hiện!","88479"
"4638","178","Tập 95: Thiệp mời","112"
"2373","87","43 Vạch Trần Khuôn Mặt Hung Thủ","88498"
"2382","87","52 Bản Tính Sói Khó Thay Đổi","88816"
"2385","87","55 Đại Chiến Huyết Thống","88837"
"2393","87","59 (3) Bạn Hiểu Nấu Ăn","93410"
"3884","136","Phần Hai Chương 16 Phần 2","1758"
"5071","164","Chương 194: Dòng Ngầm Dữ Dội","2351"
"7192","136","Phần Hai Chương 19 Phần 1","1780"
"5833","168","Chương 138","2217"
"7800","148","Chương 232: Điều Này Không Thể","2699"
"7774","180","Chương 274: Dòng chảy ngầm (Phần 1)","2260"
"7775","180","Tuần này: Nghỉ ốm","2276"
"10253","132","Mưa cứ rơi, không khí không được hòa thuận.","379"
"15839","148","Chương 200: Ba rưỡi lãnh chúa khai chiến","1948"
"7776","180","Chương 275: Dòng chảy ngầm (Phần 2)","2291"
"15808","148","Chương 169: Con trai ta Dạ Ca cũng tạm được","1257"
"10254","132","Người tài giấy mới là người dễ thương nhất","380"
"7777","180","Chương 276: Kế hoạch Bàn Cổ","2301"
"8854","148","Chương 215: Bước Vào Thái Dương Thành","2401"
"5603","145","59 Thần Y Tham Tiền - Phần 2","1009"
"5837","168","Chương 142","21522"
"5838","168","Chương 143","41951"
"7157","176","Trời nóng thế này, chúng ta đừng giả vờ nữa~","1038"
"7158","176","Thích chơi phun nước, nhưng đừng biến thành phun nước~","1050"
"7160","176","Nghe tôi nói, thật ra là kem đã động thủ trước!","1069"
"2832","98","Thẩm vấn","66916"
"7162","176","Quá sức tưởng tượng!!","1253"
"7163","176","Kỳ Tư nói với bạn rằng sản phẩm melatonin bây giờ không hiệu quả.","1263"
"4644","177","Chương Một Trăm","118"
"7164","176","Không trải qua đau đớn thấu xương, làm sao nhóc con thành idol?","1275"
"9866","145","79 Siêu Cực Kỹ, Nhật Nguyệt Âm Dương Giới - Phần 1","2141"
"2411","87","68 Bọ Cạp Độc (1)","124773"
"2954","103","Chương 11: Chuẩn Bị Đám Cưới","66632"
"7165","176","Người làm việc, trời nhìn, Kỳ Tư thu hồi~","1283"
"5150","158","27 Quái vật","1618"
"2833","98","Nửa Đêm","69625"
"2834","98","Giúp đỡ","71600"
"2835","98","Bánh Hải Đường","72171"
"2836","98","Chém giận dữ","73076"
"2837","98","Không tha thứ nữa","75310"
"2838","99","00 Khởi động","61239"
"2839","99","00 Dự báo","62685"
"2840","99","01 - Mô-êm","72823"
"2841","99","02 - Ăn đi, thật sự rất ngon","72870"
"2842","99","03 - Tiếp theo, ai muốn thử thách?","73085"
"2843","99","04 - Cô ấy đến rồi, cô ấy đến rồi!","78583"
"2845","99","06 - Thời khắc nguy hiểm","89023"
"2846","99","07 - Tái ngộ","92849"
"3485","119","Chương 51: Đây là chỗ quái gì vậy?","100273"
"3486","119","Chương 52: Yiman chào đón bạn","101402"
"3487","119","Chương 53: Đừng tự làm quá","101318"
"3488","119","Chương 54: Hiệp giả vô hối, ác ma chi luyến","102262"
"3489","119","Chương 55: Cổ Nhân lập chí, cả đời phản chiến","102270"
"3490","119","Chương 56: Mạng rẻ không đáng ăn","102271"
"3491","119","Chương 57: Không ra tay trừ khi bất đắc dĩ","103063"
"3492","119","Chương 58: Cơ hội tốt","103073"
"3494","119","Chương 60: Không ai có thể giúp bạn","103769"
"3495","119","Chương 61: Cô ấy sẽ là bạn tôi chứ?","103780"
"3496","119","Chương 62: Cổ Nhân gặp nguy hiểm","103784"
"2412","87","68 Bọ Cạp Độc (2)","126063"
"2782","97","017 Điểm Yếu Của Joan","85012"
"2793","97","Thông Báo Nghỉ Ra Truyện","95914"
"2827","97","Thông Báo Nghỉ Ra Truyện","126647"
"2947","103","Chương 04: Là Thân Thể Thánh Nữ Hầu Gái","61373"
"1532","2","Thiên Nhân Huệ Căn","114853"
"1535","2","Cùng nhau du lịch","114628"
"1626","10","Chương 22: Lễ Vật Tốt Nhất","125957"
"2433","88","Chương 16: Thử Thách","95055"
"2423","88","Chương 8: Tại Sao Để Tôi Đi","90023"
"5818","168","Chương 123","787"
"7167","176","Mọi người nhớ, đi vệ sinh đừng bị lên đầu!","1306"
"7168","176","Người với người cần khoảng cách, đặc biệt là năm loại hạt~","1317"
"15841","148","Chương 202: Thẳng thắn","1986"
"7170","176","Gió thu lên, thịt cua ngọt, một ngày cha hiền con thảo~","1562"
"5820","168","Chương 125","865"
"5821","168","Chương 126","896"
"15842","148","Chương 203: Tất cả tại vì mặt trăng","2011"
"5823","168","Chương 128","1907"
"7175","176","Một bông hồng có gai trên sân bóng~","1617"
"7176","176","Khéo léo và sẵn sàng, chàng trai ấm áp vị trí trung tâm!","1630"
"15809","148","Chương 170: Hy vọng trảm thần","1285"
"7178","176","Xem xương cốt bạn kỳ lạ, đây có một bí kíp...","1639"
"7781","180","Chương 279: Bí mật tạo hóa (1)","2348"
"5822","168","Chương 127","938"
"7787","180","Chương 285: Mở! Cửa vạn yêu (2)","2478"
"7790","180","Chương 288: Mở Niêm Phong Ban Đầu (1)","2536"
"27401","136","Chương 1 Chương 13 Phần 1","30"
"5825","168","Chương 130","1962"
"7191","176","Cơn buồn ngủ không tha ai cả!","1769"
"10299","132","Sắc tức là không","426"
"7193","176","Càng lớn tuổi, càng khó giấu chuyện~","2048"
"10301","132","Gà trống đẻ trứng","428"
"5068","166","Tiểu chủ Tương Tương (5)","771"
"5649","166","Tiểu chủ Tương Tương (6)","997"
"10258","132","Mắt đồng chuông dọa Tai Sui, tay cầm sắt trụ như chạm trời","384"
"7194","176","Gần đây có vài phát hiện nhỏ cấp Nobel~","2057"
"7196","176","Chúc tất cả các bà mẹ trên thế giới không lo nghĩ~","2101"
"3831","135","Dự báo chương 2: Arc Kiếm Dựa Trời 02","2333"
"7972","132","Chỉ huy phong vân","507"
"24622","144","Chương 16: Tấm Áp Phích Thật","5"
"2452","88","Ngoại Truyện: Anh Ấy Uống Không Phải Nước, Mà Là...","103881"
"2460","88","Chương 38: Chính Là Anh Ấy","108964"
"7806","180","Chương 304: Chấp Niệm của Yêu Vương","2811"
"2474","88","Chương 52: Đau Đớn Và Chấp Niệm","123917"
"2475","88","Chương 53: Biến Mất Không Dấu Vết","124564"
"5198","148","Chương 159: Điểm Yếu","899"
"7809","180","Chương 307: Giải Phong · Tâm Tạo Hóa (1)","2865"
"5129","148","Chương 160: Tìm nàng giữa đám đông ngàn lần","933"
"5067","157","Tập 19 Con rối","757"
"2461","88","Chương 39: Ryan","110189"
"7810","180","Chương 308: Giải Phong · Tâm Tạo Hóa (2)","2881"
"5128","145","Đơn Xin Nghỉ","912"
"8496","132","Bà biết rõ bạn đã ăn no chưa","688"
"27402","136","Chương 1 Chương 13 Phần 2","31"
"8568","132","Làm người lớn lâu rồi, thỉnh thoảng cũng muốn làm trẻ con một ngày.","1578"
"15812","148","Chương 173: Ngưng tụ","1368"
"7198","176","Niềm vui của người lớn, phiền muộn của trẻ con.","2127"
"7199","176","Cách ăn đúng của cốc ba màu~","2153"
"7200","176","Sợ nhất là sự quan tâm bất ngờ của bạn bè......","2158"
"7201","176","Khi tình bạn lên men thành tình thân~","2167"
"7202","176","Bạn và bạn bè là loại gấu nào?","2181"
"7203","176","Ăn dưa với bạn xấu phải cẩn thận sự im lặng của họ.","2200"
"9879","145","88 Nữ Vàng Giáp Băng Đóng","12364"
"3497","119","Chương 63: Hội chứng rối loạn cảm xúc cực đoan","104446"
"3498","119","Chương 64: Tình yêu và ý chí tạo nên kỳ tích","104448"
"3499","119","Chương 65: Anh không hiểu tôi","104456"
"9880","145","89 Long Sấm Lôi Hỏa Gai","18725"
"9881","145","90 Vũ Khí Tối Thượng","25626"
"9882","145","91 Thế Kẹp Chặt","29312"
"5133","158","11 Tôi có một cách","1026"
"5134","158","12 Trao đổi","1037"
"5135","158","13 Lại được anh ta cứu","1065"
"27403","136","Chương 1 Chương 14 Phần 1","32"
"3500","119","Chương 66: Tình yêu thật đáng sợ","105284"
"3501","119","Chương 67: Chúng ta đều phải cố gắng","105287"
"3502","119","Chương 68: Khả năng chiến thắng","105291"
"3503","119","Chương 69: Linh Thất, người đứng giữa","107745"
"3504","119","Chương 70: Tôi có lên thiên đường rồi sao?","107749"
"7204","176","Nắng nóng gay gắt, đừng chơi oẳn tù tì với bạn xấu~","2208"
"7817","180","Chương 315: Niêm Phong Cuối Cùng (1)","2989"
"3505","119","Chương 71: Tôi có thể không đồng ý không?","109528"
"3506","119","Chương 72: Sức mạnh công lý ở bên tôi","110392"
"5136","158","14 Ngày 6 tháng 5","1079"
"3507","119","Chương 73: Thật sự có thể thay đổi thế giới không?","114790"
"3509","119","Chương 75: Một chiến trường đẫm máu","116095"
"3510","119","Chương 76: Sự trưởng thành của Cổ Nhân","119236"
"3511","119","Chương 77: Bạn là ai?","121190"
"3512","119","Chương 78: Tôi ghét bạo lực nhất","124115"
"3513","119","Chương 79: Chú ơi, cuối cùng con cũng gặp chú","126420"
"3514","119","Chương 80: Cứu mạng!","126422"
"1855","39","Cô Ấy Online?","119724"
"1856","39","Bạn Gái Online Của Tề Nguyên","121296"
"4102","163","Cậu Hơi Kiêu Ngạo Nhưng Cũng Dễ Thương","13977"
"4103","163","Mỗi Người Mang Mưu Đồ Riêng","14284"
"4104","163","Sư Huynh, Đuôi Hồ Ly Cậu Lộ Rồi","15303"
"4105","163","Mạnh Mẽ Bắt Đầu Từ Việc Từ Chối PUA","15305"
"4106","163","Dũng Cảm Thiên Tôn Không Sợ Khó Khăn","17510"
"4108","163","Mẹ?!","18230"
"4109","163","Tự Tay Giết Con Mình","19026"
"4110","163","Thổi Một Cái Là Không Đau","19687"
"7206","176","Dù là mùa tam伏, vẫn phải dính lấy nhau~","2269"
"7263","176","Tối nay, xem tôi làm bạn giật mình~","65476"
"4111","163","Ta Sẽ Đưa Các Ngươi Công Lý","19690"
"4112","163","Xin Lỗi, Không Bảo Vệ Tốt Cho Em","21059"
"2868","101","018 Vết bẩn biến mất","82534"
"2293","76","Chương 1","100257"
"1858","39","Đạo Gia Ta Ngộ Được Rồi","121251"
"1859","39","Phương Pháp Xây Dựng Căn Cơ","121256"
"2482","79","Chương 1","100069"
"2481","78","Chương 1","100236"
"1860","39","Thiên Đạo Căn Cơ!","123242"
"1861","39","Ta Đến Giúp Ngươi!","123976"
"1862","39","Muốn Mạnh Chỉ Cần Hít Đất","124504"
"1863","39","Tại Sao Rụng Tóc?","125384"
"1864","39","Hẹn Gặp Dưới Gốc Cây","125899"
"1865","39","Có Bí Mật Đen Tối!","125900"
"1866","39","Mang Sí Món Đến Rồi!","125906"
"1867","39","Tai Họa Máu Me","126571"
"1869","40","01","119209"
"7760","180","Chương 260: Ai vậy? (1)","1427"
"1870","40","02","118973"
"1871","40","03","118974"
"1872","40","04","120083"
"1873","40","05","121135"
"1874","40","06","122170"
"1875","40","07","123159"
"1876","40","08","124118"
"1878","40","Giấy xin nghỉ","125524"
"1879","40","10","126293"
"1917","43","03 Bồi Dưỡng Thiên Phú","119037"
"1918","43","04 Linh Vật Bị Thương Nặng","120200"
"1919","43","05 Đột Phá Tiến Cấp","120596"
"1921","43","07 Cô Gái Dễ Thương và Bò Sắt","123180"
"15815","148","Chương 176: Chúng ta là người chiến thắng","1445"
"1922","43","08 Sở Từ Thắng Lợi","123861"
"3301","116","29 Sinh Mệnh Không Còn An Toàn","61007"
"3302","116","30 Con Dê Tế Thần Xui Xẻo","61005"
"3303","116","31 Xem Ta Sút Bóng Kiểu Hổ Dữ","61782"
"3304","116","32 Chân Hôi Khó Chịu","62429"
"3305","116","33 Quyền Đấm Hăng Say Của Đầu Gấu","62863"
"2897","101","045 Sự trả thù của Mili","105826"
"1923","43","09 Khóa Linh","124452"
"2908","101","056 Tiếng hát chạm đến lòng người","115576"
"3805","133","58 - Sống sót sau thảm họa","103221"
"3806","133","59 - Đêm đầy lo âu","103874"
"3605","124","Chương 1: Pháo Đài Sa Mạc Gobi","32938"
"3606","124","Chương 2: Đến đây! Lại Ôn!","32954"
"3607","124","Chương 3: Hành Tinh Lạ","32955"
"3608","124","Chương 4: Quái Thú Biến Dị","33702"
"3609","124","Chương 5: Cuộc Sát Hại Bắt Đầu!","34214"
"3610","124","Chương 6: Cuối Con Đường Tuyệt Vọng","35472"
"3611","124","Chương 7: Ác Mộng và Lời Hứa","36299"
"3612","124","Chương 8: Cuộc Rượt Đuổi Trong Hẻm Tối","37181"
"3613","124","Chương 9: Bản Chất Quái Thú","37968"
"3614","124","Chương 10: Bó Tay","38805"
"3615","124","Chương 11: Hạ Nhiên Thức Tỉnh","41431"
"3616","124","Chương 12: Chân Võ Đại Đế","42121"
"3617","124","Chương 13: Lữ Khách Chính Thức","43046"
"3618","124","Ngoại truyện: Đài Sơn Hải—Tập 001","43708"
"3619","124","Chương 14: Bên Ngoài Thành Lũy","44933"
"3620","124","Chương 15: Bóng Tối Tấn Công","46534"
"7788","180","Chương 286: Mở! Cửa Ngàn Yêu (3)","2505"
"3621","124","Chương 16: Nhiệm Vụ Cấp X!","48237"
"3622","124","Chương 17: Tập Hợp Đội Nhóm","49500"
"3623","124","Ngoại truyện 002—Tập Hợp Cài Đặt Sơn Hải","50131"
"3624","124","Chương 18: Lộ Diện Sắc Lệ","50765"
"3625","124","Chương 19: Sương Mù Quái Thú Tấn Công","51908"
"3626","124","Chương 20: Đại Chiến Rắn Yêu","53004"
"3627","124","Chương 21: Nguy Hiểm Rập Rình","53763"
"3628","124","Chương 22: Giận Dữ Bốc Cháy","54843"
"3629","124","Chương 23: Băng Tuyết Tàn Phá","56103"
"3630","124","Chương 24: Băng Sương Vạn Kiếm","57033"
"3631","124","Chương 25: Vĩnh Biệt, Allen","57849"
"3632","124","Chương 26: Gánh Vác Tiến Lên","59565"
"3633","124","Chương 27: Hung Thần Tương Liêu","60265"
"3634","124","Chương 28: Là Yêu Không Phải Người","61521"
"2532","81","1","99016"
"2931","102","Chương 7: Xác Sống Dị Chủng","67068"
"27404","136","Chương 1 Chương 14 Phần 2","33"
"27405","136","Chương 1 Chương 15 Phần 1","34"
"27406","136","Chương 1 Chương 15 Phần 2","35"
"2533","82","Tập 1","98941"
"3635","124","Chương 29: Đại Chiến Tương Liêu (Phần 1)","62450"
"3636","124","Chương 30: Đại Chiến Tương Liêu (Phần 2)","63961"
"3637","124","Chương 31: Hoảng Loạn Không Lối Thoát","65461"
"3638","124","Chương 32: Cậu Bé Trong Rừng","66975"
"3639","124","Chương 33: Chênh Lệch Lực Lượng","78574"
"15818","148","Chương 179: Không đáng sợ","1506"
"3643","123","Chương 1, Tập 04: Trước Giờ Ngọ Phải Tinh Luyện","37967"
"3644","123","Chương 1, Tập 05: Tự Lập Đủ Ăn Đủ Mặc","37972"
"3645","123","Chương 1, Tập 06: Tin Vào Khoa Học","37974"
"3646","123","Chương 1, Tập 07: Quân Tử Thận Độc","37975"
"3647","123","Chương 1, Tập 08: Phòng Người Không Thể Thiếu","38142"
"3648","123","Chương 1, Tập 09: Ba Không","38143"
"3649","123","Chương 1, Tập 10: Cẩn Thận Bị Lừa","38145"
"3650","123","Chương 1, Tập 11: Diện Mạo và Phong Thái","38300"
"3651","123","Chương 1, Tập 12: Ba Không Nói","38302"
"3652","123","Chương 1, Tập 13: Cách Khuyên Bảo Emo Bảo","38310"
"3654","123","Chương 1, Tập 15: Bình Tĩnh Phân Tích, Gặp Việc Đừng Hoảng","38662"
"3655","123","Chương 1, Tập 16: Cảnh Giác Lừa Đảo Mạng","38664"
"7762","180","Chương 262: Trách nhiệm thật sự","1637"
"3656","123","Chương 1, Tập 17: Dự Kiếm Không Uống Rượu","38784"
"3657","123","Chương 1, Tập 18: Ăn Khổ Làm Nên","38785"
"3659","123","Chương 2, Tập 01: Đừng Cho Động Vật Hoang Dã Ăn Bừa Bãi","38957"
"5162","148","Chương 208: Giao lưu hữu nghị","2142"
"2932","102","Chương 8: Bước Gió Nhanh","67391"
"2933","102","Chương 9: Tinh Thể Virus","69038"
"2934","102","Chương 10: Người Tồn Tại","71065"
"3013","104","4. Sức mạnh ẩn giấu","60679"
"27407","136","Chương 1 Chương 16 Phần 1","36"
"27408","136","Chương 1 Chương 16 Phần 2","37"
"27409","136","Chương 1 Chương 17 Phần 1","38"
"27410","136","Chương 1 Chương 17 Phần 2","39"
"3660","123","Chương 2, Tập 02: Đừng Nhặt Tiền Hoang Ven Đường","38958"
"3661","123","Chương 2, Tập 03: Phú Quý Trời Cho...","39574"
"3662","123","Chương 2, Tập 04: Ai Cũng Có Giá Trị Riêng","39576"
"3663","123","Chương 2, Tập 05: Luôn Có Cách Quản Lý Bản Thân","39577"
"3664","123","Chương 2, Tập 06: Tâm Niệm Vừa Phải Là Tu Hành","39579"
"3665","123","Chương 2, Tập 07: Leo Đường Cổ Huizhou-Hangzhou Thế Này","39581"
"1358","1","0 Dự báo","114928"
"3666","123","Chương 2, Tập 08: Đường Cổ Huizhou-Hangzhou Phần Hai","39582"
"3667","123","Chương 2, Tập 09: Đường Cổ Huizhou-Hangzhou Phần Ba","39588"
"3668","123","Chương 2, Tập 10: Rủi Ro Ngoài Trời","39608"
"1339","12","Mở đầu","105722"
"7764","180","Chương 264: Công tử Ngưu","1657"
"5186","159","Tình cũ","748"
"2935","102","Sư Phụ Côn Trùng Ngày Tận Thế (Phiên Bản Tranh) 001","76395"
"2936","102","Sư Phụ Côn Trùng Ngày Tận Thế (Phiên Bản Tranh) 002","76469"
"2938","102","Sư Phụ Côn Trùng Ngày Tận Thế (Phiên Bản Tranh) 004","76976"
"2939","102","Sư Phụ Côn Trùng Ngày Tận Thế (Phiên Bản Tranh) 005","77311"
"2940","102","Sư Phụ Côn Trùng Ngày Tận Thế (Phiên Bản Tranh) 006","77864"
"2941","102","Sư Phụ Côn Trùng Ngày Tận Thế (Phiên Bản Tranh) 007","78148"
"3014","104","5. Liên minh phế vật","61376"
"3015","104","6. Gây rắc rối","63662"
"3016","104","7. Tiền Thế Minh","66862"
"3017","104","8. Các người cùng tấn công đi","67946"
"3018","104","9. Từ bỏ làm hiệp khách đi","70811"
"3019","104","10. Vẫn còn cơ hội!","72016"
"3020","104","11. Thua cả chó!!","73729"
"3021","104","12. Mày làm tao trễ bữa ăn!","74972"
"3022","104","13. Sao có thể giả vờ không thấy!","78749"
"7796","180","Chương 294: Ký Ức Đẫm Máu (3)","2636"
"3669","123","Chương 2, Tập 11: Cẩn Thận Dùng Lửa Trong Rừng","39654"
"3670","123","Chương 2, Tập 12: Thử Xem Bạn Là Ai","39656"
"3671","123","Chương 2, Tập 13: Thành Thật Gặp Gỡ, Yêu Không P","41177"
"3672","123","Chương 2, Tập 14: Tiền Đi Đường Không Đủ, Đi Làm Bù","41903"
"3673","123","Chương 2, Tập 15: Mèo Rụng Lông Phải Làm Sao! Khẩn","42867"
"3674","123","Chương 2, Tập 16: Bánh Chưng Vàng Này Nhất Định Phải Có","44196"
"3675","123","Chương 2, Tập 17: Thông Minh Quá Hại Mình","45732"
"3676","123","Chương 2, Tập 18: Đối Diện Cuộc Sống Với Tâm Thái Bình Tĩnh","47820"
"3677","123","Chương 2, Tập 19: Nóng Vội Không Ăn Được Bánh Nóng","48785"
"3678","123","Chương 2, Tập 20: Thành Công Là Tích Lũy Dần Mà Ra","49934"
"3680","123","Chương 2, Tập 22: Trạm Tiếp Theo: Đường Cổ Tượng Phi","52336"
"3681","123","Chương 2, Tập 23: Đường Cổ Tượng Phi Phần Hai","53337"
"3682","123","Chương 2, Tập 24: Lời Đồn Dừng Lại Ở Người Khôn","54098"
"3683","123","Chương 2, Tập 25: Một Cú Đẩy Đến Kiệt Sức","55596"
"3684","123","Chương 2, Tập 26: Quân Tử Không Đứng Dưới Tường Nguy Hiểm","56574"
"3685","123","Chương 2, Tập 27: Việc Kín Thành Công, Lời Lộ Bại Bại","57349"
"3687","123","Chương 2, Tập 29: Tham Nhỏ Mất Lớn","60256"
"3688","123","Chương 2, Tập 30: Khủng Hoảng Niềm Tin Của Tài Tài Hổ","61045"
"1924","43","10 Lên Cấp","125272"
"2606","89","008 Hoàng Tử Nổi Giận","96409"
"15843","148","Chương 204: Có xứng đáng với chúng ta không?!","2036"
"5187","159","Đêm trước tiệc rượu","759"
"2573","84","002 Ngục Đen","96512"
"2574","84","003 Nữ Giám Thị Phục Tùng","97208"
"2575","84","004 Quái Trùng Điện Tử","98515"
"2576","84","005 Đội Vực Thẳm Thứ Chín","98541"
"2577","84","006 Tôi Sẽ Giết Hết Gia Tộc Vương","98981"
"2578","84","007 Đập Ruồi","99448"
"2579","84","008 Mẫu Tử Đằng Âm Thi","99513"
"2608","89","010 Khao Khát Thắng Thua","125633"
"1925","43","11 Cộng Đồng Mạng Sao","125828"
"1368","2","Dùng Mà Không Dùng Sẽ Mất","114614"
"1369","2","Bạn Học Mới","114771"
"2957","103","Chương 14: Người Gặp Việc Vui Tinh Thần Sảng Khoái","67556"
"1926","43","12 Trứng Muối Gì Thế?","126356"
"1900","42","Chương 6: Cứu Chữa Thương Tật","120271"
"3817","133","67 - Hồi Sân Ga Kho Thịt: Chương cuối (Phần dưới)","116296"
"3818","133","cpsp, xác nhận tham gia triển lãm!","116343"
"3819","133","68 - Huyết thống × Anh trai (Phần trên)","118198"
"3820","133","69 - Huyết thống × Anh trai (Phần dưới)","120569"
"3821","133","Náo Hải Hội lần hai đang diễn ra!","120623"
"3822","133","70 - Bước ngoặt xấu đi đột ngột","122805"
"3823","133","[Dự báo] Hợp tác: Hồi phá vỡ chướng ngại","123535"
"3824","133","71 - Hợp tác phá vỡ chướng ngại 1: Khủng hoảng mới","123767"
"3825","133","72 - Hợp tác phá vỡ chướng ngại 2: Bí mật","124848"
"3826","133","73 - Chương Phá Vỡ Hợp Tác 3 Triển Khai","125723"
"3827","133","Xác Nhận Buổi Ký Tặng Đầu Tiên Cho Tập Đơn","125765"
"1902","42","Chương 8: Phá Hoại Tu Vi Của Ngươi","121945"
"1904","42","Chương 10: Năm Mới","123137"
"1905","42","Chương 11: Vào Núi Đen","123718"
"1906","42","Chương 12: Mạnh Hạo, Đồ Vô Lại!","124224"
"1907","42","Chương 13: Yêu Mãng","124744"
"7812","180","Chương 310: Tái Ngộ Lửa Tâm (2)","2919"
"1908","42","Chương 14: Chiến Lợi Phẩm","125210"
"1909","42","Chương 15: Biến Hóa","125590"
"1910","42","Trễ một ngày, vẽ nhầm nhân vật","125992"
"1912","42","Chương 17: Làm Sao Trốn","126537"
"1913","42","Chương 18: Thăng Cấp Thử Luyện Nội Môn","127180"
"1404","3","Dự báo: Đại trượng phu có cách cảm hóa vợ phản diện","102162"
"1405","3","Chương 0","102293"
"1406","3","Chương 1","102192"
"1954","48","Chương 1","113153"
"1955","48","Chương 2","113635"
"3689","123","Chương 2, Tập 31: Yêu Người Như Yêu Mình, Tâm Liền Tâm","61841"
"3690","123","Chương 2, Tập 32: Được Không Bù Mất","62815"
"3691","123","Thông Báo Tạm Dừng Cập Nhật","65789"
"3692","123","Chương 2, Tập 33: Việc Tốt Phải Có Dụng Cụ Tốt","73077"
"3693","123","Chương 2, Tập 34: Quân Tử Thẳng Thắn","74090"
"3694","123","Chương 2, Tập 35: Quân Tử Nhanh Hành Động","75290"
"3696","123","Chương 2, Tập 37: Người Thiện Không Tranh Cãi","78388"
"3697","123","Chương 2, Tập 38: Ít Tư Ích, Ít Dục Vọng","79864"
"3698","123","Chương 2, Tập 39: Người Dũng Cảm Không Sợ","80916"
"3699","123","Chương 2, Tập 40: Kính Lúp Thần Kỳ","82276"
"2629","90","Chương 20: Truyền Tống Không Gian","92855"
"3700","123","Chương 2, Tập 41: Ít Thì Được, Nhiều Thì Loạn","84488"
"3701","123","Chương 2, Tập 42: Không Tiến Tức Lùi","85237"
"3702","123","Chương 2, Tập 43: Xem Phim Văn Minh","85447"
"3703","123","Chương 2, Tập 44: Làm Mồi Cho Hổ!","87131"
"3704","123","Chương 2, Tập 45: Là Hổ Phải Biết Hài Lòng~","87994"
"3705","123","Phụ Nữ Trang Điểm Vì Người Thương Mình","89134"
"3706","123","Chương 2, Tập 47: Người Đắc Đạo Được Nhiều Trợ Giúp","89982"
"3707","123","Chương 2, Tập 48: Quân Tử Giấu Tài Trong Người","91176"
"3708","123","Chương 2, Tập 49: Không Tích Lũy Bước Nhỏ","91773"
"3709","123","Chương 2, Tập 50: Tôi Tự Xét Mình Ba Lần Mỗi Ngày","92453"
"3710","123","Chương 2, Tập 51: Không Biết Trời Cao Bao Nhiêu","93595"
"3711","123","Chương 2, Tập 52: Không Có Gì Không Có Khởi Đầu","95051"
"3712","123","Chương 2, Tập 53: Việc Thành Hay Bại Do Người","96334"
"3713","123","Chương 2, Tập 54: Không Bẻ Cành","97419"
"3714","123","Chương 2, Tập 55: Đường Dài Vạn Dặm","98910"
"5193","159","Mỗi người một nỗi lòng","800"
"3715","123","Chương 2, Tập 56: Yêu Thương Gia Đình, Nhân Ái Với Dân","99563"
"5194","159","Khởi quay bị tranh vai","855"
"3716","123","Chương 2, Tập 57: Tuân Thủ Trật Tự","100455"
"5137","158","15 Ngày 2 tháng 3","1105"
"2483","80","Dự báo ra mắt ngày 10/5!","99007"
"2484","80","01","99201"
"2485","80","02","99205"
"2486","80","03","99369"
"2487","80","04","99372"
"2488","80","05","99619"
"2489","80","06","99986"
"2490","80","07","100329"
"2491","80","08","100979"
"2492","80","09","101292"
"2493","80","10","101923"
"2494","80","11","101931"
"2495","80","12","102457"
"2496","80","13","102743"
"2497","80","14","103171"
"2498","80","15","103443"
"2500","80","17","103846"
"2501","80","18","104510"
"2502","80","19","104979"
"2503","80","20","105442"
"2504","80","21","105647"
"2505","80","22","106009"
"2506","80","23","106283"
"2507","80","24","107276"
"2508","80","25","107328"
"2509","80","26","108045"
"2510","80","Ngoại truyện Hạ Nhiệt","108434"
"2511","80","27","109230"
"2512","80","28","109619"
"2513","80","29","110414"
"2514","80","30","110417"
"2515","80","31","110418"
"2516","80","32","110423"
"2517","80","Thất Tịch","110420"
"2518","80","33","112342"
"2519","80","34","112343"
"2520","80","35","112344"
"2521","80","36","114369"
"2522","80","37","114384"
"2523","80","38","115105"
"2524","80","39","115107"
"2525","80","40","115114"
"2527","80","42","115124"
"2528","80","43","115126"
"2529","80","44","118332"
"2530","80","45","118336"
"2531","80","46","118349"
"3028","105","Phát hành ngày 20 tháng 9!","55720"
"3537","121","20","46652"
"3538","121","21","49944"
"3539","121","22","49946"
"3540","121","23","49947"
"1956","48","Chương 3","113636"
"1957","48","Chương 4","113637"
"1958","48","Chương 5","113638"
"1959","48","Chương 6","113639"
"1961","48","Chương 8","113641"
"3959","141","Giới Thiệu Nhân Vật","1377"
"3960","141","Mở Đầu: Tiểu Cá May Mắn Dễ Thương Hạ Phàm!","1603"
"7797","180","Chương 295: Ký Ức Đẫm Máu (4)","2654"
"3962","141","Chương 2: Phải Báo Ân Mới Được!","1611"
"5195","159","Biên kịch bị giấu kín","877"
"3964","141","Chương 4: Tiểu Công Chúa Diệu Quang!","1651"
"7799","180","Chương 297: Thánh Nữ Tái Sinh","2682"
"7825","180","Đơn Xin Nghỉ","11683"
"15848","148","Chương 209: Bốn lãnh chúa khai chiến","2157"
"15844","148","Chương 205: Cuộc phiêu lưu lớn của Dạ Ca","2073"
"3971","141","Chương 11: Muốn Anh Siming Ôm!","1688"
"3972","141","Chương 12: Tôi Thật Sự Không Nỡ Thấy Cô Ấy Khóc","1692"
"5197","159","Chuyển đổi đen trắng","888"
"3975","141","Chương 15: Cố Nặc Nhi, Phần Thưởng Của Anh Đâu?","1700"
"5686","166","Những nhân vật lớn của Tây Ngưu Hóa Châu (Phần 2)","3030"
"7215","176","Chúc: thầy cô không phiền não, mỗi học sinh đều là bảo bối","2371"
"3978","141","Chương 18: Nặc Nhi, Có Nhớ Anh Hai Không?","1711"
"3979","141","Chương 19: Nhưng Phải Đón Anh Siming Trước","1712"
"3980","141","Chương 20: Nếu Là Em, Dù Bao Lâu Anh Cũng Chờ","1716"
"9887","145","94 Cuộc Đấu Cuối Cùng","53557"
"3982","141","Chương 22: Em Có Vui Với Sắp Xếp Của Bố Không?","1732"
"3961","140","Chủ Mới Kỳ Cung","1610"
"1962","48","Chương 9","113642"
"3554","121","37","56622"
"2644","90","Chương 35: Có Người Dính Mồi Rồi","101828"
"3969","140","Đạo Tặc Nhóm Nhạc","1681"
"3968","158","30 Tránh xa anh ta?","1676"
"2645","90","Chương 36: Mục Tiêu Là Phòng Thí Nghiệm Tháp Thông Thiên","101829"
"2646","90","Chương 37: Giết Kẻ Thù Tự Chữa Lành","101831"
"2609","90","Dự báo","82328"
"2610","90","Chương 01: Đánh Mặt Bạn Gái Cũ","83711"
"2611","90","Chương 02: Hình Thái Cưỡi","83714"
"2612","90","Chương 03: Để Sống Sót","83738"
"2613","90","Chương 04: Chú Không Muốn Bắt Nạt Người","84967"
"2614","90","Chương 05: Tháp Thông Thiên","84969"
"2615","90","Chương 06: Hiệp Sĩ Của Cô Gái","84972"
"2616","90","Chương 07: Ra Đây Cho Tôi","85178"
"2617","90","Chương 08: Bản Cô Nương Là Lão Tam?","86907"
"2618","90","Chương 09: Đạn Bị Thua Nhưng Thắng","86908"
"2620","90","Chương 11: Bảo Vệ Đài Đấu","87617"
"2621","90","Chương 12: Thay Da Đổi Thịt","89251"
"2622","90","Chương 13: Người Sói","89253"
"2623","90","Chương 14: Bản Cô Nương Lên Cấp Rồi","89806"
"2624","90","Chương 15: Thách Thức Cuối Cùng","89809"
"2625","90","Chương 16: Khí Độc","90588"
"2626","90","Chương 17: Dị Thú Đoạt Xác","90590"
"2627","90","Chương 18: Ảnh Bóng Phân Thân","91370"
"2628","90","Chương 19: Nuốt Chửng","91373"
"2630","90","Chương 21: Người Đầu Tiên Hợp Thể Dị Thú","92856"
"2631","90","Chương 22: Thiên Phú","92915"
"2632","90","Chương 23: Bắt Giữ","92916"
"2633","90","Chương 24: Đặt Một Trăm Triệu","94689"
"2634","90","Chương 25: Ai Là Con Rể Của Em?","94691"
"2635","90","Chương 26: Gọi Ai Là Bố?","96099"
"2637","90","Chương 28: Giả Chết?","96181"
"2638","90","Chương 29: Người Cứu Tôi Là Trần Phóng","96182"
"2639","90","Chương 30: Tiếp Theo Là Em","96958"
"2640","90","Chương 31: Trốn Ra Ngoài","96962"
"2641","90","Chương 32: Tôi Có Thể Chữa Lành","97803"
"2642","90","Chương 33: Tham Gia Thí Nghiệm Hợp Thể Dị Thú","99371"
"2643","90","Chương 34: Hóa Ra Em Mới Là Chìa Khóa","101820"
"2534","83","Dự Báo - Ta Sẽ Khiến Ngươi Quỳ Dưới Chân Ta","95057"
"2535","83","01 - Con Gái Ta Không Cần Cha","96817"
"2536","83","02 - Ai Dám Hôn Cô Gái Xấu Xa","96829"
"2537","83","03 - Cầu Xin Ta Ở Bên Ngươi","96832"
"2538","83","04 - Kẻ Thuê Nguy Hiểm","99131"
"2540","83","06 - Ngươi Có Con?!","100729"
"2541","83","07 - Lily","101507"
"2542","83","08 - Cô Ấy Không Còn Thuộc Về Ta Một Mình","102378"
"2543","83","Sự Kiện Tháng Sáu","102617"
"2544","83","09 - Anh Em Máu Lạnh","103188"
"2545","83","10 - Làm Tôi Tớ Của Ta","103737"
"2546","83","11 - Pháp Sư Thường Dân","104611"
"2547","83","12 - Mèo Câu Cá","105384"
"2548","83","Sự Kiện Tháng Bảy","105849"
"2550","83","14 - Để Lại Dấu Ấn Trên Ta","106832"
"2551","83","15 - Lily Bị Bệnh","107961"
"2552","83","16 - Món Quà Gặp Mặt Lãng Mạn","109153"
"2553","83","Sự Kiện Tháng Tám","109985"
"2554","83","17 - Tôi Có Thể Gọi Ngươi Là Chị Không?","110379"
"2555","83","18 - Ý Nghĩa Không Đúng","111451"
"2557","83","20 - Lily Đã Trưởng Thành","113964"
"2558","83","Sự Kiện Tháng Chín","114698"
"2559","83","21 - Anh Em Liên Thủ","117116"
"2560","83","22 - Liên Hôn","118719"
"2561","83","23 - Cuộc Hẹn Đầu Tiên","119436"
"2562","83","24 - Sức Hút Dưới Chiếc Mặt Nạ","120299"
"2563","83","25 - Thiên Tài Nhưng Cũng Ngốc Nghếch","121600"
"2564","83","26 - Nhiều Người Tình","122730"
"2565","83","27 - Thiên Tài Cô Đơn","123446"
"2566","83","28 - Hôn Thê","124158"
"2567","83","29 - Hoàng Gia Huynh Đệ","124847"
"2568","83","30 - Ta Không Muốn Có Em Gái","125512"
"2569","83","31 - Cuộc Gặp Gỡ Bị Lãng Quên","126123"
"2570","83","32 - Ngôi Sao Của Ta","126699"
"2571","83","Hàng Phụ Kiện Đã Đến","126706"
"2649","91","Tập 02: Xé tan cô nàng trà xanh","83760"
"2650","91","Tập 03: Chôn cô ta vào vườn","84970"
"2651","91","Tập 04: Dạy dỗ họ cho tốt","84971"
"2652","91","Tập 05: Ném cô ta từ trên lầu xuống","84986"
"2653","91","Tập 06: Đánh hắn đi, đừng đánh tôi nhé?","85109"
"2654","91","Tập 07: Có nên giúp cô ấy không?","85179"
"2655","91","Tập 08: Tôi thấy bẩn","86923"
"2656","91","Tập 09: Đến lúc phải dựa vào vận may","86924"
"2657","91","Tập 10: Tôn Hân Nhi","87607"
"2658","91","Tập 11: Công tử trống rỗng","87612"
"2659","91","Tập 12: Người trẻ có tương lai","89246"
"2660","91","Tập 13: Cởi quần áo đi","89247"
"2661","91","Tập 14: Cậu chưa đủ tư cách","89812"
"2662","91","Tập 15: Buổi tối cũng được","89814"
"2663","91","Tập 16: Rốt cuộc Trần Vũ có lai lịch gì?","90583"
"2664","91","Tập 17: Anh ơi, em cũng muốn ăn","90586"
"2665","91","Tập 18:","91372"
"2666","91","Tập 19:","91374"
"2667","91","Tập 20: Xin lỗi, đó là phản xạ","92860"
"2668","91","Tập 21: Cậu có tin vào ánh sáng không?","92864"
"2669","91","Tập 22: Em gì cũng chịu~","92918"
"2670","91","Tập 23: Cậu thật sự đói rồi","92948"
"2671","91","Tập 24: Còn thiếu một chút nữa!","94638"
"2672","91","Tập 25: Cậu hỏi nhầm người rồi","94650"
"2673","91","Tập 26: Trời đổi rồi!","96094"
"2674","91","Tập 27: Kích hoạt tiềm năng của các cậu","96097"
"2675","91","Tập 28: Chứng minh cậu là chính mình","96106"
"2676","91","Tập 29: Dạy cho xác sống kiến thức cơ bản","96112"
"2677","91","Tập 30: Quái vật nguy hiểm!","96113"
"2678","91","Tập 31: Cơ hội sống sót 30%","96117"
"2679","91","Tập 32: Tối nay làm một phi vụ lớn","96410"
"2680","91","Tập 33: Khách quý đến thăm","96425"
"2681","91","Tập 34: Dám thách thức cô này","97249"
"2682","91","Tập 35: Cậu không thấy hơi lạnh sao?","97254"
"2683","91","Tập 36: Gần đây dinh dưỡng quá tốt","99338"
"2684","91","Tập 37: Tối nay chỉ có thể là Đêm Yên Lặng","99339"
"2685","91","Tập 38: Lại gắn lên hắn rồi","99340"
"2686","91","Tập 39: Thằng ngu này từ đâu ra?","99345"
"2687","91","Tập 40: Ai mà mày gọi là chó?","99346"
"2688","91","Tập 41: Gào đến rát họng cũng vô dụng","99352"
"2689","91","Tập 42: Đầu óc nổ tung rồi khai sáng","101814"
"2690","91","Tập 43: Hệ thống thứ hai","101815"
"2691","91","Tập 44: Rể ơi, đứng lại chút","102606"
"2692","91","Tập 45: Ta và cờ bạc ma túy tuyệt không chung sống","102607"
"3717","123","Chương 2, Tập 58: Nhớ Người Như Nước Sông Tây","101261"
"3718","123","Chương 2, Tập 59: Người Thiện Vui Vẻ","102063"
"3719","123","Chương 2, Tập 60: Sinh Ra Có Tài Chắc Có Dụng","102633"
"3721","123","Chương 2, Tập 62: Tĩnh Tâm Tu Thân","104033"
"3722","123","Chương 2, Tập 63: Kiên Trì Mở Đá Vàng","104990"
"3723","123","Chương 2, Tập 64: Tụ Phúc Tụ Thiên Sư Phù Hộ","105641"
"3724","123","Chương 2, Tập 65: Khi Nào Phải Cắt Thì Cắt","106296"
"3725","123","Chương 2, Tập 66: Thần Tài Cũng Phát Cuồng!!","107343"
"3726","123","Chương 2, Tập 67: Bất Ngờ Hay Kinh Hoàng?","108881"
"3727","123","Chương 2, Tập 68: Thích Làm Thầy Người","109473"
"1503","7","Ngoại truyện - Hỏi đáp độc giả kỳ một","123419"
"1504","7","016 Một kẻ giết người khác...?","124165"
"1505","7","017 Người giống tôi","124836"
"1507","7","019 Chỉ đường thần tiên · Phần hai","126153"
"1508","7","020 Chỉ đường thần tiên · Phần ba","126845"
"1964","49","Chương 2","113408"
"1965","49","Chương 3","113410"
"1966","49","Chương 4","113412"
"1967","49","Chương 5","113414"
"1968","49","Chương 6","113416"
"1969","49","Chương 7","113418"
"1970","49","Chương 8","113420"
"1971","49","Chương 9","113422"
"2929","102","Chương 5: Báo Thù","65485"
"1437","3","Chương 2","105715"
"1438","3","Chương 3","107587"
"1439","3","Chương 4","110195"
"1440","3","Chương 5","112836"
"1442","3","Chương 7","113587"
"1443","3","Chương 8","113588"
"1444","3","Chương 9","113590"
"1445","3","Chương 10","113951"
"1446","3","Chương 11","115674"
"7216","176","Bạn thật sự, mọi điều ước đều là bạn!","2372"
"10259","132","Bốn chân hoa sen sinh lửa rực rỡ, toàn thân vàng kim tỏa sáng dữ dội","385"
"1447","3","Chương 12","115684"
"1448","3","Chương 13","115689"
"1449","3","Chương 14","117231"
"1450","3","Chương 15","117885"
"1451","3","Chương 16","119561"
"1452","3","Chương 17","119603"
"55","6","Dự báo","122658"
"56","6","Chương 1: Giấc mơ x lộng lẫy","122659"
"57","6","Chương 2: Chờ đợi 'Bạn' bên gốc cây","122660"
"1479","6","Chương 3: Dùng thân làm mồi","123107"
"1480","6","Chương 4: Ai là con mồi","123110"
"1481","6","Chương 5: Kế trong kế","123126"
"1482","6","Danh sách trúng thưởng","124881"
"1483","6","Chương 6: Nên mặc thế nào","124341"
"1485","6","Chương 8: Muốn đón mà vẫn từ chối","125762"
"1456","4","5 ""Lan Tràn x Nuốt Chửng""","119921"
"1457","4","6 ""Điều Trị Đặc Biệt""","120400"
"1458","4","7 ""Đắng Cay và Non Nớt""","121894"
"1460","4","9 ""Thấy Em Lúng Túng""","123609"
"1461","4","10 ""Cơ Hội Thứ Ba""","124271"
"1462","4","11 ""Định Nghĩa Của Em, Định Nghĩa Của Anh""","125043"
"1463","4","Chiếm Đất Người Khác","125629"
"1465","4","14 ""Duyên Kỳ Diệu""","126925"
"1937","44","Chương 10: Tiếng Khóc Trẻ Con Nửa Đêm","121877"
"1938","44","Chương 11: Xác Sống Nhiệt Tình","122481"
"1939","44","Chương 12: Mỗi Ngày Gửi Bạn Một Nụ Cười","122951"
"3728","13","04","126597"
"3388","118","Chương 46","102906"
"3389","118","Chương 47","103593"
"3391","118","Chương 49","105829"
"3392","118","Chương 50","106725"
"3116","106","Chương 53 Tình bạn.","60075"
"3393","118","Chương 51","107277"
"3394","118","Chương 52","108181"
"3396","118","Chương 54","109762"
"3397","118","Chương 55","112496"
"3398","118","Chương 56","113783"
"3342","118","Dự Báo: Sếp Nữ Bắt Tôi Mời Cô Ấy Ăn Xiên Nướng!","42553"
"3343","118","Chương 1","42590"
"3344","118","Chương 2","42592"
"3345","118","Chương 3","42593"
"3346","118","Chương 4","42617"
"3347","118","Chương 5","42619"
"3348","118","Chương 6","42594"
"3349","118","Chương 7","42595"
"4737","151","76 Không thể ngăn anh ta","764"
"3350","118","Chương 8","42620"
"4738","151","77 Cuối cùng cũng bắt đầu","791"
"3351","118","Chương 9","42621"
"3352","118","Chương 10","42622"
"3353","118","Chương 11","43026"
"3354","118","Chương 12","43038"
"3355","118","Chương 13","42988"
"3356","118","Chương 14","44612"
"3357","118","Chương 15","44616"
"3358","118","Chương 16","46286"
"3359","118","Chương 17","46287"
"3360","118","Chương 18","47967"
"3361","118","Chương 19","48018"
"3362","118","Chương 20","49129"
"3363","118","Chương 21","49174"
"3364","118","Chương 22","50585"
"3365","118","Chương 23","50587"
"3366","118","Chương 24","51747"
"3367","118","Chương 25","51753"
"3368","118","Chương 26","52411"
"3369","118","Chương 27","52413"
"3370","118","Chương 28","53536"
"3371","118","Chương 29","53530"
"3372","118","Chương 30","54219"
"3373","118","Chương 31","54228"
"3374","118","Chương 32","55594"
"3375","118","Chương 33","55602"
"3376","118","Chương 34","56636"
"3377","118","Chương 35","56618"
"3378","118","Chương 36","57537"
"3380","118","Chương 38","57527"
"3160","107","05 Thắng Được Thưởng Công Chúa","56875"
"3381","118","Chương 39","57557"
"3382","118","Chương 40","57584"
"3383","118","Chương 41","58119"
"3385","118","Chương 43","100977"
"3386","118","Chương 44","101486"
"3387","118","Chương 45","102491"
"2847","101","Dự báo - Ra mắt ngày 25 tháng 10","62256"
"2848","101","Truyện tranh đã tròn một tuổi!","62257"
"2849","101","001 Thành phố Chu Tước nguy cấp, cứu tinh xuất hiện?","63459"
"2850","101","002 Đại chiến Taisui, giao chiến tay đôi bắt đầu!","63489"
"2851","101","003 Đại pháo Minh Năng, kế hoạch lộ diện","63492"
"2852","101","004 Kế hoạch thành công, sai sót bất ngờ","64850"
"2853","101","005 Cứu tinh bị bắt, Mili xuất hiện!","66608"
"2854","101","006 Vô tội được thả, rắc rối lại đến?","67470"
"2855","101","007 Bái sư học nghệ, báo động nửa đêm","70998"
"7996","184","Chương 10: Tán gái","1893"
"2857","101","009 Taisui tiến hóa, chiến đấu đẫm máu thất bại","73380"
"2858","101","010 Mưu kế Taisui, truy đuổi trở về thành","74277"
"2860","101","Hộp Thú Dữ chúc mọi người Giáng Sinh vui vẻ!","76580"
"4739","151","78 Khách không mời","815"
"4740","151","79 Không ai ở đây cả","831"
"3131","106","Chương 68 Bây giờ thế này... tính sao đây","61800"
"3132","106","Chương 69 Tôi hứa","61801"
"3133","106","Chương 70 Hạ nhiệt","62000"
"3134","106","Ngoại truyện: Nhật ký nuôi mèo của Bùi Tâm","62003"
"3135","106","Chương 71 Em trai vs Anh trai","62635"
"3137","106","Chương 73 Chúng ta sẽ không cãi nhau","62639"
"3138","106","Chương 74 Tôi đang ở dưới nhà cậu","62889"
"3140","106","Chương 76 Anh ấy hiểu rõ nhất","63461"
"2861","101","012 Mọi người đối đầu kẻ thù, thể hiện tài năng","77083"
"2862","101","Hộp Thú Dữ chúc mọi người Năm Mới vui vẻ!","78682"
"2863","101","013 Kết thúc Chu Tước Thành, hành trình mới bắt đầu","78768"
"2864","101","014 Lạc vào làng ẩn thế","80052"
"2865","101","015 Yến tiệc và bí mật","81109"
"2866","101","016 Dio và Bóng Tối","81779"
"2867","101","017 Gặp gỡ lần đầu và bí mật của người mẹ hiền","82522"
"3183","109","Khởi Hành","54063"
"4742","151","Chương cuối: Sợi dây đỏ","871"
"2924","102","Dự báo","61176"
"2925","102","Chương 1: Ký Sinh","62789"
"2926","102","Chương 2: Phản Kích","62901"
"2927","102","Chương 3: Hấp Thụ Năng Lượng","63166"
"2928","102","Chương 4: Sâu Huyết Thị","64585"
"2930","102","Chương 6: Mắt Phân Biệt","66452"
"2942","102","Sư Phụ Côn Trùng Ngày Tận Thế (Phiên Bản Tranh) 008","78348"
"3171","108","Ngày 31 tháng 8 Ra Mắt Chính Thức","52337"
"3172","108","00 Mở Đầu","53812"
"3173","108","01 Khởi Đầu Lại","54360"
"3175","108","03 Nghi Ngờ","54367"
"3176","108","04 Người Cũ","56254"
"3189","110","Dự báo","51755"
"3190","110","Tập 1 Niết Tiểu Thiện","58249"
"3191","110","Tập 2 Đòn đánh giảm chiều","60412"
"3192","110","Tập 3 Con gà thép không gỉ","61103"
"3193","110","Tập 4 Linh hồn cây","61870"
"3194","110","Chào hỏi đi","63040"
"3164","107","09 Ta Mới Là Người Sẽ Ly Hôn Với Ngươi","59076"
"3165","107","10 Muốn Trải Nghiệm Thoải Mái Hơn Không?","59079"
"3166","107","11 Ta Sẽ Lột Sạch Mọi Thứ","59083"
"3167","107","12 Đừng Dùng Năng Lực Của Ngươi Để Đo Lường Ta","61347"
"3168","107","13 Ta Đút Tay Vào Túi, Không Biết Địch Thủ Là Gì","61352"
"3169","107","14 Ai Thua Ai Cởi Đồ","62181"
"3170","107","15 Bệ Hạ, Muốn Đi Spa Không?","62193"
"3390","118","Chương 48","104352"
"3518","121","2","41078"
"3519","121","3","38215"
"3520","121","Tiểu Kịch Trường","41076"
"3521","121","4","38535"
"3522","121","5","38536"
"3523","121","6","38537"
"2725","96","Chương 1","71088"
"2726","96","Chương 2","71089"
"2727","96","Chương 3","71090"
"2728","96","Chương 4","71092"
"2729","96","Chương 5","71093"
"2730","96","Chương 6","71094"
"2731","96","Chương 7","71095"
"2732","96","Chương 8","71096"
"2733","96","Chương 9","71097"
"2734","96","Chương 10","71098"
"2736","96","Chương 12","71176"
"2737","96","Chương 13","71186"
"2738","96","Chương 14","71188"
"2739","96","Chương 15","71195"
"2740","96","Chương 16","71197"
"2741","96","Chương 17","71326"
"2742","96","Chương 18","71331"
"2744","96","Chương 20","71338"
"2745","96","Chương 21","78257"
"2746","96","Chương 22","78798"
"2747","96","Chương 23","80100"
"2748","96","Chương 24","80120"
"2751","96","Chương 27","81136"
"2752","96","Chương 28","81142"
"2753","96","Chương 29","83648"
"2754","96","Chương 30","84583"
"2755","96","Chương 31","89410"
"2756","96","Chương 32","94730"
"2757","96","Chương 33","101028"
"2758","96","Chương 34","102213"
"2759","96","Chương 35","109717"
"2760","96","Chương 36","113228"
"2762","96","Chương 38","119240"
"2763","96","Chương 39","119245"
"3524","121","7","38538"
"4743","151","Ngoại truyện 1","884"
"1940","44","Chương 13: Siêu Chiến Binh?","123239"
"3395","118","Chương 53","109183"
"3525","121","8","42233"
"3526","121","9","42239"
"3198","110","Tập 8 Giảm cân","70369"
"3200","110","Tập 10 Chuyên gia thể hình","73289"
"3201","110","Tập 11 Mua sắm","74273"
"3204","110","Tập 14 Quà Giáng Sinh","78634"
"3205","110","Tập 15 Phỏng vấn huyền bí","79974"
"3206","110","Tập 16 Ngày nghỉ","82387"
"3207","110","Tý Tý Như Ý, Năm Rắn Đại Cát!","83979"
"3208","110","Tập 17 Ngày lễ","83983"
"2870","101","020 Chó Ma và Thiên Lôi Vô Vọng","82717"
"2871","101","021 Giao chiến! Dio và Chó Ma","82745"
"2873","101","023 Ký ức và nhịp điệu","85706"
"2874","101","024 Tuyển chọn Vân Đài","87268"
"2875","101","025 Quá khứ và hiện tại","88349"
"2877","101","027 Nội tâm và nỗi sợ","90173"
"2878","101","028 Kẻ Phá Đất!","90953"
"2879","101","029 Báo động! Báo động!","91607"
"2880","101","030 Dio? Quyền Sắt?","92845"
"2881","101","031 Thử thách và quyết tâm","93861"
"2882","101","032 Thức tỉnh và hồi sinh","95115"
"2883","101","033 Cô ấy và Gió Núi","96597"
"2884","101","034 Cộng hưởng Gió Núi","97635"
"2885","101","Sự kiện ngày Quốc tế Lao động và tổng kết Hộp Thú Dữ","97963"
"2886","101","035 Đội tấn công Sa Vàng xuất hiện!","99014"
"2887","101","036 Giải cứu thoát thân","99727"
"2888","101","037 Bão Núi","100576"
"2889","101","038 Thù địch chết người","101443"
"2890","101","Tổng kết Taisui và sự kiện Tết Đoan Ngọ","101451"
"2893","101","041 Đội tấn công Sa Vàng đến nơi!","102887"
"2894","101","042 Vũ Khí Thư Viện Hộp Hoàng Gia","103490"
"2896","101","044 Trở về từ Địa Ngục (Có sự kiện ở cuối)","105203"
"2898","101","046 Sức mạnh của Chó Ma","105830"
"2899","101","047 Sức mạnh luyện kim","105878"
"2900","101","048 Cổ tay đứt nối lại","106526"
"2901","101","049 Bí mật và thư từ","107462"
"2902","101","050 Vách đá trong mơ (Có sự kiện trong kỳ này)","108725"
"2903","101","051 Lần đầu đến Thành Bạch Hổ","109935"
"2904","101","052 Gặp lại An","111040"
"2905","101","053 Câu chuyện cũ của Bạch Hổ","112255"
"2906","101","054 Thay trang phục và kẻ trộm","113602"
"2907","101","055 Đại lễ bắt đầu","114527"
"2909","101","057 Trận chiến trên trời","116508"
"2910","101","058 Thách đấu và ký ức","117913"
"2911","101","Thông báo sự kiện WF của Hộp Thú Dữ","118325"
"2912","101","059 Đại chiến thăng cấp","119287"
"2913","101","060 Kẻ Gặt hái tham chiến","119307"
"2914","101","061 Câu chuyện người xưa","120547"
"2915","101","062 Cặp đôi và huynh đệ","122422"
"2916","101","Sự kiện kỷ niệm truyện tranh","122807"
"2917","101","063 Thầy và sự lựa chọn","123106"
"2918","101","Kết thúc sự kiện kỷ niệm","123260"
"3010","104","1. Phế vật","60238"
"3011","104","2. Tất cả đều là lỗi của tôi","60677"
"3012","104","3. Tôi không xứng làm hiệp khách","60678"
"3023","104","14. Đánh bay bọn mày!!","83749"
"3024","104","15. Đối chiến Thần Quyền Tông","84741"
"3025","104","16. Trận chiến ác liệt","86975"
"3026","104","17. Bách Bộ Thần Quyền","88999"
"3027","104","18. Bùng phát","90616"
"3029","105","Chương 1: Ngôn Ngữ Bánh Xe","57829"
"3030","105","Chương 2: Tình Không Đành","59392"
"3031","105","Chương 3: Theo Chặng Đường Của Anh","60408"
"3032","105","Tuyển Tập Minh Họa Moto-Style 1","61496"
"3033","105","Chương 4: Tiến Về Phía Trước Không Ngại Ngần","63839"
"3034","105","Chương 5: Bước Chân Không Ngừng","65854"
"3035","105","Chương 6: Tạm Biệt Quá Khứ","66998"
"3036","105","Chương 7: Tri Kỷ","68475"
"3037","105","Tuyển Tập Minh Họa Moto-Style 2","71340"
"3038","105","Chương 8: Cuối Tuần Vui Vẻ","72549"
"3039","105","Chương 9: Mầm Non","73784"
"3040","105","Chương 10: Dấu Ấn Thời Gian","74865"
"2919","101","064 Taisui! Bạch Hổ?","123747"
"3041","105","Chương 11: Tình Yêu Và Nghi Thức","76268"
"3042","105","Tuyển Tập Minh Họa Moto-Style 3","77999"
"3043","105","Chương 12: Duyên Cưỡi Ở Thị Trấn Nhỏ","79031"
"3044","105","Chương 13: Sao Băng","80593"
"3045","105","Chương 14: Gặp Đối Thủ Cưỡi Xe","81726"
"3046","105","Chương 15: Cậu Bé Già","83671"
"3047","105","Tuyển Tập Minh Họa Moto-Style 4","85161"
"3048","105","Chương 16: Đường Thẳng Song Song","86805"
"3049","105","Ngoại Truyện Nhỏ: Kinh Hoàng Luyện Xe","88929"
"3050","105","Chương 17: Tuyển Tập Độc Thoại","89734"
"3051","105","Chương 18: Cuộc Sống Hai Mặt","97025"
"3052","105","Chương 19: Sự Sống Mới","97055"
"3053","105","Tuyển Tập Minh Họa Moto-Style 5","98022"
"3054","105","Chương 20: Hiệp Sĩ Rock","100310"
"3055","105","Chương 21: Chuyến Đi Ổn Định Của Cuộc Đời","100316"
"3056","105","Chương 22: Dấu Vết Của Ngày Dài","101076"
"3057","105","Chương 23: Nửa Ngày Vui Vẻ","103160"
"3058","105","Kỳ 24: Dã Ngoại Ven Đường","105377"
"3060","105","Kỳ 25: Bay Song Hành","105380"
"3061","105","Kỳ 26: Chuyến Đi Tốt Nghiệp","106030"
"2920","101","065 Long tranh hổ đấu","124407"
"2921","101","066 Xâm lược trên trời","125261"
"2923","101","068 Tham chiến tử đấu","126352"
"1509","1","3 Chinh phục vị giác của bạn","123078"
"1510","1","4 Giúp tôi xoa bóp","123085"
"1511","1","5 Tôi có thể cứu cô ấy!","123700"
"1512","1","6 Khám trực tràng","124360"
"1513","1","7 Đồ kẻ trộm hoa!","124484"
"1514","1","8 Hoa Tử Hư, chính bạn mới là người không nhân từ trước","125208"
"3155","107","1 - Dự Báo","53969"
"3156","107","01 Trở Thành Nam Chính爽文 Mạnh Nhất!","55735"
"3157","107","02 Thua Thì Thành Thái Giám?","55737"
"3158","107","03 Kế Hoạch Săn Xuân","55739"
"3159","107","04 Quả Thật, Lợn Không Đuổi Kịp","56874"
"3161","107","06 Ngươi Còn Chưa Đuổi Kịp Khói Xe Ta","57636"
"3162","107","07 Dùng Sức Mạnh Tiêu Diệt Ngươi Ngay Lập Tức","57638"
"3163","107","08 Giữ Lực Để Tát Vào Mặt Ngươi","59071"
"3209","111","Không sao, làm lại từ đầu!!","51378"
"3210","111","Ồ? Kịch tính đấy!","52854"
"3211","111","Nào nào, các người cùng ra tay!","53700"
"3212","111","Ta, Hồ Hán Tam, lại trở lại rồi!","54335"
"3213","111","Loại đồ tồi nào mà ta không nghiền nát được?","54337"
"3214","111","Tăng độ khó lên chút đi.","55975"
"3215","111","Vậy thì đi làm ma đi!","57027"
"1515","1","9 Tự kiểm tra của vợ chồng","125596"
"1516","1","10 Trường chiến đấu Shura?","125799"
"1517","1","11 Trà thần tiên!","126294"
"1472","5","Chương 8: Không bị kiểm soát","119300"
"1473","5","Chương 9: Lời xin lỗi","121177"
"1475","5","Chương 11: Chó giữ thức ăn","123877"
"1476","5","Chương 12: Khát khao","125380"
"1477","5","Chương 13: Chó bị mắng","125969"
"1478","5","Chương 14: Tôi muốn anh hứa không rời bỏ tôi","126710"
"3579","122","Dự báo","36303"
"3580","122","Thao Tác Diệt Tông Thông Thường","36364"
"3581","122","Kế Hoạch Thông Minh Có Phần Bẫy","36365"
"3582","122","Cầu Cứu Trở Thành Cầu Cứu","36370"
"3583","122","Lão Tăng Tranh Thủ Người Khó","36367"
"3584","122","Bước Ngoặt Chỉ Trong Khoảnh Khắc","36368"
"3585","122","Đánh Nhiều Không Chết","36371"
"3586","122","Bắt Tướng Trước Kẻ Trộm","36372"
"3588","122","Cậu Muốn Làm Gì Tôi?","36374"
"3589","122","Đánh Boss Vượt Cấp","36375"
"3590","122","Bắt Đứa Trẻ Ma","36385"
"3592","122","Tranh Đoạt Chủ Môn","36387"
"3593","122","Cao Thủ Ngồi Trấn","36390"
"3594","122","Cái Ác Của Chính Đạo","36391"
"3595","122","Phong Cách Lãnh Đạo","55130"
"3596","122","Ai Già Hơn Ai Có Chỗ Dựa Mạnh Hơn","55131"
"3597","122","Giai Đoạn Hai Của Cải Tạo Cơ Thể","55132"
"1941","44","Chương 14: Ông Của Bố Gọi Là Gì?","123725"
"1942","44","Chương 15: Tiếng Chuông Hy Vọng","124014"
"1943","44","Chương 16: SOS","124419"
"1944","44","Chương 17: Ba Tấc Lưỡi Không Bao Giờ Thối","124520"
"1945","44","Chương 18: Tự Vệ Lại Gặp Tự Vệ","125184"
"1946","44","Chương 19: Anh Hùng Bình Thường Trong Thời Kỳ Hỗn Loạn","125399"
"3286","116","14 Thiếu Hiệp Không Yêu Tiền","52332"
"27411","136","Chương 1 Chương 18 Phần 1","40"
"7992","184","Chương 6: Thi đấu","1871"
"7993","184","Chương 7: Thi đấu! Chế tạo Trấn Linh Trụ","1872"
"7994","184","Chương 8: Sao chép? Dán!","1878"
"7995","184","Chương 9: Tiểu sư tỷ xuất hiện!","1891"
"15845","148","Chương 206: Tiến gần Bắc Vãng Dương","2092"
"15850","148","Chương 211: Chắc chắn rồi","2219"
"15851","148","Chương 212: Tiến gần Bắc Vãng Dương","2230"
"7709","132","Sờ Kỳ Lân, cầu may mắn","489"
"7124","132","Anh ơi, anh ơi! Nhìn đây! ​​​​","494"
"7718","132","Một núi không chứa hai hổ, gặp nhau chỉ thêm phiền","682"
"4744","151","Ngoại truyện 2","903"
"7719","132","Chuẩn bị kỹ trước khi phẫu thuật","699"
"3515","121","Dự báo","29935"
"7217","176","Trăng tròn Trung Thu, bánh là hương của bạn~","2483"
"7219","176","Ai chụp trăng đẹp nhất đây!","2493"
"7220","176","Tình cảm sai lầm trong mùa thu vàng này~","2504"
"7223","176","Có những người trong đời, quay người là không còn~","9008"
"7224","176","Có một người bạn kín miệng là trải nghiệm thế nào?","9886"
"7225","176","Có một người bạn chữa lành là trải nghiệm thế nào~","10866"
"9890","145","96 Rút Khỏi Thiên Can Thánh Đồ","71046"
"9891","145","97 Hợp Nhất Pháp Bảo","76555"
"9892","145","98 Hoàng Tộc Bình Đẳng (Phần 1)","82059"
"9893","145","99 Hoàng Tộc Bình Đẳng (Phần 2)","87372"
"9894","145","100 Dương Lôi Cực Thượng","91031"
"15852","148","Chương 213: Sao lại là cậu nữa","2250"
"3983","141","Chương 23: Anh Siming Có Bị Sốt Không?","1736"
"3984","141","Chương 24: Cố Nặc Nhi, Anh Có Gì Đó Không Ổn","1742"
"3234","114","Dự Báo: Phần Hồ Sơ Thú Cưng","46830"
"3235","114","Tiết Lộ: Hồ Sơ Bảo Tàng Thú Cưng 2","47938"
"3236","114","Mở Đầu Giấc Mơ","49370"
"3237","114","Bạn Biết Mà","49393"
"3238","114","Tiền Mau Quay Về","50628"
"3239","114","‘Đồ Bẩn’ Trong Hầm","51990"
"3240","114","Muốn Tạo Bất Ngờ Cho Bạn","53182"
"3241","114","Tin Nhắn Bí Ẩn 1","54566"
"3242","114","Dự Báo Cập Nhật","87124"
"1947","44","Chương 20: Người Đàn Ông Đó, Anh Ấy Đến Rồi!","125797"
"1948","44","Chương 21: Chúng Ta Thật Sự Vẫn Còn Hy Vọng Chứ?","126163"
"1949","44","Chương 22: Một Người Một Kiếm","126534"
"8007","184","Chương 21: Giao dịch không công bằng","1947"
"1950","44","Chương 23: Đối Đầu Trực Tiếp Với Ma Quỷ Thời Kỳ Hỗn Loạn","126852"
"1951","44","Chương 24: Thần Hộ Mạng Khu Dân Cư","127112"
"1988","51","Chương 8","113269"
"1989","51","Chương 9","113271"
"1990","51","Chương 10","113272"
"1991","51","Chương 11","113275"
"3059","105","Tuyển Tập Minh Họa Moto-Style 6","105378"
"2869","101","019 Pháo Ba Lá","82708"
"2872","101","022 Vết thương của Mili","82753"
"2876","101","026 Biến mất và lo lắng","89394"
"2891","101","039 Trọng Giáp tái sinh","101457"
"2892","101","040 Trọng Giáp phản công","102176"
"2895","101","043 Đội toàn năng tập hợp!","104195"
"2922","101","067 Không chiến Taisui","125783"
"3071","106","Chương 10 Bạn cùng lớp hay bạn bè?","57324"
"3307","116","35 Vịt Hầm Nồi Sắt, Thật Thơm Ngon","65760"
"3308","116","36 Thảo Luận Sâu Sắc Về Cuộc Sống Với Hoa Khôi","67209"
"3072","106","Ngoại truyện: Bất ngờ Giáng Sinh!","57325"
"3313","117","04 Để ta dạy ngươi cách chữa bệnh!","46609"
"3400","120","01 Được cứu mà không biết ơn? Tao không để mày chết đuối!","38174"
"7226","176","Không khuyên mọi người mù quáng tin vào học thuyết thành công~","11694"
"4068","184","Chương 22: Dao động năng lượng","1958"
"3399","120","Dự Báo","37780"
"3329","117","20 Học nghệ không tinh thì đừng làm mất mặt","55740"
"3330","117","21 Chửi càng nặng ta càng hưng phấn","55741"
"3331","117","22 Hãy để đệ tử ta cùng chết!","56872"
"3332","117","23 Nhanh hút một hơi của sư tỷ!","56873"
"3333","117","24 Chắc chắn có thể chữa khỏi cho ngươi!","57632"
"3334","117","25 Y thuật tầm thường đừng có hại người khắp nơi!","57635"
"3335","117","26 Cái này có phải quá mập mờ không?","59016"
"3336","117","27 Không ngờ ngươi có sở thích này","59031"
"3337","117","28 Dám xem ta như lợn rừng?","59099"
"3339","117","30 Trước y học cổ truyền không có bí mật","61356"
"3340","117","31 Trả giá cho lỗi lầm của đệ đệ","61362"
"3341","117","32 Ngươi sẽ hối hận vì bắt nạt sư tỷ ta","62192"
"3527","121","10","42286"
"3528","121","11","42296"
"3529","121","12","42298"
"3530","121","13","42299"
"3531","121","14","42308"
"3532","121","15","42314"
"3534","121","17","42317"
"3535","121","18","46555"
"3536","121","19","46651"
"3541","121","24","51759"
"3542","121","25","51760"
"3543","121","26","53797"
"3544","121","27","53798"
"3545","121","28","53799"
"3546","121","29","53830"
"3547","121","30","56440"
"3548","121","31","56441"
"3549","121","32","56442"
"3550","121","33","56445"
"3551","121","34","56607"
"3552","121","35","56608"
"3553","121","36","56612"
"3555","121","38","56864"
"3556","121","39","56865"
"2015","53","Chương 12","113078"
"2016","53","Chương 13","113080"
"2017","53","Chương 14","113082"
"2151","60","Mở đầu","107469"
"2061","55","Tam Muội Chân Hỏa","117882"
"2062","55","Cưa Xích Thu Hồn","119226"
"2063","55","Luyện Khí Huyết Cốt","119754"
"2064","55","Truy Sát Thụ Yêu","121140"
"2065","55","Yêu Đương Có Tội, Độc Thân Vạn Tuế","121149"
"2066","55","Âm Mưu Môn Tu Sinh","121604"
"2067","55","Cây Yêu Bồn Cảnh","121609"
"2068","55","Con Trai Tốt","124037"
"2070","55","Hổ Binh Quân","125483"
"2071","55","Tu Sinh Môn Nhị Trưởng Lão","125484"
"2072","55","Quyết Đấu Hồn Phách","125485"
"2041","45","Chương 9: Trả góp","121528"
"2042","45","Chương 10: Mỗi người một duyên","122744"
"2043","45","Chương 11: Lựa chọn điên rồ","123445"
"2044","45","Chương 12: Tu luyện cần thiết","124203"
"2046","45","Chương 14: Gấu xuất hiện","125580"
"2047","45","Chương 15: Cổ trạch nhà họ Hà","126145"
"2048","45","Chương 16: Oán linh","126679"
"2049","45","Chương 17: Thoát khỏi phòng bí mật","126953"
"2153","61","Quẻ Thứ Nhất","105832"
"2154","61","Quẻ Thứ Hai","105915"
"2155","61","Quẻ Thứ Ba","106058"
"2156","61","Thông Báo Cập Nhật","106380"
"2158","61","Quẻ Thứ Năm","115465"
"2159","61","Quẻ Thứ Sáu","120037"
"2160","61","Quẻ Thứ Bảy","123640"
"2161","61","Quẻ Thứ Tám","126990"
"3384","118","Chương 42","58217"
"4393","67","Chương 1","100649"
"4204","188","Bão (Phần Giữa)","35084"
"4207","188","Diễn Xuất","35704"
"4182","188","Khởi Chiến (Phần 2)","28259"
"4208","188","Thế Giới Mới","36153"
"15856","148","Chương 217: Quả là tội lỗi","2431"
"4209","188","Cung Điện Cũ","36276"
"4183","188","Chiến Thắng (Phần 1)","28525"
"2020","54","Chương 3","112912"
"2021","54","Chương 4","112916"
"7999","184","Chương 13: Trận Hồn Cung Kỳ Tiểu Mạn!","1905"
"2022","54","Chương 5","112919"
"2023","54","Chương 6","112921"
"2024","54","Chương 7","112924"
"10261","132","Linh linh lảnh lảnh, chuông reo vang","387"
"15860","148","Chương 221: Thuốc! Thuốc!","2514"
"3416","120","17 Người Phụ Nữ Bí Ẩn Xuất Hiện","59734"
"3417","120","18 Chú Bị Bắt Đi","60950"
"3419","120","20 Con Gái Biển, Trở Về Đại Dương...","62703"
"3420","120","21 Đây Là Nơi Nào?!","64049"
"3421","120","22 Tia Sáng Trong Bóng Tối","65636"
"3422","120","23 Sao Có Thể Bỏ Mặc Mày!","67109"
"3424","120","25 Vòng Lặp Bi Thảm","71489"
"3425","120","26 Nỗi Nhớ Sâu Thẳm Trong Ký Ức","72850"
"3426","120","27 Ký Ức Cổ Đại","73934"
"3427","120","28 Sao Có Thể Chết Ở Đây!","75060"
"3428","120","29 Nỗi Ám Ảnh Của Đảo Nổi","76362"
"3429","120","30 Nắm Chặt! Nhất Định Phải Sống Sót!","78221"
"3430","120","31 Cái Miệng Máu Me Phía Trước","79499"
"3431","120","32 Tạm Biệt! Kết Cục Của Những Người Bạn!","80397"
"3432","120","33 Tóm Tắt Bổ Sung Thiết Lập","81852"
"3599","122","Nói Rõ Ràng Để Tôi Chọn","55134"
"3600","122","Quyết Định Thuộc Về Tôi","55135"
"3601","122","Trở Về Bản Nguyên","55136"
"3602","122","Ai Đến Trước","57697"
"3603","122","Có Tôi Ở Đây","57698"
"3604","122","Uy Lực Của Hóa Thần Cảnh","57699"
"3834","135","Thông Báo","126326"
"3557","121","40","57189"
"3558","121","41","57193"
"3559","121","42","57195"
"3560","121","43","57197"
"3561","121","44","57200"
"3562","121","45","57208"
"3563","121","46","57210"
"3564","121","47","57213"
"3565","121","48","57214"
"2025","54","Chương 8","112926"
"2026","54","Chương 9","112930"
"2027","54","Chương 10","112931"
"2028","54","Chương 11","112933"
"2029","54","Chương 12","112936"
"2030","54","Chương 13","112939"
"2031","54","Chương 14","112941"
"2073","56","Chương 1","111187"
"10238","132","Không có điềm báo trong truyền thuyết, nhưng tôi đã trúng độc của bạn rồi","364"
"3091","106","Chương 28 Hiểu lầm của em trai","57886"
"3100","106","Chương 37 Miệng đau thì làm sao?","58306"
"3114","106","Chương 51 Mông to của A Phúc","60050"
"3136","106","Chương 72 Ai bắt nạt ai?","62637"
"3139","106","Chương 75 Tôi cũng sẽ đối tốt với cậu","63149"
"3153","106","Chương 86 Rất mong chờ.","115580"
"8001","184","Chương 15: Đồng đội vụng về","1917"
"3218","113","Chương 1: Hoàng Tử Đến","49761"
"3278","116","06 Trời ơi! Đại Uy Thiên Long!","47656"
"3306","116","34 Nữ Ngự Sử Xinh Đẹp","64357"
"3379","118","Chương 37","57553"
"3442","119","Chương 8: Không để bạn quyết định","44953"
"4186","188","Khải Hoàn (Phần 2)","29259"
"4187","188","Phá Cục","29562"
"4188","188","Chiến Dịch Mới (Phần 1)","29856"
"4196","188","Mầm Non Mới (Phần 2)","32451"
"15861","148","Chương 222: Chạy!","2532"
"7210","176","Điều đẹp nhất không phải là ngày mưa...","2334"
"9900","145","106 Anh Thích Em","124304"
"3443","119","Chương 9: Tuyệt đối không thể","58413"
"4113","163","Ai Mà Không Yêu Chó To","21416"
"4114","163","Vài Người Có Nỗi Buồn","22128"
"4115","163","Hái Hoa Cẩn Thận","22649"
"4116","163","Không Phải Cô Ấy","23499"
"4117","163","Hoa Là Cuộc Đời","24334"
"4118","163","Chính Là Cảm Giác Này","24335"
"4119","163","Cái Thông Thiên Này Khác Biệt","24336"
"4120","163","Nợ Cậu Một Đại Ân Tình","24831"
"3418","120","19 Người Phụ Nữ Bất Chấp!","61660"
"3423","120","24 Chúng Ta—Về Nhà—","68955"
"1627","10","Chương 23: Thần Thần Giao Con","126220"
"1635","15","Chương 3: Phiên bản Furry của “Chụp thay” và “Quản trường”","126429"
"3467","119","Chương 33: Anh nên nhận thua đi","78327"
"3761","133","28 - Trận chiến cầu","57884"
"3762","133","Thiên Tân Ý Hàng NEX Triển lãm bảy ngày","58995"
"3763","133","29 - Ý chí bản thân","59490"
"3764","133","Chap 30 hoãn cập nhật đến 10.12 TAT","60857"
"3765","133","30 - Ưu thế? Nhược điểm? (Phần trên)","61446"
"3766","133","31 - Ưu thế? Nhược điểm? (Phần giữa)","62633"
"3767","133","32 - Ưu thế? Nhược điểm? (Phần dưới)","63970"
"3769","133","33 - Giấc mơ × Tiếng súng","65613"
"3771","133","35 - 10% (Phần trên)","68546"
"3772","133","36 - 10% (Phần dưới)","71434"
"3773","133","37 - Thời gian quý giá","72753"
"3774","133","38 - Thức tỉnh Vòng Đen · Chính","73877"
"3775","133","Đơn xin nghỉ","74917"
"3776","133","39 - Thức tỉnh Vòng Đen · Tà","76246"
"3777","133","Cập nhật ban ngày ngày 28","78071"
"3778","133","40 - Trận phản công mê cung bắt đầu!","78205"
"3779","133","Năm mới đến rồi, tham gia rút thăm ở phần bình luận nhé~","78656"
"3782","133","42 - Vòng Hai","81817"
"3783","133","43 - Lâm Đạo Sinh","83792"
"3784","133","44 - Tâm niệm","84713"
"3785","133","45 - Giấc mơ × Biển × Người (Phần trên)","85182"
"3786","133","Cập nhật lúc nửa đêm Chủ nhật","86763"
"3787","133","46 - Giấc mơ × Biển × Người (Phần dưới)","86987"
"3788","133","Điều chỉnh thời gian cập nhật chap 47","87024"
"3789","133","47 - Không phân biệt địch ta","88966"
"3790","133","48 - Tro tàn lan rộng","89794"
"3793","133","50 - Lạc lối × Hồi hai thế hệ bảo hộ · Phần hai","91242"
"3794","133","Hoãn cập nhật, cập nhật Chủ nhật","92083"
"2074","56","Chương 2","111599"
"2075","56","Chương 3","111601"
"2077","56","Chương 5","111605"
"2078","56","Chương 6","111607"
"2079","56","Chương 7","111609"
"2080","56","Chương 8","111611"
"2081","56","Chương 9","111615"
"2082","56","Chương 10","111618"
"2083","56","Chương 11","111621"
"2095","57","Chương 12","111542"
"8498","132","Tắm rửa cần rất nhiều can đảm","706"
"2098","58","Chương 2: Tôi Bị Bắt","107339"
"2099","58","Chương 3: Sổ Tay Thuật Sư","107340"
"2100","58","Chương 4: Quan Giả","107551"
"2101","58","Chương 5: Thử Thách","107809"
"2102","58","Chương 6: Tố Ni Ya • Thác Vĩ","107810"
"2103","58","Chương 7: Không, Cậu Phải Luyện Kiếm","108223"
"2104","58","Chương 8: Kiếm Cơ, Chưa Được Nghỉ","108225"
"2105","58","Chương 9: Nếu Tôi Sai, Hãy Để Pháp Luật Trừng Phạt Tôi","108438"
"2106","58","Chương 10: Kiếm Cơ Hạ Xuống Bên Tôi","108439"
"3740","133","09 - Khủng hoảng","34695"
"9901","145","107 Để tôi bảo vệ bạn","124323"
"3732","133","01 - Cái chết là hy vọng","32587"
"3733","133","02 - Tội lỗi của sự yếu đuối","32593"
"3734","133","03 - Giá của ba triệu","32680"
"3735","133","04 - Anh ấy đã đến","32685"
"3736","133","05 - Vị thần bị xóa sổ","32785"
"3737","133","06 - Tiên tri","33241"
"3738","133","07 - Căn cứ","34127"
"3739","133","08 - Kẻ thù hay đồng minh","34198"
"3741","133","10 - Vòng Đen","35926"
"3743","133","12 - Thể hiện quyết tâm","37344"
"3744","133","13 - Thức tỉnh đầu tiên","38340"
"3745","133","14 - Cuộc tấn công toàn diện","38917"
"3746","133","15 - Dị năng giả Vòng Đen","41412"
"3747","133","16 - Trận chiến của tia lửa","42118"
"3748","133","17 - Lò nung cháy (Phần trên)","43170"
"3749","133","18 - Lò nung cháy (Phần dưới)","45003"
"15866","148","Chương 227: Sao tôi không ngửi thấy","2632"
"15868","148","Chương 229: Biết mình biết ta","2655"
"7228","176","Mơ thấy rồng liếm, năm sau kiếm bộn tiền~","13962"
"7229","176","Muốn một người bạn tắm suối nước nóng như thế này không?","14744"
"3864","134","30 Lân Vân Phần Tiểu Chương","801"
"3598","122","Lý Thuyết Liên Hệ Thực Tế","55133"
"8002","140","Thanh Điểu Ẩn Hình","1924"
"3866","134","32 Lân Vân Phần Hồng Lăng (Phần 2)","862"
"7230","176","Mục tiêu năm đạt được!","17500"
"10286","132","Con đi ngàn dặm, mẹ lo, cha cũng lo","412"
"3243","115","Thông Báo Ra Mắt","41606"
"3244","115","Chương 1","43686"
"3245","115","Chương 2","43690"
"3246","115","Chương 3","47014"
"3248","115","Chương 5","47017"
"3249","115","Chương 6","48234"
"3250","115","Chương 7","48450"
"3251","115","Chương 8","48492"
"3252","115","Chương 9","48577"
"3253","115","Chương 10","48671"
"3254","115","Chương 11","48982"
"3255","115","Chương 12","49389"
"3256","115","Chương 13","49693"
"3257","115","Phần Ký Ức · Mùa 1 Tập 01","49694"
"3258","115","Phần Ký Ức · Mùa 1 Tập 02","49695"
"3259","115","Phần Ký Ức · Mùa 1 Tập 03","49696"
"3566","121","49","57215"
"3567","121","50","57216"
"3568","121","51","57217"
"3569","121","52","57218"
"3570","121","53","57220"
"3571","121","Tiểu Kịch Trường Tết Nguyên Đán 1","83123"
"3572","121","Tiểu Kịch Trường Tết Nguyên Đán 2","83125"
"3573","121","Tiểu Kịch Trường Xuân Mới 3","83127"
"3574","121","54","84468"
"3575","121","55","84906"
"3576","121","Thông Báo Nghỉ Xuất Bản","86288"
"3577","121","56","87305"
"3578","121","57","88910"
"3516","121","Mở đầu","38207"
"3517","121","1","38211"
"3260","115","Phần Ký Ức · Mùa 1 Tập 04","49697"
"3261","115","Phần Ký Ức · Mùa 1 Tập 05","49698"
"3262","115","Phần Ký Ức · Mùa 1 Tập 06","50357"
"3263","115","Phần Ký Ức · Mùa 1 Tập 07","50360"
"3264","115","Phần Ký Ức · Mùa 1 Tập 08","50364"
"3265","115","Phần Ký Ức · Mùa 1 Tập 09","50370"
"3266","115","Phần Ký Ức · Mùa 1 Tập 10","50371"
"3267","115","Phần Ký Ức · Mùa 1 Tập 11","51288"
"3268","115","Phần Ký Ức · Mùa 1 Tập 12","51289"
"3269","115","Phần Ký Ức · Mùa 1 Tập 13","51291"
"3270","115","Phần Ký Ức · Mùa 1 Tập 14","51292"
"3271","115","Phần Ký Ức · Mùa 1 Tập 15","51294"
"3217","113","Dự báo","49760"
"3219","113","Chương 2: Âm Dương Sơ Lạc","49762"
"3220","113","Chương 3: Khách Không Mời","49763"
"3221","113","Chương 4: Lạc Ở Nơi Xa Lạ","49766"
"3222","113","Chương 5: Rơi Xuống Bụi Đời","49768"
"3223","113","Chương 6: Một Mét Ánh Nắng","49769"
"3224","113","Chương 7: Đây Chính Là Bóng Đá","49777"
"3225","113","Chương 8: Môn Thể Thao Kỳ Diệu","49781"
"3226","113","Chương 9: Lần Đầu Xuất Hiện","51166"
"3227","113","Chương 10: Trải Nghiệm Bóng Đá Đầu Tiên","51209"
"3228","113","Chương 11: Cảm Giác Kỳ Diệu","51362"
"3229","113","Chương 12: Một Cú Đá Thành Công","51369"
"3230","113","Chương 13: An Ủi","53200"
"3231","113","Chương 14: Khởi Đầu Mới","54028"
"3232","113","Chương 15: Tôi Muốn Đá Bóng","54705"
"3233","113","Chương 16: Trường Trung Học Tư Thục Bác Văn","55669"
"7231","176","Nằm nghỉ có lý do, cuốn theo cũng có ý nghĩa~","18235"
"3868","134","34 Lân Vân Phần Thanh Nhãn (Phần 2)","991"
"3869","134","35 Lân Vân Phần Dạ Tịch (Phần 1)","1031"
"3870","134","36 Lân Vân Phần Dạ Tịch (Phần 2)","1116"
"3871","134","37 Lân Vân Phần Khí Linh (Phần 1)","1152"
"3872","134","38 Lân Vân Phần Khí Linh (Phần 2)","1194"
"8003","184","Chương 17: Một đấm siêu nhân","1932"
"15874","148","Chương 235: Thù không đội trời chung","2744"
"3875","134","41 Lân Vân Phần Lân Mộng (Phần 1)","1452"
"3876","134","42 Lân Vân Phần Lân Mộng (Phần 2)","1480"
"3877","134","43 Lân Vân Phần Thần Hê (Phần 1)","1511"
"4090","148","Chương 225: Tộc sói thảo nguyên","2589"
"3879","134","45 Lân Vân Phần Phong Khởi (Phần 1)","1600"
"3880","134","46 Lân Vân Phần Phong Khởi (Phần 2)","1632"
"3882","134","48 Lân Vân Phần Vân Dũng (Phần 2)","1689"
"3883","134","49 Lân Vân Phần Ấn Tín (Phần 1)","1718"
"15879","148","Chương 240: Người chơi, hãy chọn phe","2819"
"15880","148","Chương 241: Tôi ngớ người rồi","2892"
"3886","134","52 Lân Vân Phần Tù Lồng (Phần 2)","2094"
"8004","184","Chương 18: Thanh niên bồng bột","1934"
"3888","134","54 Lân Vân Phần Nguyệt Ảnh (Phần 2)","2160"
"3889","134","55 Lân Vân Phần Linh Tràm (Phần 1)","2207"
"3890","134","56 Lân Vân Phần Linh Tràm (Phần 2)","2249"
"3891","134","57 Lân Vân Phần Cửu Cân (Phần 1)","2267"
"15893","148","Chương 254: Không có ánh trăng","3082"
"10246","132","Cuộc thi lăn bóng của hồ ly chín đuôi bắt đầu rồi!","372"
"3895","134","61 Linh Hư - Ngoại truyện: Câu Ếch (Phần 3)","2358"
"10287","132","Chương đầu nuôi thú cưng của Thái tử Na Tra","414"
"3897","134","63 Lân Vân Phần Dao Đài (Phần 2)","2439"
"3898","134","64 Lân Vân Phần Tiên Đằng (Phần 1)","2457"
"3899","134","65 Lân Vân Phần Tiên Đằng (Phần 2)","2479"
"3900","134","66 Lân Vân Phần Xà Ảnh (Phần 1)","2506"
"3901","134","67 Lân Vân Phần Xà Ảnh (Phần 2)","2933"
"7232","176","Chỉ bạn thật sự mới làm dịu được nỗi đau~","19730"
"7233","176","Ăn cháo không có tỏi thì mất nửa hương vị!","20700"
"7234","176","Tình bạn không có độ ẩm thì khô khan!","22407"
"3640","123","Chương 1, Tập 01: Gặp Gỡ Là Duyên","37904"
"3642","123","Chương 1, Tập 03: Thả Lỏng Cũng Là Tự Kỷ Luật","37910"
"3904","134","70 Lân Vân Phần Điện Tế (Phần 1)","2994"
"3905","134","71 Lân Vân Phần Điện Tế (Phần 2)","3016"
"3906","134","72 Lân Vân Phần Điện Bị (Phần 1)","3028"
"3907","134","73 Lân Vân Phần Điện Bị (Phần 2)","3050"
"3908","134","74 Lân Vân Phần Diễm Nha (Phần 1)","3091"
"3909","134","75 Lân Vân Phần Diễm Nha (Phần 2)","3192"
"8024","184","Chương 38: Nhập giá","2077"
"3911","134","77 Lân Vân Phần Phong Lân (Phần 2)","3307"
"3912","134","78 Lân Vân Phần Nguyệt Thăng (Phần 1)","3425"
"3913","134","79 Lân Vân Phần Nguyệt Thăng (Phần 2)","3475"
"7235","176","Tiểu niên tiểu niên, làm hết việc~","23863"
"3914","134","80 Lân Vân Phần Huỳnh Quang (Phần 1)","3501"
"3915","134","81 Lân Vân Phần Huỳnh Quang (Phần 2)","10730"
"3916","134","82 Lân Vân Phần Ma Loạn (Phần 1)","13632"
"3917","134","83 Lân Vân Phần Ma Loạn (Phần 2)","18430"
"15894","148","Chương 255: Trưởng làng đến rồi","3113"
"3919","134","85 Lân Vân Phần Luận Đạo (Phần 2)","24056"
"3920","134","86 Lân Vân Phần Tỏa Nguyệt (Phần 1)","28387"
"3922","134","88 Lân Vân Phần Âm Dương (Phần 1)","34898"
"3923","134","89 Lân Vân Phần Âm Dương (Phần 2)","38326"
"3925","134","91 Lân Vân Phần Chung Hưởng (Phần 2)","47829"
"3926","134","92 Lân Vân Phần Hậu Ký","52593"
"3927","134","93 Tuyệt Minh Phần Tiểu Chương","61630"
"3928","134","94 Tuyệt Minh Phần Khai Hoang (Phần 1)","64916"
"3929","134","95 Tuyệt Minh Phần Khai Hoang (Phần 2)","68002"
"3931","134","97 Tuyệt Minh Phần Nhập Sơn (Phần 2)","75240"
"3932","134","98 Tuyệt Minh Biên: Sơn Chủ (Phần 1)","78751"
"3933","134","99 Tuyệt Minh Biên: Sơn Chủ (Phần 2)","81929"
"3934","134","100 Tuyệt Minh Biên: Vân Vụ (Phần 1)","87060"
"3935","134","101 Tuyệt Minh Biên: Vân Vụ (Phần 2)","89726"
"3936","134","102 Tuyệt Minh Biên: Tội Hổ (Phần 1)","92466"
"3937","134","103 Tuyệt Minh Biên: Tội Hổ (Phần 2)","95374"
"3938","134","104 Tuyệt Minh Biên: Thác Phong (Phần 1)","97992"
"3939","134","105 Tuyệt Minh Biên: Thác Phong (Phần 2)","100530"
"3940","134","106 Tuyệt Minh Biên: Kiếm Quyết (Phần 1)","102048"
"3941","134","107 Tuyệt Minh Biên: Kiếm Quyết (Phần 2)","103589"
"3942","134","108 Tuyệt Minh Biên: Động Thiên (Phần 1)","105325"
"3943","134","109 Tuyệt Minh Biên: Động Thiên (Phần 2)","107392"
"3944","134","110 Tuyệt Minh Biên: Nhục Thân (Phần 1)","111779"
"3945","134","111 Tuyệt Minh Biên: Nhục Thân (Phần 2)","114275"
"4049","184","Chương 1: Tôi, một cô gái trẻ?","1851"
"3946","134","112 Tuyệt Minh Biên: Cố Nhân (Phần 1)","117464"
"3947","134","113 Tuyệt Minh Biên: Cố Nhân (Phần 2)","120086"
"3948","134","114 Tuyệt Minh Biên: Trùng Lầu (Phần 1)","122657"
"3949","134","115 Tuyệt Minh Biên: Trùng Lầu (Phần 2)","124154"
"3950","134","116 Tuyệt Minh Biên: Đấu Đấu (Phần 1)","125757"
"2107","58","Chương 11: Vi Mạch Kỳ Diệu","109248"
"8006","184","Chương 20: Hai người có quan hệ gì?","1945"
"2108","58","Chương 12: Hội Đấu Tử","110224"
"2109","58","Chương 13: “Mỹ Thú” Cổ La","111480"
"2110","58","Chương 14: Y Sĩ Quạ","112884"
"8026","184","Chương 40: Hạnh phúc","2088"
"2111","58","Chương 15: Mẹo Làm Việc Của Ách Tu","114050"
"2112","58","Chương 16: Quan Giả? Kiếm Cơ?","115254"
"2113","58","Chương 17: Hư Cảnh","116169"
"2114","58","Chương 18: Sổ Tay Thuật Sư","117262"
"10297","132","Con gián thành tinh","424"
"2115","58","Chương 19: Truyền Thuyết Cá Vàng","118703"
"2116","58","Chương 20: Toàn Bộ Trẻ Mồ Côi","119865"
"2117","58","Chương 21: Tiểu Miệng Bôi Dầu Glycerin Tiên","120274"
"2118","58","Chương 22: Thế Thân Thuật Linh","121525"
"2120","58","Xin Nghỉ, Bỏ Qua Một Kỳ","123214"
"2121","58","Chương 24: Mẹ Kiếm Cơ","124181"
"2122","58","Chương 25: Cha Quan Giả","124890"
"8010","184","Chương 24: Quan tâm","1970"
"2123","58","Chương 26: Đây Có Phải Là Mối Ràng Buộc?","125584"
"2124","58","Xin Nghỉ","126152"
"2125","58","Chương 27: Đừng Đổ Lỗi Cho Tôi","126745"
"3449","119","Chương 15: Nguồn gốc tộc Trường Thanh","54206"
"3462","119","Chương 28: Thật sự có thể dựa vào anh ta không?","71171"
"3472","119","Chương 38: Quá thất vọng","80804"
"3474","119","Chương 40: Bí ẩn vũ trụ","88588"
"10312","132","Thế giới đã thay đổi, thay đổi...","439"
"3493","119","Chương 59: Cổ Nhân bị thương nặng","103078"
"3508","119","Chương 74: Khỉ trộm đào","114800"
"3641","123","Chương 1, Tập 02: Muốn Đội Vương Miện Phải Chịu Trọng Trách","37909"
"3653","123","Chương 1, Tập 14: Ba Không Hỏi","38661"
"3658","123","Chương 1, Tập 19: Xuống Núi Tu Hành!","38786"
"3679","123","Chương 2, Tập 21: Vật Cực Tất Phản","51418"
"3686","123","Chương 2, Tập 28: Bạn Thấy Tôi Bao Nhiêu Phần Như Trước","58126"
"3695","123","Chương 2, Tập 36: Đại Thành Tựa Khiếm Khuyết, Dùng Không Mòn","76456"
"3720","123","Chương 2, Tập 61: Vượt Quá Sức Mình","103437"
"3587","122","Cái Giá Của Chiến Thắng","36373"
"4071","152","Bị bầy sói hoang tấn công","1996"
"4084","163","Đừng Có Quan Tâm Yêu Nữ! Bản Sao","2570"
"10320","132","Khó khăn của Thần Lửa","447"
"8011","184","Chương 25: Nhất định phải về nhà!","1981"
"15895","148","Chương 256: Một câu hỏi đơn giản","3135"
"7236","176","Tôi xem bạn là bạn, mà bạn lại thèm khát thân thể tôi","27265"
"4086","180","Chương 290: Mở Niêm Phong Ban Đầu (3)","2576"
"4077","163","Giới Thiệu Nhân Vật","1943"
"4078","163","Khởi Động - Trailer Chính Thức","2534"
"4079","163","Xuyên Không Đến Thế Giới Hoang Dã","2546"
"4080","163","Tôi Nói, Dụ Dỗ Tôi","2547"
"4081","163","Ngươi Chính Là Điểm Yếu Của Thánh Nhân","2548"
"4082","163","Tình Cảm Sâu Sắc Của Thánh Nhân Cũng Chỉ Đến Thế","2563"
"4085","163","Ta Sẽ Bảo Vệ Cô Ấy","2574"
"4184","188","Chiến Thắng (Phần 2)","29104"
"4185","188","Khải Hoàn (Phần 1)","29181"
"2769","97","005 Mới 99%, Chủ Cũ Sử Dụng","71488"
"2770","97","006 Cấp Độ Phản Ứng 4","71526"
"2771","97","007 Chiến Giáp Trong Mơ","71676"
"2772","97","008 Chiến Giáp Hổ Trắng","72206"
"2773","97","009 Người Ký Hợp Đồng","73657"
"2774","97","010 Lễ Đón Chào","74682"
"2775","97","011 Đại Hội Học Viện","75693"
"2776","97","012 Thuật Chiến Giáp","77406"
"2777","97","013 Người Bình Thường","78811"
"2778","97","014 Chém Gió Để Bay Cao","80396"
"2779","97","Thông Báo Nghỉ Ra Truyện","81503"
"2780","97","015 Nhân Vật Phiền Phức","81506"
"2781","97","016 Thuật Chiến Giáp Nâng Cao","84490"
"2783","97","018 ""Sự Giúp Đỡ"" Hào Phóng","86711"
"2784","97","Thông Báo Nghỉ Ra Truyện","87444"
"2785","97","019 Bài Kiểm Tra Nhỏ","88712"
"2786","97","020 Biến Dị Cơ Khí","89530"
"2787","97","021 Bắt Đầu Chiến Đấu","90446"
"2788","97","Thông Báo Trì Hoãn Ra Truyện","91117"
"2789","97","022 Bom Nguyên Tử","91191"
"2790","97","023 Chặn Cô Ấy Lại Cho Tôi","91869"
"2791","97","Thông Báo Nghỉ Ra Truyện Dịp Thanh Minh","92607"
"2792","97","024 Chiến Giáp Đen","94314"
"2794","97","025 Đại Chiến Ba Phe","96920"
"2795","97","Nghỉ Ra Truyện Dịp Ngày Lao Động","97896"
"2796","97","026 Ngoại Truyện (1)","99088"
"2797","97","027 Ngoại Truyện (2)","100206"
"2798","97","028 Ngoại Truyện (3)","100949"
"2799","97","029 Ngoại Truyện (4)","101617"
"2800","97","030 Ngoại Truyện (5)","102170"
"2801","97","Thông Báo Xin Nghỉ","103002"
"2802","97","031 Ngừng Chiến","104386"
"2803","97","032 Chiến Giáp Cổ Đại","105221"
"2804","97","033 Ai Tán Thành, Ai Phản Đối","105914"
"2805","97","034 Sống Sót","106743"
"2806","97","035 Vi Phạm Quy Tắc?","107813"
"3062","106","Chương 1 Học bá hay khóc","56713"
"3063","106","Chương 2 Những ngày lo sợ","57316"
"3064","106","Chương 3 Đứng cuối bằng thực lực","57317"
"3065","106","Chương 4 Kèm học","57318"
"3066","106","Chương 5 Bị trẹo chân!","57319"
"3067","106","Chương 6 Có chút thú vị","57320"
"3068","106","Chương 7 Bạn cùng bàn","57321"
"3069","106","Chương 8 Có muốn chơi bóng cùng không?","57322"
"3070","106","Chương 9 A Chân","57323"
"3073","106","Chương 11 Thư tình","57326"
"3074","106","Chương 12 Các cậu là anh em?!","57327"
"3075","106","Chương 13 Ngày khai giảng","57328"
"3076","106","Chương 14 Vượt ranh giới","57329"
"3077","106","Chương 15 Có cãi nhau không?","57331"
"3078","106","Chương 16 Cậu có thể đến nhà nó xem không?","57332"
"3079","106","Chương 17 Sốt","57333"
"3080","106","Chương 18 Anh ấy biết nấu ăn?","57334"
"3081","106","Chương 19 Ai mà kết bạn kiểu này","57502"
"3082","106","Chương 20 Sao mặt đỏ thế?","57504"
"3083","106","Chương 21 Trốn học","57505"
"3084","106","Chương 22 Nuôi mèo","57687"
"3085","106","Chương 23 Tên","57688"
"3086","106","Chương 24 Nhận nuôi","57691"
"3087","106","Chương 25 Suỵt, đừng làm ồn","57857"
"3088","106","Chương 26 Gặp lại định mệnh","57863"
"3089","106","Chương 27 Anh cả","57866"
"3090","106","Ngoại truyện: Cậu thật sự giống mẹ tôi","57879"
"3092","106","Chương 29 Những hiểu lầm kỳ quặc lại tăng thêm","57887"
"3093","106","Chương 30 Cậu lợi dụng tôi?!","57890"
"3094","106","Chương 31 Rốt cuộc cậu đang nghĩ gì!","57893"
"3095","106","Chương 32 Cuộc thi học bá so tài!","57899"
"3130","106","Chương 67 Cảm giác quen thuộc","61669"
"3096","106","Chương 33 Đúng là loại trai hư thích kiểu này","58158"
"3097","106","Chương 34 Tín hiệu rung động","58159"
"3098","106","Chương 35 Cậu thích kiểu nào?","58160"
"3099","106","Chương 36 Trận bóng rổ","58295"
"3101","106","Chương 38 Lời hứa sinh nhật","58331"
"3102","106","Chương 39 Mỗi người một đêm","58497"
"3103","106","Chương 40 Tiệc sinh nhật trong cơn mưa bão","58551"
"3104","106","Chương 41 Bắp cải ở nhà bị đào lên!","58580"
"3105","106","Chương 42 Cậu không định đưa bé về à?","59132"
"3106","106","Chương 43 Tặng cậu một bông hoa nhỏ","59143"
"3107","106","Chương 44 Chiến thắng nhỏ","59162"
"3108","106","Chương 45 Món quà","59606"
"3109","106","Chương 46 Tôi đã cho cái thang","59608"
"3110","106","Chương 47 Cậu có thể nói chuyện tử tế không?","59609"
"3111","106","Chương 48 Cậu cũng...","59611"
"3112","106","Chương 49 Tiêu Chân","59970"
"3113","106","Chương 50 Đừng khóc nữa","60014"
"3115","106","Chương 52 Bạn gái?","60061"
"3117","106","Chương 54 Lập luận của cậu có lỗi","60116"
"3118","106","Chương 55 Bùi Tâm","60506"
"3119","106","Chương 56 Ai là Tiêu Chân?","60507"
"3120","106","Chương 57 Tuổi thơ của cậu ấy","60509"
"3121","106","Chương 58 Nguồn gốc học bá","60510"
"3122","106","Chương 59 Thế giới của cậu ấy","60511"
"3123","106","Chương 60 Cuộc đời là những lần chia ly","60514"
"3124","106","Chương 61 Chim bay","60517"
"3125","106","Chương 62 Chúc mừng năm mới","61157"
"3126","106","Chương 63 Những người bạn tốt nhất","61259"
"3127","106","Chương 64 Những ước nguyện của nhau","61260"
"3128","106","Chương 65 Cậu đã khóc thật sự chưa?","61562"
"3129","106","Chương 66 Tư duy phòng tránh lừa đảo","61667"
"3141","106","Chương 77 Món Tứ Xuyên nhà họ Dương","63621"
"3142","106","Chương 78 Chúng ta cũng sẽ nói chia tay là chia tay sao?","63973"
"3143","106","Chương 79 Còn có cảm giác chạm nữa","64056"
"3144","106","Ngoại truyện: Mẫu giáo","64057"
"3145","106","Chương 80 Tình bạn vượt tuổi tác","64342"
"3146","106","Chương 81 Tôi là Tiêu Chân","64344"
"3147","106","Chương 82 Kỳ nghỉ đông bắt đầu!","73500"
"3148","106","Bạn Muối [Series Nổi Bật] Tuần Chính Thức 2025","84464"
"3149","106","Chương 83 Không vui? Tại sao?","88997"
"3150","106","Chương 84 Sự bối rối giống nhau","90887"
"3151","106","Chương 85 Chuyến về.","98239"
"3152","106","Tập 3 ""Bạn Muối"" đã đến!!","107072"
"3154","106","Chương 87 Hành trình tuổi trẻ.","126124"
"4189","188","Chiến Dịch Mới (Phần 2)","30187"
"4190","188","Ngôi Sao (Phần 1)","30475"
"4191","188","Ngôi Sao (Phần 2)","30886"
"4192","188","Sói Và Chó (Phần 1)","31225"
"4193","188","Sói Và Chó (Phần Giữa)","31527"
"4194","188","Sói Và Chó (Phần 2)","31772"
"15896","148","Chương 257: Mặt trời vẫn mọc","3149"
"4195","188","Mầm Non Mới (Phần 1)","32104"
"4197","188","Người Chim (Phần 1)","32855"
"4200","188","Cược (Phần 2)","33774"
"4201","188","Siêu Tân Tinh (Phần 1)","33987"
"4202","188","Siêu Tân Tinh (Phần 2)","34456"
"4203","188","Bão (Phần 1)","34816"
"4165","188","Tự Chương","28195"
"4166","188","Nhập Liệm Sư (Phần 1)","24892"
"4167","188","Nhập Liệm Sư (Phần 2)","25127"
"4168","188","Đản Sinh (Phần 1)","25280"
"4169","188","Đản Sinh (Phần 2)","25317"
"7237","176","Chỉ sau khi bị ướt mưa mới hiểu được việc che ô cho bạn~","27268"
"4170","188","Khởi Trình","25378"
"4171","188","Búp Bê","25420"
"4172","188","Sinh Tồn Hay Hủy Diệt? (Phần 1)","25521"
"4173","188","Sinh Tồn Hay Hủy Diệt? (Phần 2)","25666"
"4174","188","Nhà Máy Thực Phẩm (Phần 1)","25958"
"4175","188","Nhà Máy Thực Phẩm (Phần 2)","26471"
"4176","188","Địa Ngục Lừa (Phần 1)","26553"
"4178","188","Thế Lê Sa (Phần 1)","27224"
"4179","188","Thế Lê Sa (Phần 2)","27432"
"4180","188","Thông Báo","27592"
"4210","188","Cỗ Máy Đau Đớn","36510"
"2807","97","Hỗ Trợ Tinh Giáp Thêm Chương, Tuần Này Nghỉ Ra Truyện","108905"
"2808","97","Hỗ Trợ Tinh Giáp Thêm Chương, Tuần Này Nghỉ Ra Truyện","110221"
"2809","97","036 Trả Lời Tôi!","110997"
"2810","97","037 Sẽ Không Bỏ Lỡ Lần Nữa","112647"
"2811","97","038 Vật Thế Chấp","113743"
"2812","97","Thông Báo Trì Hoãn Ra Truyện","114887"
"2815","97","041 Cấm Xem!","116981"
"2816","97","042 Lấy Tiền Mà Đi","118453"
"2817","97","Hỗ Trợ Tinh Giáp Thêm Chương, Tuần Này Nghỉ Ra Truyện","119526"
"2818","97","043 Đợi Tôi Trở Về","120179"
"2819","97","Thông Báo Nghỉ Ra Truyện","120839"
"2821","97","045 Đến Lúc Thay Người Rồi","123286"
"2822","97","046 Ba Người Chúng Ta","123965"
"2823","97","Thông Báo Nghỉ Ra Truyện","124695"
"2824","97","047 Đứa Con Ngoài Giá Pháp","125392"
"2825","97","048 Kiểm Tra Áp Lực","125914"
"2826","97","049 Chìa Khóa Terra","126148"
"3591","122","Các Người Đều Là Công Cụ","36386"
"3781","133","Yêu cầu hoãn cập nhật + Kết quả rút thăm","80182"
"3791","133","49 - Lạc lối × Hồi hai thế hệ bảo hộ","90479"
"3792","133","Náo Hải Hội - Gặp nhau ngày 4.5 và 4.6","90480"
"3965","141","Chương 5: Tôi Bảo Em Đừng Động Đậy, Có Nghe Không?","1652"
"4177","188","Địa Ngục Lừa (Phần 2)","26818"
"1678","22","Chương 2: Các người thật sự nghĩ tôi chỉ là đi tù sao?","125311"
"1686","23","Chương 01: Cô ấy không cưới, chúng ta cưới!!","108974"
"3780","133","41 - Vòng Một","79096"
"1690","23","Chương 05: Nhiệm vụ đầu tiên","111071"
"1787","32","006 Đại lý tổng hợp Chu Dục Văn","123977"
"1799","33","002 Anh không phải thích làm vào ban đêm nhất sao?","117467"
"1801","33","004 Chiến trường hoang dã","117469"
"1811","34","Chương 04 Khám sức khỏe","109116"
"1877","40","09","124846"
"1890","41","Tập 010: Bộ Mặt Thật của Mìn Di Động","125324"
"1901","42","Chương 7: Kẻ Thù Cấp Ba Đoạn Ngưng Khí","120915"
"4211","188","Trầm Tư Giai Điệu Nổi Tiếng","36876"
"4212","188","Đòn Đánh Đại Bàng","37072"
"4213","188","Hiển Thánh","37244"
"4214","188","Ngân Hàng Gia","37472"
"4215","188","Hồn Quay Về Ngai Vàng","37788"
"4216","188","Quy Tắc","37985"
"4217","188","Dùng Tử Thể Tạ Tội","38451"
"7238","176","Hai truyện tranh ngắn cho Kinh Trập~","27668"
"4218","188","Thanh Trừng (Phần 1)","38719"
"4219","188","Thanh Trừng (Phần 2)","38875"
"4220","188","Rượu Độc","39881"
"4221","188","Phiêu","41134"
"4222","188","Thông Báo","41304"
"4223","188","Chào Mừng","41578"
"4224","188","Cuộn Thủ Ngữ","41760"
"4225","188","Ba Thay Đổi Lớn","41960"
"4226","188","Vinh Quang","42279"
"4227","188","Chiến Thắng Triệu Tập","42599"
"4228","188","Dạ Dày Đàn Ông","42815"
"4229","188","Trái Tim Phụ Nữ","42979"
"4230","188","Nấu Rượu Bàn Về Lạm Phát","43425"
"4231","188","Tình Yêu Cũ","43700"
"4232","188","Trận Chiến Đầu","44650"
"4233","188","Đêm Ấy","45407"
"4234","188","Ba Chú Heo Nhỏ","45710"
"15897","148","Chương 258: Sen Đường đi đâu rồi","3181"
"4235","188","Lập Trường Đáng Thương","46326"
"4236","188","Sát Thủ","46969"
"4237","188","Ngạo Mạn","47697"
"4239","188","Tiếp Theo","48333"
"4240","188","Giáo Đồ","48695"
"4241","188","Truyền Thuyết","49163"
"4242","188","Định Mệnh","49505"
"4243","188","Người Khởi Xướng","50003"
"4244","188","Kế Hoạch Nhà Diệp","50379"
"4245","188","Quân Cờ","50759"
"4246","188","Bán Quốc","51387"
"4247","188","Khối U","51776"
"4248","188","Quân Cơ Bát Xứ","52150"
"4249","188","Đặc Chiến Thất Đội","52317"
"4250","188","Gầm Thét","52531"
"4251","188","Gặp Gỡ Đêm","52887"
"4252","188","Kẻ Thù Vô Lý","53304"
"4295","188","Gửi đến độc giả","71961"
"4253","188","Khoảnh Khắc Sinh Tử","53541"
"4254","188","Thông Báo","53925"
"15869","148","Chương 230: Hét đến vỡ họng","2670"
"4255","188","Lộ Trình Quy Hoạch","54128"
"4257","188","Đại Thắng Sử Thi (Phần 2)","54791"
"4258","188","Vương Miện","55199"
"4259","188","Dũng Cảm","55747"
"4260","188","Thợ Săn","56268"
"4261","188","Con Mồi","56431"
"4263","188","Làm được","56933"
"4264","188","Em mới là điều anh theo đuổi","57344"
"4265","188","Cô ấy kia","57404"
"4266","188","Đầu óc thông minh","57754"
"4267","188","Chị dâu sáng suốt","58060"
"4268","188","Đáng sợ","58833"
"4269","188","Phán xét Thánh Huyết","59250"
"4270","188","Lệnh tiêu diệt","60181"
"4272","188","Giải thoát","60734"
"4273","188","Tách kỹ thuật","61004"
"4274","188","Trùng hợp?","61207"
"4275","188","Chốc lát vĩnh hằng","61434"
"4276","188","Liên quân Tám Tổ","61741"
"4277","188","Giàu có!","61924"
"4278","188","Mạnh mẽ?","62411"
"4279","188","Tiệc trà","62851"
"4280","188","Bánh răng và máy móc","63215"
"4281","188","Cơm dầu","63661"
"4282","188","Chiến tranh không bao giờ kết thúc?","64142"
"10247","132","Có phép thuật thì muốn làm gì cũng được","373"
"4283","188","Chiến tranh không bao giờ kết thúc!","64615"
"4284","188","Chiến binh thiện chiến","65454"
"4285","188","Chiến sĩ lão luyện","65786"
"4286","188","Người cầm cờ","66454"
"4287","188","Thành Kazan","66961"
"4288","188","Thuế máu","67203"
"4289","188","Đại lý (Phần trên)","67402"
"4290","188","Đại lý (Phần giữa)","67950"
"4291","188","Đại lý (Phần dưới)","69394"
"4292","188","Đại lý (Phần cuối)","70854"
"4293","188","Nhu cầu (Phần trên)","71261"
"4294","188","Nhu cầu (Phần dưới)","71570"
"4296","188","Quy tắc (Phần trên)","72393"
"4297","188","Quy tắc (Phần dưới)","73061"
"4299","188","Keo kiệt (Phần giữa)","73706"
"8012","184","Chương 26: Môn phái danh giá","1982"
"4300","188","Keo kiệt (Phần dưới)","74004"
"4301","188","Cân bằng Răn đe (Phần trên)","74368"
"4303","188","Cân bằng Răn đe (Phần dưới)","75244"
"4304","188","Cân bằng Răn đe (Phần cuối)","75545"
"4305","188","Đàm phán (Một)","76139"
"4055","148","Chương 196: Không thể đoán được","1858"
"4306","188","Đàm phán (Hai)","76451"
"4307","188","Đàm phán (Ba)","76956"
"4308","188","Đàm phán (Bốn)","77702"
"4309","188","Đàm phán (Năm)","78294"
"4310","188","Đàm phán (Sáu)","78715"
"4311","188","Phản công (Một)","78921"
"4312","188","Phản công (Hai)","79826"
"4313","188","Phản công (Ba)","80067"
"4314","188","Phản công (Bốn)","80505"
"4315","188","Phản công (Năm)","80794"
"4316","188","Phản công (Sáu)","81110"
"4317","188","Phản công (Bảy)","81602"
"4318","188","Áo chiến (Một)","81947"
"4319","188","Áo chiến (Hai)","82504"
"4320","188","Áo chiến (Ba)","83306"
"4321","188","Áo chiến (Bốn)","84125"
"4322","188","Thông báo năm mới","84443"
"4323","188","Áo chiến (Năm)","84911"
"4107","163","Đây Là Ánh Mắt Đầy Yêu Thương","18229"
"4054","140","Nhận Thức Hóa Li","1857"
"3921","134","87 Lân Vân Phần Tỏa Nguyệt (Phần 2)","31272"
"15899","148","Chương 260: Người vui kẻ buồn","3213"
"7239","176","Người trước trồng cây, người sau thuê lại~","28408"
"7240","176","Mùa Thanh Minh mưa phùn, người bạn này đặc biệt khó chịu","29700"
"4051","152","Thằng vô dụng đó","1856"
"4053","152","Tôi vẫn chưa muốn từ bỏ","1862"
"4057","152","Kích hoạt ma pháp bị động","1863"
"3829","135","Dự Báo Chương Một: Thanh Cương Kiếm Phần","1906"
"15900","148","Chương 261: Đấu trường","3228"
"10718","148","Chương 194: Cuộc đời như một vở kịch","1810"
"3832","135","Dự Báo Chương Hai: Ỷ Thiên Kiếm Phần 03","2336"
"3833","135","Thông Báo Trì Hoãn Phát Hành","2529"
"8013","184","Chương 27: Vũ Tư Văn thật giả","1987"
"4063","140","Mỗi Người Có Lo Lắng","1937"
"4060","152","Đừng sợ! Arian","1866"
"4061","152","Giới thiệu về ma pháp","1925"
"4062","152","Tuyệt đối không từ bỏ","1936"
"10321","132","Chó vui quá","448"
"27412","136","Chương 1 Chương 18 Phần 2","41"
"4065","152","Hạt Nhân Ma Pháp Trung Cấp","1939"
"4058","184","Chương 3: Gặp gỡ tình cờ ở chợ","1860"
"4067","152","Bị tấn công bất ngờ","1941"
"7242","176","Tình bạn rất đơn giản, cho đi sẽ nhận lại~","31331"
"4069","152","Dùng thế nước","1960"
"4064","184","Chương 19: Gợi ý tệ","1938"
"4073","152","Đại chiến Ma Lang","2027"
"4074","152","Thời khắc săn mồi","2028"
"4075","152","Phản công","2030"
"4076","152","Mẹ con tính kế lẫn nhau","2031"
"4324","188","Áo chiến (Sáu)","85100"
"4325","188","Trận xay thịt (Một)","85392"
"4326","188","Trận xay thịt (Hai)","85580"
"4089","163","Cuối Cùng Cũng Phát Điên","2587"
"4091","163","Thiên Đạo Có Thể Phản Kháng","8466"
"4092","163","Dụ Dỗ Đạo Tâm","9099"
"4094","163","Buông Thầy Ra!","9928"
"4095","163","Kế Hoạch Của Hồng Quân","10455"
"4096","163","Chinh Phục Cô Ấy Vẫn Phải Dụ Dỗ","10862"
"4097","163","Việc Này Ta Đã Nghĩ Từ Lâu","11463"
"4098","163","Bị Kiểm Soát","12013"
"4099","163","Đốt Đi","12320"
"4100","163","Vì Em Đúc Lại Thân Xác Bất Tử","12915"
"4101","163","Ta Luôn Dõi Theo Cô Ấy","13326"
"5647","166","Tương Tương Tiểu Chủ (4)","750"
"3796","133","52 - Truyền thừa × Hồi hai thế hệ bảo hộ · Kết","94574"
"3797","133","Dự án kỷ niệm - Lễ hội 4.12 sắp tới","94883"
"3798","133","53 - Anh ấy đã trở lại (Phần trên)","99357"
"3799","133","Tại Thượng Hải! Cửa hàng chủ đề Vòng Ác","99358"
"3800","133","54 - Anh ấy đã trở lại (Phần dưới)","100164"
"3801","133","Xong trong ngày!","101034"
"3802","133","55 - Nước mắt bị kìm nén","101159"
"3803","133","56 - Bẫy quân cờ bỏ rơi","101806"
"3804","133","57 - 12-1","102513"
"3807","133","Thông báo điều chỉnh ngày cập nhật","104273"
"3808","133","Hai truyện phụ","104605"
"3809","133","60 - Hồi Sân Ga Kho Thịt: Một ngày mới","105432"
"3810","133","61 - Hồi Sân Ga Kho Thịt: Thay đổi không khí","106317"
"3811","133","62 - Hồi Sân Ga Kho Thịt: Dũng khí thắng dị năng","107821"
"3812","133","63 - Hồi Sân Ga Kho Thịt: Cáo bạc phá rối","109538"
"3813","133","64 - Hồi Sân Ga Kho Thịt: Siêu giác quan II","111281"
"3814","133","65 - Hồi Sân Ga Kho Thịt: Một tĩnh một động","113046"
"3815","133","66 - Hồi Sân Ga Kho Thịt: Chương cuối (Phần trên)","114855"
"3816","133","Tập đơn, sắp ra!","116057"
"3828","133","74 - Chương Phá Vỡ Hợp Tác 4 Giao Phó","126663"
"3729","133","Dự báo - Ra mắt chính thức ngày 4.13","30575"
"3730","133","""Vòng Ác"" Khởi động Thế giới Dị Năng","32581"
"3731","133","Mở đầu - Sự sụp đổ của các vị thần","32582"
"3750","133","19 - Khởi hành một mình","46347"
"3751","133","20 - Cơn gió nhẹ nhàng","48058"
"3752","133","21 - Con đường hội ngộ","49481"
"3753","133","22 - Ngọn lửa trong tim (Phần trên)","50766"
"3754","133","23 - Ngọn lửa trong tim (Phần giữa)","52024"
"3755","133","24 - Ngọn lửa trong tim (Phần dưới)","52883"
"3757","133","25 - Trung tâm bão tố","54974"
"3758","133","26 - Lời nói của trẻ thơ","56172"
"3759","133","27 - Vòng Ác nhuốm máu","57092"
"3760","133","CP30 - Gặp nhau ngày 10.6 và 10.7","57229"
"4390","21","020grazie","127056"
"4327","188","Trận xay thịt (Ba)","86762"
"4328","188","Trận xay thịt (Bốn)","87079"
"4329","188","Trận xay thịt (Năm)","87277"
"4331","188","Trận chém đầu (Một)","87822"
"1587","8","Tiên đạo đã mất","123622"
"1588","8","Ngồi núi xem tiên đấu","123624"
"1589","8","Tiên phàm vĩnh viễn cách biệt","123625"
"1590","8","Trời không tuyệt nhân lộ","123626"
"1591","8","Cưỡng lấy công pháp","123627"
"1592","8","Thái Diên Châu","123628"
"1593","8","Liệt Giới Kình","123629"
"1594","8","Cùng là người vượt biên","123638"
"1595","8","Nhập tịch Lưu Ly đảo","123639"
"1596","8","Lộ chân tướng","123935"
"1597","8","Một phi vụ làm ăn","123936"
"1599","8","Bão đến","124526"
"1600","8","Điêu trùng tiểu kỹ","124528"
"1601","8","Thông linh bảo thể","125493"
"1602","8","Chị","125494"
"1603","8","Tôi không tin","125795"
"1604","8","Thương Hải Châu","125796"
"1582","11","015 Thư tình","124002"
"1583","11","016 Chỉ cần có tôi là đủ","124578"
"1584","11","Ngoại truyện ABO: Chỉ được cắn một miếng","125442"
"1585","11","017 Thân phận bị lộ","126008"
"1586","11","018 Cảm giác này, thật lâu rồi mới có lại","126680"
"1441","3","Chương 6","113537"
"1610","10","Chương 7: Thiên Tài Tu Hành Một Trên Vạn","119912"
"1611","10","Chương 8: Kỳ Thiếu Hiệp, Cứu Mạng!","120010"
"1612","10","Chương 9: Giới Trẻ, Không Biết Võ Đức","120328"
"1613","10","Chương 10: Sức Mạnh Của Thần Linh","121121"
"1614","10","Chương 11: Đánh Đủ Chưa?","121865"
"1616","10","Chương 12: Diện Mạo Thật","122840"
"1617","10","Chương 13: Thần Nữ Không Bao Giờ Chết","123211"
"1618","10","Chương 14: Đỡ Bà Lão Về Nhà","123583"
"4332","188","Trận chém đầu (Hai)","88402"
"1464","4","13 ""Tạm Thời Là Chính Mình""","126223"
"1467","5","Chương 3: Là anh chứ không phải chú","107537"
"1474","5","Chương 10: Cơ hội tốt như thế này","123237"
"8015","184","Chương 29: Diễn xuất","1998"
"3881","134","47 Lân Vân Phần Vân Dũng (Phần 1)","1664"
"3892","134","58 Lân Vân Phần Cửu Cân (Phần 2)","2315"
"3918","134","84 Lân Vân Phần Luận Đạo (Phần 1)","21085"
"3924","134","90 Lân Vân Phần Chung Hưởng (Phần 1)","42964"
"3930","134","96 Tuyệt Minh Phần Nhập Sơn (Phần 1)","72954"
"8016","184","Chương 30: Giới Vương","2003"
"8017","184","Chương 31: Thang Cốc","2045"
"8018","184","Chương 32: Được mà không tốn công","2049"
"8019","184","Chương 33: Phúc lợi","2059"
"8020","184","Chương 34: Quái nhân giáng thế","2060"
"15901","148","Chương 262: Đại hội lãnh chúa lần hai","3236"
"15902","148","Chương 263: Thần! Đã đến!","3248"
"5650","166","Tự Hùng (Phần 1)","1049"
"5651","166","Tự Hùng (Phần 2)","1085"
"5652","166","Phía sau bức tường đỏ","1162"
"15907","148","Chương 268: Anh râu giải thích","10527"
"10328","132","Ôi~ Yêu em khó nói ra","455"
"27413","136","Chương 1 Chương 19 Phần 1","42"
"9797","132","Nghỉ lễ! Nghỉ lễ! Nghỉ lễ!","709"
"8501","132","Mây có vị giống kẹo bông không?","732"
"7721","132","Đồ mình thích thường có chút giống nhau","735"
"8824","132","Có chuyện thì em gái tốt, không thì đi chỗ khác","737"
"8503","132","Ngon và dễ ăn với cơm, trứng xào hành","746"
"7243","176","Bạn có người bạn tưởng tượng phong phú không?","32661"
"5493","175","171 Lần này bạn không có lựa chọn","187"
"7244","176","Miếng dán chống độc Guyu, gấu thường không dám mở","33477"
"7245","176","Bạn bè không thể quá cứng rắn, phải có sự linh hoạt~","34440"
"5494","175","172 Tôi là người nâng đỡ bạn sống tiếp","188"
"3742","133","11 - Hai Sanyue","36716"
"3756","133","Thiết lập - Lộ diện thiết kế 13 nhân vật","53793"
"3768","133","Thông báo hoãn cập nhật","65464"
"8028","184","Chương 42: Ngạo Mạn","2099"
"3770","133","34 - Mê cung trên không","67032"
"4256","188","Đại Thắng Sử Thi (Phần 1)","54313"
"4262","188","Biết","56707"
"4271","188","Uống hận","60733"
"1911","42","Chương 16: Thượng Quan Tu","126225"
"8025","184","Chương 39: Quá khứ lạnh lùng","2082"
"1960","48","Chương 7","113640"
"1999","52","Chương 8","113266"
"2019","54","Chương 2","112909"
"2035","45","Chương 3: Cứu trợ vô hình","113899"
"2045","45","Chương 13: An yên gia trạch","124893"
"2076","56","Chương 4","111603"
"2133","59","007 Chiến Thuật Phụ Bản! Chuyển Nghề Thành Ma Cô Nữ","122884"
"2137","59","011 Cháy Trắng! Đã Thấy Trong Giấc Mơ!","124018"
"5138","136","Phần Một Chương 59 Phần 1","1135"
"2181","63","Chương 1: Thời Đại Kỳ Lạ Thịnh Vượng","105313"
"2193","63","Chương 13: Niệm Lực","113782"
"8029","184","Chương 43: Tấn công tập thể","2106"
"8030","184","Chương 44: Báo thù","2108"
"5653","166","Lão Bọ Cạp (1)","1204"
"5655","166","Lão Bọ Cạp (3)","1241"
"5657","166","Lão Bọ Cạp (5)","1278"
"5658","166","Lão Bọ Cạp (6)","1322"
"15909","148","Chương 270: Lữ Bố đi đâu rồi","12587"
"5660","166","Ký ức núi Luojia (Phần 2)","1396"
"8031","184","Chương 45: Hồi tưởng quá khứ","2123"
"15915","148","Chương 276: Một núi không dung hai Lữ","20460"
"15920","148","Chương 281: Cứu thêm nhiều người","27574"
"24495","189","Chương 77: Bệnh của thân vương","81"
"7722","132","Người mới đến, mọi thứ đều mới mẻ","751"
"7246","176","Bỏ đi phù phiếm mới thấy được màu sắc thật của cuộc sống","36165"
"7247","176","520 này, cùng đi xem tuyết nhé","37063"
"4614","178","Tập 72: Vết hôn","88"
"5661","166","Tiếp viện (Phần 1)","1450"
"5662","166","Tiếp viện (Phần 2)","1503"
"15924","148","Chương 285: Giá của sự cẩu thả","30293"
"5664","166","Phạt (Phần 2)","1548"
"5666","166","Dưới ánh lửa (Phần 2)","1659"
"5139","136","Phần Một Chương 60 Phần 2","1157"
"5669","166","Bình minh (Phần 2)","1815"
"5671","166","Thần Ma Giáo (Phần 2)","2134"
"5673","166","Lưu Sa Hà (Phần 1)","2241"
"7249","176","Vừa qua Đoan Ngọ, không nên xem gấu trúc~","41717"
"7250","176","Quân tử động khẩu không động thủ~","42514"
"10305","132","Mùa đông là phải ăn lẩu~","432"
"5677","166","Đại chiến Sa Ngưu Tịnh (Phần 2)","2427"
"5678","166","Đại chiến Sa Ngưu Tịnh (Phần 3)","2465"
"15925","148","Chương 286: Luôn sẵn sàng","31398"
"4088","163","Năm Năm Tu Luyện, Ba Năm Đắc Đạo","2584"
"4093","163","Ký Ức Của Thánh Nhân","9315"
"5682","166","Sự kiện kỳ quái Nam Thôn (Phần 1)","2789"
"5683","166","Sự kiện kỳ quái Nam Thôn (Phần 2)","2809"
"5684","166","Nhân vật quan trọng Tây Ngưu Hạ Châu (Phần 1)","2928"
"5687","166","Nam Sơn Đại Vương","3060"
"5688","166","Đạo sĩ Mao Sơn (Phần 1)","3112"
"5689","166","Đạo sĩ Mao Sơn (Phần 2)","3157"
"5691","166","Sự thật (Phần 2)","3209"
"5692","166","Chia tay","3244"
"5693","166","Gánh nặng không thể bỏ rơi","3279"
"5140","158","18 Két sắt của ông nội","1178"
"5142","158","20 Tôi có thể giúp bạn nhận dạng","1371"
"5143","158","21 Quy tắc tái sinh của Gia tộc Nhiễm","1405"
"5144","158","22 Hiểu lầm","1416"
"5145","158","23 Hiểu lầm lần 2","1531"
"27414","136","Chương 1 Chương 19 Phần 2","43"
"5694","166","Thông báo và Hỏi đáp","54273"
"27416","136","Chương 1 Chương 20 Phần 2","45"
"5147","166","Dưới ánh lửa (Phần 1)","1574"
"24496","189","Chương 78: Tang Đông Li đi đâu rồi?","82"
"8034","184","Chương 48: Thiên tác chi hợp","2146"
"8035","184","Chương 49: Luyện khí phòng","2162"
"5146","148","Chương 181: Lừa Quý Châu hết chiêu","1550"
"6115","136","Phần Hai Chương 13 Phần 1","1591"
"5149","136","Thông Báo Cập Nhật","1598"
"8504","132","Cứu giúp động vật cần tình yêu, chăm sóc, khoa học và hợp lý","752"
"15926","148","Chương 287: Tôi muốn tìm niềm vui","32305"
"15930","148","Chương 291: Chơi lớn rồi!","36570"
"8826","132","Nhân viên mới chú trọng thái độ","765"
"5148","158","Đơn xin nghỉ","1582"
"5124","158","02 Sếp của anh trai","894"
"5125","158","03 Liên quan đến anh cùng cha khác mẹ?","895"
"5126","158","04 Trịnh Thiếu có ở đây không!","902"
"4365","188","Con Người và Phi Nhân (Phần 1)","99639"
"5164","158","41 Lý Mẫn và Ôn Thập Kỷ 2 (Phần giữa)","2290"
"5167","158","44 Kết thúc với họ là khởi đầu","2447"
"7251","176","Hôm nay tôi sẽ trình diễn một tuyệt kỹ","44751"
"7252","176","Dòng hạt nhân tổng hợp để trừ ẩm, thử xem nhé~","46913"
"7253","176","Mùa tam伏, luyện tập cùng Kỳ Tư~","49621"
"7254","176","Có phải thiên phú? Hay chỉ là trời nóng~","50848"
"7255","176","Lãng mạn mùa Thu, bất ngờ hài hước~","51962"
"7256","176","Vỏ ngoài na ná nhau, linh hồn tối nay tụ hội","53283"
"7257","176","Đây là thử thách nào trong Tây Du Ký?","53916"
"7259","176","Đường cùng nghi ngờ không lối thoát, bỗng sáng nhờ hết nóng","56279"
"7260","176","Trời tháng 9, mặt trẻ con~","57228"
"7261","176","Một chiếc lá biết Thu, nhiều lá che mắt~","59574"
"7262","176","Thành phố thành phố như ý~/đôi hoàn hảo~","63569"
"7264","176","Lợi người lợi mình, đúng là thương nhân Nho gia~","67210"
"7265","176","Nhớ nhung mà không cổ hủ, xem tôi thế hệ 2000~","70509"
"7266","176","Dưới áp lực nặng nề, tuyết chịu hết trách nhiệm!","71370"
"15934","148","Chương 295: Hạt giống dao động","41512"
"15936","148","Chương 297: Bi Văn Không Được","48118"
"15941","148","Chương 302: Bấy Giờ Bấy Lúc","62006"
"5156","136","Phần Hai Chương 14 Phần 2","1754"
"4333","188","Trận chém đầu (Ba)","88820"
"4334","188","Trận chém đầu (Bốn)","89124"
"1639","16","Dự Báo Nhân Vật","125644"
"1640","16","001 Phẫu Thuật Tại Quán Bar","126018"
"1632","15","Dự báo tác phẩm mới","125426"
"1633","15","Chương 1: Khách không mời","126377"
"1634","15","Chương 2: Đường hẹp cho kẻ thù!","126428"
"1636","15","Chương 4: Cuộc phiêu lưu thuê nhà!","126431"
"1637","15","Chương 5: Cách xử lý điệu nghệ","126432"
"1638","15","Chương 6: Người có ba “cấp bách”","127072"
"4374","188","Ngọc Vỡ","102511"
"1527","2","Đâm thêm một nhát","114722"
"1528","2","Yếu thịt mạnh ăn","114685"
"1531","2","Chuột khổng lồ","114622"
"1533","2","Đừng tự làm xấu mặt mình","114623"
"1534","2","Cơ bắp chết","114625"
"1536","2","Bữa tiệc khoe mẽ","116358"
"1537","2","Rửa sạch nhục nhã trước đây","116567"
"1538","2","Tôi muốn thử thách","117371"
"1539","2","Điều này không khoa học","118163"
"1540","2","Siêu năng lực","119301"
"1541","2","Đánh bại","119259"
"1542","2","Lựa chọn tối ưu","119728"
"1543","2","Không đẩy được","119710"
"1544","2","Chiến thuật kiểu rùa","119791"
"1545","2","Thể hiện sức mạnh","119964"
"1546","2","Tép con","120024"
"1547","2","Còn ai nữa?","120447"
"1548","2","Hồ bơi riêng","120431"
"1549","2","Người siêu năng lực","120450"
"1550","2","Thu hoạch bất ngờ","120451"
"4335","188","Trận chém đầu (Năm)","89370"
"7267","176","Khi nào cắt thì cắt, không để rối loạn kỳ quái","72622"
"7268","176","Mọi người chơi tuyết trượt băng nhớ an toàn nhé~","74050"
"1551","2","Ma chủng","122029"
"1552","2","Thật trùng hợp","122042"
"1553","2","Trạng nguyên","122058"
"1554","2","Nhận tôi làm đệ tử","123253"
"1555","2","Áo dài Trung Hoa","123347"
"1556","2","Thiên Nhân Các","123266"
"1557","2","Khởi nguồn sự sống","124459"
"1558","2","Huyết Tu Luyện Thuật","124645"
"1559","2","Dao động tinh thần","124651"
"1560","2","Ai đến trước, phục vụ trước","124426"
"1561","2","Vợ chưa cưới","125201"
"1562","2","Tọa độ sinh vật","125202"
"1563","2","Nguồn biển","125330"
"1564","2","Không mắc bẫy","125203"
"1565","2","Đánh hậu bối","126403"
"1566","2","Áp lực sinh vật","126048"
"1605","2","Nguồn Gốc Sự Sống","114620"
"1644","18","001 - Song sinh thức tỉnh","125864"
"1645","18","002 - Thử sức lần đầu","125865"
"1646","18","003 - Tai họa gián bắt đầu","125866"
"1647","18","004 - Chuyện xưa của Long giáo","125867"
"1648","18","005 - Long ẩn xuất hiện","125868"
"1649","18","006 - Sư tỷ hai mặt","125870"
"1650","18","007 - Thần tính khế ước","125871"
"4389","18","008 - Quan sát Long và Thấu hiểu Nội lực","125872"
"4336","188","Trận chém đầu (Sáu)","89694"
"4337","188","Trận thâm nhập (Một)","89985"
"4338","188","Trận thâm nhập (Hai)","90146"
"4339","188","Trận thâm nhập (Ba)","90470"
"4340","188","Trận thâm nhập (Bốn)","90727"
"4341","188","Trận thâm nhập (Năm)","90928"
"4342","188","Trận thâm nhập (Sáu)","91147"
"4343","188","Chiến tranh chớp nhoáng (Một)","91390"
"4344","188","Chiến tranh chớp nhoáng (Hai)","91614"
"4345","188","Chiến tranh chớp nhoáng (Ba)","91971"
"4346","188","Chiến tranh chớp nhoáng (Bốn)","92449"
"4347","188","Chiến tranh chớp nhoáng (Năm)","92824"
"4348","188","Chiến tranh chớp nhoáng (Sáu)","93314"
"4349","188","Thông báo","93516"
"1619","10","Chương 15: Con Trai Tôi","123783"
"1620","10","Chương 16: Dị Vật Hội","124257"
"1621","10","Chương 17: Tiếc Là Con Trai","124470"
"1623","10","Chương 19: Nam Tử Áo Xanh","125331"
"1624","10","Chương 20: Tiểu Yêu Quái Tìm Bố","125641"
"1625","10","Chương 21: Ninh Hồng Ngư","125817"
"1628","10","Chương 24: Mùi Vị Cùng Loại","126527"
"1629","10","Chương 25: Em Lấy Anh Đi","126913"
"1630","10","Chương 26: Tôi Đến Để Hủy Hôn","127118"
"1631","10","Chương 27: Trả Lại Giày Cho Tôi","127127"
"4350","188","Chiến tranh chớp nhoáng (Bảy)","93668"
"4351","188","Chiến tranh chớp nhoáng (Tám)","94264"
"4352","188","Trận cuối (Một)","94911"
"4353","188","Trận cuối (Hai)","95079"
"4354","188","Trận cuối (Ba)","95578"
"4355","188","Trận cuối (Bốn)","96239"
"4356","188","Trận cuối (Năm)","96391"
"4357","188","Trận cuối (Sáu)","96765"
"4358","188","Trận cuối (Bảy)","97149"
"4359","188","Chiến tranh trên mây (Một)","97647"
"4360","188","Chiến tranh trên mây (Hai)","98595"
"4361","188","Sát và hàng (Một)","98767"
"4362","188","Giết và Đầu Hàng (Phần 2)","98911"
"4363","188","Ăn Trộm (Phần 1)","99137"
"4364","188","Ăn Trộm (Phần 2)","99461"
"4366","188","Con Người và Phi Nhân (Phần 2)","100061"
"4367","188","Núi Xác","100356"
"4368","188","Biển Thù Hận","100544"
"4369","188","Bình Trùng (Phần 1)","100805"
"4370","188","Bình Trùng (Phần 2)","101152"
"4371","188","Thông Báo","101351"
"4372","188","Sụp Đổ Hiroshima","101658"
"4373","188","Thông Báo Xổ Số","102167"
"4376","188","Sụp Đổ Toàn Bộ (Phần 1)","103222"
"4377","188","Thông Báo Xổ Số","103463"
"4378","188","Sụp Đổ Toàn Bộ (Phần 2)","103904"
"4379","188","Thông Báo Xổ Số","104157"
"4380","188","Thông Báo","104504"
"27417","136","Chương 1 Chương 21 Phần 1","46"
"3837","182","004 Chuyện nghiêm túc giữa vợ chồng","4"
"5084","157","Tập 29 Người bảo vệ mèo (Phần trên)","21561"
"10230","132","Chỉ là lười đánh thức bạn thôi","356"
"10333","132","Thật ra không phải tôi đòi hỏi nhiều, mà là Ông Nguyệt già sợ phiền phức","460"
"10356","132","Vận may tràn đầy đến mức không muốn...","485"
"10357","132","Làm sao giải sầu? Chỉ có giàu có","486"
"10358","132","Tìm, tìm, tìm mẹ","487"
"10314","132","Kiến thức tạo nên tương lai","441"
"3838","185","Anh Muốn Ôm Em","5"
"7730","187","Chương 41: Chị Sai Đẹp Trai","872"
"9309","132","Thu trời trong, thích hợp cho hoạt động ngoài trời","793"
"9307","140","Thánh Chỉ Tướng Quân","756"
"9310","140","Ý Tưởng Mơ Hồ","1013"
"7738","132","Hồ ly thực ra là loài rất trung thành","1017"
"7269","176","Nóng nở, lạnh co, gấu xuất hiện, mèo nằm nhà","75360"
"7270","176","Ngoài trước có trước, ngoài người có người~","76281"
"8583","136","Phần Hai Chương 18 Phần 1","1774"
"5075","157","Tập 24 Vết đạn","10188"
"7271","176","Hôm nay bạn và tôi không còn là bò ngựa, mà là tuần lộc!","76601"
"7272","176","Bài đầu năm mới, chút công nghệ và tuyệt kỹ~","79044"
"7273","176","Bát cháo Laba đặc biệt, kèm hướng dẫn","80007"
"7274","176","Muốn liếm sắt phải tự mình cứng cáp","80879"
"8541","136","Phần Một Chương 61","1185"
"8544","136","Thông Báo Tạm Ngưng Cập Nhật","1433"
"15876","148","Chương 237: Vây hãm Thái Dương Thành","2783"
"15877","148","Chương 238: Ai dám động!","2794"
"15878","148","Chương 239: Tuyên ngôn Grayson","2815"
"15942","148","Chương 303: Đại Hằng Triều","78726"
"15943","148","Chương 304: Hoàng Đế Và Thái Tử","78727"
"15945","148","Chương 306: Hằng Văn Hoàng Xuất Kích","78731"
"9313","140","Tàn Dư Du Thi","1080"
"27418","136","Chương 1 Chương 21 Phần 2","47"
"8179","187","Chương 39: Đồ Dota Đáng Ghét","851"
"27420","136","Chương 1 Chương 22 Phần 1","49"
"5817","168","Chương 122","753"
"3855","182","022 Ghen rồi","22"
"10231","132","Ăn thịt nướng","357"
"10316","132","Cáo và chó cãi nhau","443"
"7034","132","Thợ quét sơn","238"
"7036","132","Tai","240"
"9314","132","Hạt đậu thần Jack","1097"
"10317","132","Cuối năm rồi, bạn hoàn thành KPI chưa?","444"
"3851","185","Tạm Biệt, Vương Tiểu Quân","18"
"6072","167","Chương 169: Diêm Hỏa cướp Mười Hai Giờ Mệnh Bàn","202"
"6077","167","Chương 174: Dòng máu Thủy Hoàng rốt cuộc là ai?","207"
"7275","176","Chúc mọi người đỏ rực, bay cao","81781"
"7276","176","Con trai giúp con trai","83683"
"7277","176","Hình nền avatar Tết năm Rắn đã gửi~","85264"
"7278","176","Xong lễ là đổi đơn vị!","85268"
"8173","187","Chương 33: Bay Xa Đi","776"
"8175","187","Chương 35: Chiếc Thuyền Tình Bạn Nhỏ","802"
"8176","187","Chương 36: Lừ Lừ Lừ, Mày Không Xứng","811"
"8177","187","Chương 37: Có Cá Mập Kìa!","827"
"8180","187","Chương 40: Bị Cá Mập Nuốt","860"
"8182","187","Chương 42: Cảm Ứng Tâm Linh","880"
"8183","187","Chương 43: Chị Gái Đã Đến","891"
"8185","187","Chương 45: Lễ Thành Niên","910"
"8187","187","Chương 47: Mấy Người Xấu Xa","931"
"8189","187","Chương 49: Tôi Là Kẻ Xấu, Mau Bắt Tôi!","953"
"8186","136","Phần Một Chương 50 Phần 2","917"
"15882","148","Chương 243: Nhìn cậu là tôi tức","2894"
"15946","148","Chương 307: Chu Nhĩ Xuất Kích","78733"
"15947","148","Chương 308: Nội Chiến Đại Hằng","78741"
"15958","148","Chương 319: Quá Khứ Đại Bi","92386"
"5188","137","Chương Phụ: Hoa Hồng Đỏ (Phần 2)","760"
"3974","158","31 Không chỉ chúng ta tái sinh?","1698"
"6078","167","Chương 175: Ta Lữ Bố là người đầu tiên không phục","208"
"5196","180","Chương 231: Xâm nhập núi Thục (Phần 4)","885"
"7037","132","Sừng rồng","241"
"7040","132","Xe mới","244"
"7042","132","Lộ tẩy","246"
"9828","132","Bánh hoa đầy bất ngờ","1250"
"9323","140","Phá Thị Nghiêng Tuyệt","1239"
"9324","140","Thần Quân Bãi Chức","1258"
"9325","140","Danh Sách Âm Giới Ức Kiếp","1342"
"5155","158","32 Ở lại tối nay","1714"
"5592","165","Chương 59: Máu Thịt Trở Thành Y Phục Trên Người","881"
"5595","165","Chương 62: Thiên Hạ Hỉ Hỉ Giai Vi Lợi Lai","919"
"5596","165","Chương 63: Người Phụ Nữ Trong Xe Ngựa","929"
"5597","165","Chương 64: Lại Đi Tìm Người Phụ Nữ Đó","941"
"5599","165","Chương 66: Long Yêm Tiên Tôn","989"
"15964","148","Chương 325: Thần Thẻ Không Muốn Sống Nữa","92411"
"15965","148","Chương 326: Cố Thủ Tuyến Gợi Ý Được Thu Hồi","92418"
"5130","187","Chương 52: Tôi đã hứa cứu thế giới rồi","956"
"5132","187","Chương 54: Đánh chết tôi đi","995"
"5157","158","34 Sao lại nằm trên giường","1779"
"5158","158","35 Chết rồi, người bên địch?","2019"
"5159","158","36 Lý Mẫn và Ôn Thập Kỷ","2043"
"5161","158","38 Khủng hoảng áo khoác","2140"
"5160","145","76 Xuất Phát, Thánh Tà Đảo - Phần 2","2080"
"7279","176","Bạn này, hợp gu tôi!","85844"
"7280","176","Quà Valentine nhất định phải có KẾ HOẠCH B~","86819"
"7281","176","Làm việc tại nhà chủ yếu là ở nhà","87589"
"8190","187","Chương 50: Người Cha Đểu","954"
"8191","187","Chương 51: Con Trai Cũng Có Thể Khóc","955"
"8193","187","Chương 53: Lửa Biết Nói Kìa!","994"
"8195","187","Chương 55: Đồ Ngốc, Chạy Nhanh!","996"
"7039","132","Không hiểu lắm về các bạn Ô Bá","243"
"27421","136","Chương 1 Chương 22 Phần 2","50"
"10345","132","Mưa tốt biết mùa","472"
"10350","132","Thần thú Bạch Trạch xuất hiện!","477"
"8206","187","Thông Báo Cập Nhật Đơn","1129"
"8211","187","Chương 70: Nhưng Tôi Là Con Trai","1213"
"6116","170","Chương 8: Truyền Nhân Y Pháp","1615"
"8217","187","Chương 76: Liên Hôn?!","1886"
"6112","170","Chương 4: Nụ Cười Hiền Hòa Nhất","1552"
"6113","170","Chương 5: Tôi Thật Sự Kinh Khủng Đến Thế?","1565"
"5131","180","Chương 236: Bạn là ai?","978"
"3873","187","Chương 73: Chị Không Đi, Tôi Cũng Không Đi","1380"
"7050","132","Đồ ngốc","254"
"7051","132","Lông đen","255"
"7052","132","Lên cấp","256"
"9833","132","Có những nỗi sợ là bản năng mà sinh vật khó có thể vượt qua.","1407"
"7759","132","Nhiều chuyện không thay đổi theo thời gian.","1408"
"6079","167","Chương 176: Người biết thời thế là anh hùng?","209"
"6084","167","Chương 181: Quân sư La Sát rốt cuộc là ai?","214"
"15884","148","Chương 245: Nhật ký Nguyên Sinh","2920"
"15885","148","Chương 246: Một canh bạc tất tay","2937"
"15886","148","Chương 247: Nhìn chết như trở về","2955"
"10307","132","Thực lực quyết định địa vị","434"
"7282","176","Làm lâu ở chỗ làm, càng tin vào những chuyện vớ vẩn","89120"
"7283","176","Kết hôn bảy năm, cuối cùng tôi cũng làm bố!?","90026"
"7284","176","Nhận hóa đơn đầu tiên nuôi con, tôi phá sản rồi","90797"
"8198","187","Chương 58: Tiên Tỏi","1043"
"8199","187","Chương 59: Thủy Tiên Mạnh Lắm!","1044"
"8202","187","Chương 62: Cô Ấy Có Thể Ký Thêm Hai Đứa Trẻ","1063"
"8204","187","Chương 64: Đi Báo Mẹ Ngoại","1101"
"8205","187","Chương 65: Giao Su Lãn Lãn","1109"
"7043","132","Hiểu lầm","247"
"6108","132","Uống canh trước bữa ăn hơn cả thuốc hay.","1525"
"27422","136","Chương 1 Chương 22 Phần 3","51"
"10362","132","Xe mới bị trầy","491"
"10368","132","Thật là bạn! Tôn Ngộ Không - Tề Thiên Đại Thánh","497"
"6121","148","Chương 190: Vì tự do","1753"
"5654","166","Lão bọ cạp (2)","1223"
"10372","132","Quay về đi, quay về đi ôi","501"
"8218","187","Chương 77: Fan Não Cá Vàng","2143"
"6122","170","Chương 14: Tự Mình Quét Mộ","1759"
"8577","136","Phần Hai Chương 15 Phần Trên","1755"
"3963","180","Chương 263: Tranh đấu và hòa hợp","1650"
"8219","187","Chương 78: Công Chúa Lâu Đài Ma Tiên","2166"
"8222","187","Chương 81: Bộ Não Của Mày, Không Được!","2543"
"8223","187","Chương 82: Hoàng Tử Độc Ác Quá","3077"
"7055","132","Matcha","259"
"7056","132","Thang máy","260"
"7057","132","Mơ mộng","261"
"7062","132","Ra ngoài dựa vào bạn bè. ​​​​","266"
"7285","176","Khuyên mẹ không thành, con trai bị tổn thương tinh thần","91200"
"7286","176","Mẹ... đây là lần cuối con mang cơm cho mẹ","92839"
"15887","148","Chương 248: Ai mở cổng vực","2965"
"15888","148","Chương 249: Trận chiến ác liệt","2975"
"15889","148","Chương 250: Lại có biến","3002"
"15966","148","Chương 327: Tối Thượng Lôi Đế","96254"
"15967","148","Chương 328: Giao Cho Cậu Rồi","100218"
"6085","167","Chương 182: Tần Hy và Tô Mẫn gặp nhau","215"
"6118","170","Chương 10: BUFF Đỉnh Cao","1702"
"6119","170","Chương 11: Anh Hùng Cứu Mỹ Nhân","1723"
"6086","167","Chương 183: Thái A Kiếm rất phấn khích","216"
"6123","170","Chương 15: Thờ Lầm Phái","1776"
"6124","170","Chương 16: Bị Thuyết Phục","1799"
"4592","177","Chương 51","64"
"8828","132","Càng vội gọi điện, càng dễ mất sóng.","1509"
"7058","132","Suối nước nóng","262"
"3970","170","Chương 9: Danh Tiếng Hung Hãn","1684"
"4595","178","Tập 51: Khoảng thời gian khó quên","67"
"4599","178","Tập 55: Mưa pháo hoa","71"
"4604","178","Tập 61: Tái ngộ","77"
"10202","132","Mọi người tối nay ăn gì? ​​​​","326"
"10203","132","Các bạn tìm việc, năm mới cố lên nhé.","327"
"10373","132","Luôn cần chút dũng khí","502"
"10374","132","Thức dậy buổi sáng, ôm lấy mặt trời!","503"
"10406","132","Phim tài liệu Thiên đình, bắt đầu quay!","535"
"27423","136","Phần Một Chương 23 Phần 1","52"
"15890","148","Chương 251: Miyamoto vẫn phải nerf","3017"
"15891","148","Chương 252: Sói đến rồi","3043"
"15968","148","Chương 329: Gợi Ý Của Ai Đó Được Thu Hồi","100219"
"15969","148","Chương 330: Người Không Có Siêu Năng Lực","101360"
"15970","148","Chương 331: Trương Tuấn VS Chu Nhĩ","101368"
"24641","144","Chương 35: Không Ai Trong Số Các Cậu Sống Sót...","40"
"8563","132","Đồng hành là kẻ thù.","1564"
"7173","132","Khi áp lực lớn, cần có chỗ dựa tinh thần.","1594"
"9840","132","Cây to thế, để gió cuồng thổi.","1660"
"7221","176","Sợ nhất là anh em biết vẽ!","2520"
"7227","176","Đoán tên một loại kem","12907"
"6090","167","Chương 187: Người nhà đánh nhau","220"
"6091","167","Chương 188: Thiên Diên Lô hỏi trời!","221"
"5123","165","Chương 60: Đây Có Phải Là Kết Thúc Của Giấc Mơ?","893"
"7288","176","DNA của kẻ nghiện ăn đã hoạt động!!!","97066"
"7289","176","Bộ biểu cảm gấu đi làm (đợt đầu) đã đến~","99726"
"7291","176","Trò chơi nhất định phải chơi 520~","100727"
"7292","176","Cứu mạng! Phản chiếu trong vũng nước sau mưa...","101599"
"7293","176","Kỳ Tư và Viên Bảo có lời nhắn gửi thí sinh~","102467"
"5605","165","Chương 72: Rồng Không Hồn","1042"
"5606","187","Chương 63: Là ai đây","1064"
"8221","137","Phần 2 Chương 2 Tập 3: Vào Quốc Gia Sītè","2382"
"4628","178","Tập 86: Người thương","102"
"5166","137","Phần 2 Chương 4 Tập 4: Bạch Kỳ","2400"
"10212","132","Văn hóa bàn mạt chược của những Thần Thú già","337"
"6092","167","Chương 189: Thượng thượng quẻ Phong Sơn Tiệm","222"
"15898","148","Chương 259: Giết gà để dọa khỉ","3200"
"15904","148","Chương 265: Ai bảo cậu solo","3292"
"15972","148","Chương 333: Kết Thúc Hiệp Một","104788"
"15973","148","Chương 334: Giải Lao Giữa Hiệp","104797"
"7063","132","Cùng đi ăn hải sản nhé! ​​​​","267"
"6094","167","Chương 191: Kiếm linh của Thái A Kiếm","224"
"15982","148","Chương 343: Dạ Cực Đi Vệ Sinh","118586"
"15983","148","Chương 344: Dạ Cửu U Lấy Số","118608"
"15984","148","Chương 345: Dạ Cửu U VS Dạ Cực","118633"
"7294","176","Mùa mưa mận buồn bã đến mức nào","103162"
"7297","176","Tôi đã bước những bước chạy bộ buổi sáng đầu tiên","105408"
"7298","176","Không may bị đòn giảm chiều kích do nhiệt độ cao","105425"
"7300","176","Tôi có một cốc canh mơ chua chủ yếu là chát!","106411"
"7301","176","Khi đòn giảm chiều kích gặp sức mạnh bí ẩn phương Nam","107789"
"7303","176","Làm sao bảo vệ bản thân sau khi cứu ngải?","111479"
"7304","176","Sức mạnh của cốc sữa chua đầu mùa Thu thật mãnh liệt!","113234"
"7305","176","Nghe nói hổ thu có thể loại bỏ ẩm cuối cùng của bạn","115104"
"7306","176","Lại một ngày mẹ hiền con thảo ở nhà Kỳ Tư","116115"
"7307","176","Trải nghiệm thế nào khi món ăn chế biến sẵn thành tiệc buffet?","117206"
"7308","176","Tôi có một miếng cao dán gia truyền, bạn có thích không?","118733"
"7309","176","Muốn một đôi bánh trôi mè đen gạo nếp hoa quế không?","121235"
"7310","176","Để tôi giới thiệu về sự thay đổi mùa ở đây.","122750"
"7311","176","Khi kẻ trộm trở thành thám tử.","123133"
"7312","176","Tấm lòng hiếu thảo của ai đã đổ sông đổ biển?","123196"
"91","8","Phàm Nhân Muốn Bắt Tiên","123709"
"4594","178","Tập 50: Nhảy đi nào","66"
"4630","178","Tập 88: Đêm điên cuồng","104"
"5445","178","Mùa 2 Tập 7: Âm Mưu Giấu Kín","139"
"5507","164","Chương 180: Một Lần Bị Rắn Cắn","821"
"5508","164","Chương 181: Lời Tiên Tri","883"
"5509","164","Chương 182: Thấy Bất Công...?","1002"
"5510","164","Chương 183: Duyên...","1021"
"10478","132","Quần áo không bằng mới, người không bằng cũ.","607"
"5512","164","Chương 185: ...Tuyệt Vời Không Tả Nổi","1190"
"11089","132","Tuổi thơ của bạn và tôi dường như khác nhau.","126372"
"4590","185","Năm Tháng Trôi Qua","62"
"24643","144","Chương 37: Tạm Biệt Kiều Tiểu Mẫn","7"
"15905","148","Chương 266: Lấy được mạng đầu","8727"
"27424","136","Phần Một Chương 23 Phần 2","53"
"15906","148","Chương 267: Tất cả tập hợp","9604"
"7064","132","Tôi đang chơi dưới hồ bơi","268"
"5511","164","Chương 184: Cuộc Gặp Định Mệnh","1156"
"5513","164","Chương 186: Vui Mừng Khi Săn?","1316"
"7066","132","Bạn đã làm xong bài tập chưa? ​​​​","270"
"7067","132","Bài tập hè","271"
"7801","137","Phần 2 Chương 7 Tập 4: Đàm Phán","2719"
"7803","137","Phần 2 Chương 7 Tập 7: Máu Ô Uế","2767"
"6083","167","Chương 180: Phủ Thanh Tiêu sụp rồi","213"
"6098","167","Chương 195: Không Tốt, Bị Gài Bẫy Rồi!","228"
"15908","148","Chương 269: Song Hoàng không vui","11588"
"6099","167","Chương 196: Cái Bẫy","229"
"6100","167","Chương 197: Trận Chiến Kịch Liệt","230"
"7313","176","Sự ùa về dữ dội của Lập Đông đang gõ cửa~","124185"
"7314","176","Bạn đón gió Tây Bắc bằng tư thế nào?","124465"
"7315","176","Cha con đi hái quả, cha thương con hiếu.","126824"
"27425","136","Chương 1 Chương 24 Phần 1","54"
"27426","136","Phần Một Chương 24 Phần 2","55"
"27427","136","Phần Một Chương 25 Phần 1","56"
"27430","136","Phần Một Chương 26 Phần 2","59"
"5462","178","Mùa 2 Tập 24: Sự Trả Thù Của Long Quán","156"
"5514","164","Chương 187: Nhóm Ba Năm Người","1491"
"24647","144","Chương 41: Thời Khắc Quan Trọng","45"
"5515","164","Chương 188: Trời Mưa Trời Nắng Không Đều","1654"
"5517","164","Chương 190: Mọi Thứ Đều Hạng Dưới","1895"
"4056","170","Chương 20: Lấy Xẻng Làm Kiếm","1859"
"5519","164","Chương 192: Phương Đông Đã Sáng","2303"
"5523","164","Chương 196: Tuyết Bùn và Dấu Chân Thiên Nga","2482"
"5524","164","Chương 197 Những Người Khác Nhau","2568"
"5525","164","Chương 198 Những Việc Khác Nhau","67420"
"10207","132","Năm Thú cuối cùng lại xuất hiện.","331"
"11090","132","Cà rốt và rau xanh, mỗi người có sở thích riêng.","126373"
"10523","132","Nghe người khác than phiền đừng để bụng","652"
"10524","132","Chiếc giường 500 mét vuông không chỉ dành cho đại bá tổng","653"
"7068","132","Rồng sinh rồng, phượng sinh phượng","272"
"7069","132","Thú cưng của thần thú không bình thường.","273"
"7071","132","Người mới đến đều cảm thấy bồn chồn.","275"
"7072","132","Lặng lẽ hỏi thánh tăng, con gái có đẹp không?","276"
"3845","185","Cách Đặt Tay Đúng","12"
"3852","185","Phiền Muộn Của Từ Dương Dật","19"
"6125","170","Chương 17: Triệu Hồi Anh Linh","1802"
"15916","148","Chương 277: Gió của ()","22054"
"5518","164","Chương 191: Niềm Vui Đầu Tiên","2283"
"15917","148","Chương 278: Ai cũng cố gắng","24565"
"7316","176","Kể từ khi trên giường có thêm “người thứ ba”.","126826"
"15918","148","Chương 279: Niềm vui đơn giản","24570"
"15919","148","Chương 280: Thành phố tổng bị phá hủy","24572"
"6101","167","Chương 198: Ánh Đèn Cuối Trước Khi Chết","231"
"27431","136","Phần Một Chương 27 Phần 1","60"
"27432","136","Phần Một Chương 27 Phần 2","61"
"27433","136","Phần Một Chương 28 Phần 1","62"
"4601","178","Tập 57: Sự sụp đổ","73"
"4603","178","Tập 60: Sự tái sinh kỳ diệu của Miao Qianqianqiu","76"
"4634","178","Tập 91: Cạm bẫy","108"
"4637","178","Tập 94: Giấc mơ bên kia bờ","111"
"27434","136","Phần Một Chương 28 Phần 2","63"
"7724","180","Chương 226: Đạo tâm · Tâm lửa (3)","799"
"27435","136","Phần Một Chương 29 Phần 1","64"
"27436","136","Phần Một Chương 29 Phần 2","65"
"27437","136","Phần Một Chương 30 Phần 1","66"
"27438","136","Phần Một Chương 30 Phần 2","67"
"27439","136","Phần Một Chương 31 Phần 1","68"
"27440","136","Phần Một Chương 31 Phần 2","69"
"10210","132","Một sớm cưỡi Bạch Hổ, thẳng lên Tử Vi thiên.","334"
"10208","132","A, ngủ thật khó. ​​​​","332"
"10209","132","Muốn hát thì hát, hát thật to.","333"
"15921","148","Chương 282: Ba nghìn lá chắn","27578"
"15922","148","Chương 283: Mùa thiên tai","29349"
"15923","148","Chương 284: Nhật ký công chúa sói","29366"
"4569","185","Chạm","41"
"4570","185","Chuyến Đi Tự Lái (Phần 1)","42"
"4581","185","Tình Yêu Và Tự Do (Phần 1)","53"
"4585","185","Về Nhà (Phần 1)","57"
"27441","136","Phần Một Chương 32 Phần 1","70"
"24655","144","Chương 49: Đại Sư Huynh Cứng Đầu","52"
"7074","132","Bọ cạp độc tu luyện đạo người hư không, phục nguyên phản bản hiện chân hình.","278"
"7725","180","Chương 227: Đạo tâm · Tâm lửa (4)","819"
"7070","176","Dù kết quả là 0 điểm nhưng quá trình của tôi là điểm tuyệt đối.","274"
"6102","167","Chương 199: Quân Sư Phản Bội Hồ Hài","232"
"6103","167","Chương 200: Hãy Chết Vì Tần Hoàng Của Ngươi!","233"
"8649","136","Phần 2 Chương 50 Phần dưới","83776"
"7077","176","Dù tôi có lạnh lùng như băng, vẫn muốn trao bạn hơi ấm~","281"
"7078","176","Đây là truyện tranh đọc vào là gặp may mắn~","282"
"15935","148","Chương 296: Từ Đạt Xuất Kích","42278"
"15944","148","Chương 305: Vị Thần Mở Ba Đèn","78728"
"4625","178","Tập 83: Cuộc chiến im lặng","99"
"7097","176","Muốn trở thành siêu gấu anh hùng trên Trái Đất? Tham gia chúng tôi.","301"
"15953","148","Chương 314: Khích Giao Xuất Kích","84738"
"7748","180","Chương 248: Phá kén (Phần 7)","1187"
"4626","178","Tập 84: Ý tưởng hay","100"
"5463","178","Mùa 2 Tập 25: Một Đêm Hòa Hợp","157"
"27443","136","Phần Một Chương 32 Phần 3","72"
"5479","178","Mùa 2 Tập 40: Em Lại Dùng Anh?","173"
"7755","180","Chương 255: Con đường của tôi","1329"
"5480","178","Mùa 2 Tập 41: Tình Yêu Điên Cuồng","174"
"5481","178","Mùa 2 Tập 42: Hoàn Toàn Mất Ký Ức?","175"
"5484","178","Mùa 2 Tập 45: Cứu Shilan","178"
"5487","178","Mùa 2 Tập 48: Thờ ơ","181"
"11008","132","Nghiện việc, không thể thoát.","87272"
"10525","132","Mẹ già của tôi, người tôi thương nhất","654"
"10529","132","Đi học lúc nào cũng nghĩ cách truyền giấy nhắn","658"
"10532","132","Nơi bắt đầu cuộc phiêu lưu thường khiến người ta bất ngờ","661"
"10534","132","Không làm được người yêu thì làm anh em đi","663"
"10535","132","Hòa giải tốt bạn bè không phiền muộn","664"
"10536","132","Đừng quá đáng kẻo bị chửi cho tơi tả","665"
"7789","180","Chương 287: Mở! Cửa Ngàn Yêu (4)","2519"
"8521","136","Phần Một Chương 51 Phần Dưới","960"
"8523","136","Phần Một Chương 52 Phần Dưới","985"
"8528","136","Phần Một Chương 55 Phần Trên","1030"
"8529","136","Phần Một Chương 55 Phần Dưới","1039"
"6104","167","Chương 201: Bố Của Tần Hy","234"
"6105","167","Chương 202: Bởi Vì Con Là Con Của Ta!","235"
"7108","176","Tưởng nhớ thế kỷ phấn đấu, yêu thời đại đáng yêu.","312"
"7110","176","Nồng nhiệt chúc mừng gấu trúc lớn đã thành công hạ cấp~","314"
"7111","176","Thông thường, đường thẳng thì ít khi bị trật bánh.","315"
"7112","176","Có những chuyện không thừa nhận thì cũng đồng nghĩa thừa nhận rồi.","316"
"7113","176","Bảo vệ gia đình như anh em ruột, cha con cùng chịu hoạn nạn.","317"
"7114","176","Nếu cuộc đời chỉ như lần đầu gặp gỡ, một tia sáng mạnh sẽ chói mắt.","318"
"7794","180","Chương 292: Ký Ức Đẫm Máu (1)","2608"
"7802","180","Chương 300: Đột Phá! Cửa Ngàn Yêu (3)","2730"
"7119","176","Cười chết, điều hòa gì mà quốc bảo của chúng ta không thể dùng được?","323"
"5490","178","Mùa 2 Tập 51: Điên Loạn","184"
"8535","136","Phần Một Chương 58 Phần Dưới","1134"
"8537","136","Phần Một Chương 59 Phần Dưới","1136"
"8540","136","Phần Một Chương 60 Phần Dưới","1158"
"8542","136","Thông Báo Tạm Ngưng Cập Nhật","1261"
"7120","176","Không phải ghét đi học mà là không nỡ để kỳ nghỉ hè xa rời.","324"
"7107","176","Món ăn của chúng ta ở đâu cũng có hồn~","311"
"15954","148","Chương 315: Tông, Hải VS Khích","84751"
"27444","136","Phần Một Chương 33 Phần 1","73"
"8543","136","Thông Báo Tạm Ngưng Cập Nhật","1270"
"8545","136","Phần Hai Mở Đầu Một","1522"
"7791","180","Chương 289: Mở Niêm Phong Ban Đầu (2)","2550"
"10622","132","Nếu Mặt Bằng Không Đủ, Trang Trí Để Bù Đắp","766"
"8201","136","Phần Một Chương 57 Phần 1","1062"
"8546","136","Phần Hai Mở Đầu Hai","1523"
"8547","136","Phần Hai Chương 1 Phần Trên","1533"
"24662","144","Chương 56: A Hoa","59"
"8531","140","Phong Giang Suy Nghĩ","1053"
"6106","167","Chương 203: Lần Này Ta Sẽ Bảo Vệ Hắn","236"
"6107","167","Thông Báo Tạm Dừng Cập Nhật","237"
"7073","132","Quạt lông xanh mở ra sao Thất Nữ, hương trời lan tỏa khắp sân đình.","277"
"8527","136","Phần Một Chương 54 Phần 2","1022"
"7141","176","Ra khỏi không khí thể thao thi đấu của Tết Nguyên Tiêu!","758"
"15957","148","Chương 318: Một Đám Người Xuất Kích","89062"
"7143","176","Thật là một mùa xuân lạnh lẽo...","778"
"7144","176","Lông cừu thì từ cừu mà ra, lông cáo cũng vậy~","784"
"7146","176","Muốn xanh cũng xanh, muốn đỏ cũng đỏ, sợ nhất là khác người.","804"
"7148","176","Làm sao giảm đau khi lấy mẫu xét nghiệm bằng tăm bông mũi~","914"
"10303","132","Máy tạo ẩm hình rồng","430"
"7150","176","Con đi xa ngàn dặm, mẹ lo lắng; nấu ăn ở nhà còn căng hơn.","915"
"7151","176","Mẹo giảm cân của Kỳ Tư: eo quần tụt nhanh.","934"
"27445","136","Phần Một Chương 33 Phần 2","74"
"7147","176","Cấp độ cao nhất của cách ly: vô trung sinh hữu!","818"
"27446","136","Phần Một Chương 33 Phần 3","75"
"27447","136","Phần Một Chương 34 Phần 1","76"
"27448","136","Phần Một Chương 34 Phần 2","77"
"27450","136","Phần Một Chương 35 Phần 2","79"
"27451","136","Phần Một Chương 36 Phần 1","80"
"8558","136","Phần Hai Chương 6 Phần Dưới","1554"
"27452","136","Phần Một Chương 36 Phần 2","81"
"8559","136","Phần Hai Chương 7 Phần Trên","1555"
"10229","132","Mùa xuân đến rồi, mùa hè còn xa không?","355"
"8560","136","Phần Hai Chương 7 Phần Dưới","1556"
"8561","136","Thông Báo Trao Giải","1557"
"10308","132","Chúc Dung!","435"
"8564","136","Phần Hai Chương 9 Phần Trên","1567"
"10306","132","Họ Đấu, giống chó mà ăn phân chó","433"
"8567","136","Phần Hai Chương 10 Phần Dưới","1575"
"7084","132","Lông quá nhiều thật phiền","288"
"27453","136","Phần Một Chương 37 Phần 1","82"
"8579","136","Phần Hai Chương 16 Phần Trên","1757"
"8581","136","Phần Hai Chương 17 Phần Trên","1768"
"8582","136","Phần Hai Chương 17 Phần Dưới","1771"
"24666","144","Chương 60: Bí Ẩn Đạo Mộ","63"
"6093","167","Chương 190: Lấy được mảnh cuối cùng","223"
"27454","136","Phần Một Chương 37 Phần 2","83"
"7805","180","Chương 303: Chiến Trận Đâm Thấu Tâm Can (2)","2790"
"7174","176","Viên Bảo đầu to hay mèo mặt lớn, tôi đều có thể bảo vệ.","1602"
"27455","136","Phần Một Chương 38 Phần 1","84"
"26597","182","002 Cậu đã ăn gì của tôi vậy?","2"
"8584","136","Phần Hai Chương 18 Phần Dưới","1777"
"8586","136","Phần Hai Chương 19 Phần Dưới","8994"
"8587","136","Phần Hai Chương 20 Phần Trên","9846"
"8588","136","Phần Hai Chương 20 Phần Dưới","10658"
"8589","136","Phần Hai Chương 21 Phần Trên","11880"
"8590","136","Phần Hai Chương 21 Phần Dưới","12812"
"8591","136","Phần Hai Chương 22 Phần Trên","13995"
"7153","176","Hôm nay chúng ta học cách giữ sự ngây thơ như trẻ con~","965"
"8592","136","Phần Hai Chương 22 Phần Dưới","15279"
"8593","136","Phần 2 Chương 23 Phần trên","17501"
"8594","136","Phần 2 Chương 23 Phần dưới","18706"
"8595","136","Phần 2 Chương 24 Phần trên","19555"
"8596","136","Phần 2 Chương 24 Phần dưới","20944"
"7155","176","Khổ vì giảm cân cũng không bằng ba đòn mùa hè.","992"
"8597","136","Phần 2 Chương 25 Phần trên","22414"
"7085","132","Mẫu giáo Phi Nhân","289"
"8598","136","Phần 2 Chương 25 Phần dưới","23840"
"8599","136","Phần 2 Chương 26 Phần trên","25108"
"8600","136","Phần 2 Chương 26 Phần dưới","25562"
"8602","136","Phần 2 Chương 27 Phần dưới","27279"
"8603","136","Phần 2 Chương 28 Phần trên","27894"
"7156","176","Nhớ gọi bạn trai định kỳ để được thanh lọc.","1024"
"8604","136","Phần 2 Chương 28 Phần dưới","28941"
"8605","136","Phần 2 Chương 29 Phần trên","29699"
"10217","132","Người thật sự của tôi là trong album điện thoại. ​​","343"
"8606","136","Phần 2 Chương 29 Phần dưới","30558"
"8607","136","Phần 2 Chương 30 Phần trên","31496"
"7182","176","Tiền lì xì của bạn cuối cùng đi đâu rồi?","1693"
"7184","176","Thật sự có công việc thần thánh thế này?!","1705"
"7190","176","Bắt đầu một series mới~","1761"
"8608","136","Phần 2 Chương 30 Phần dưới","32662"
"8609","136","Phần 2 Chương 31 Phần trên","33450"
"8610","136","Phần 2 Chương 31 Phần dưới","34450"
"3976","176","Một viên thuốc an tâm, dành cho bạn trở lại công việc~","1706"
"8611","136","Phần 2 Chương 32 Phần trên","35302"
"3981","176","Làm người hãy để lại một nửa, để sau này dễ gặp nhau~","1726"
"27456","136","Phần Một Chương 38 Phần 2","85"
"3985","176","Tặng quà cho con gái nhớ phân loại nhé~","1747"
"8612","136","Phần 2 Chương 32 Phần dưới","36070"
"8613","136","Phần 2 Chương 33 Phần trên","36827"
"27457","136","Phần Một Chương 39 Phần 1","86"
"8614","136","Phần 2 Chương 33 Phần dưới","37555"
"8615","136","Phần 2 Chương 34 Phần trên","38457"
"8616","136","Phần 2 Chương 34 Phần dưới","40359"
"8617","136","Phần 2 Chương 35 Phần trên","41723"
"8618","136","Phần 2 Chương 35 Phần dưới","42583"
"8620","136","Phần 2 Chương 36 Phần dưới","45392"
"8621","136","Phần 2 Chương 37 Phần trên","46930"
"8622","136","Phần 2 Chương 37 Phần dưới","48411"
"8624","136","Phần 2 Chương 38 Phần dưới","50863"
"8625","136","Phần 2 Chương 39 Phần trên","52152"
"8626","136","Phần 2 Chương 39 Phần dưới","53111"
"8628","136","Phần 2 Chương 40 Phần dưới","54967"
"8629","136","Phần 2 Chương 41 Phần trên","56288"
"8630","136","Phần 2 Chương 41 Phần dưới","57085"
"8632","136","Phần 2 Chương 42 Phần dưới","59604"
"10226","132","Đồ chơi để trêu mèo và trêu chó không giống nhau.","352"
"8633","136","Phần 2 Chương 43 Phần trên","60878"
"8634","136","Phần 2 Chương 43 Phần dưới","61564"
"8635","136","Phần 2 Chương 44 Phần trên","62010"
"8636","136","Phần 2 Chương 44 Phần dưới","63924"
"7207","176","Vui vẻ là quan trọng nhất / Bạn thật không bắt bạn làm thêm giờ","2275"
"7211","176","Tôi có một người bạn 'nóng hổi' cần chuyển nhượng, ai muốn không!!","2335"
"7086","132","Chó suy nghĩ rất đơn giản","290"
"8637","136","Phần 2 Chương 45 Phần trên","65566"
"7214","176","Làm thế nào để trở thành một thanh niên vừa có đức vừa có tài~","2367"
"8638","136","Phần 2 Chương 45 Phần dưới","66978"
"8639","136","Phần 2 Chương 46 Phần trên","67945"
"8641","136","Phần 2 Chương 46 Phần dưới","72784"
"8642","136","Phần 2 Chương 47 Phần trên","73522"
"8643","136","Phần 2 Chương 47 Phần dưới","74954"
"27458","136","Phần Một Chương 39 Phần 2","87"
"8644","136","Phần 2 Chương 48 Phần trên","76315"
"8645","136","Phần 2 Chương 48 Phần dưới","78105"
"27459","136","Phần Một Chương 40 Phần 1","88"
"8646","136","Phần 2 Chương 49 Phần trên","79068"
"8647","136","Phần 2 Chương 49 Phần dưới","80632"
"8648","136","Phần 2 Chương 50 Phần trên","81810"
"8651","136","Phần 2 Chương 51 Phần dưới","85175"
"8652","136","Phần 2 Chương 52 Phần trên","86904"
"27460","136","Phần Một Chương 40 Phần 2","89"
"8653","136","Phần 2 Chương 52 Phần dưới","87626"
"8654","136","Phần 2 Chương 53 Phần trên","88969"
"8655","136","Phần 2 Chương 53 Phần dưới","89791"
"8656","136","Phần 2 Chương 54 Phần trên","90576"
"8657","136","Phần 2 Chương 54 Phần dưới","91254"
"8658","136","Phần 2 Chương 55 Phần trên","92238"
"8659","136","Phần 2 Chương 55 Phần dưới","93344"
"8660","136","Phần 2 Chương 56 Phần trên","94890"
"8661","136","Phần 2 Chương 56 Phần dưới","96195"
"8662","136","Phần 2 Chương 57 Phần trên","97126"
"8663","136","Phần 2 Chương 57 Phần dưới","98707"
"8664","136","Phần 2 Chương 58 Phần trên","99433"
"27461","136","Phần Một Chương 41","90"
"8665","136","Phần 2 Chương 58 Phần dưới","100340"
"8666","136","Phần 2 Chương 59 Phần trên","101068"
"8667","136","Phần 2 Chương 59 Phần giữa","101796"
"8668","136","Phần 2 Chương 59 Phần dưới","102503"
"8669","136","Phần 2 Chương 60 Phần trên","103201"
"8670","136","Phần 2 Chương 60 Phần dưới","103887"
"4608","178","Tập 66: Người mất đi sự lựa chọn","82"
"8672","136","Phần 2 Chương 61 Phần dưới","105433"
"8673","136","Phần 2 Chương 62 Phần trên","106096"
"8674","136","Phần 2 Chương 62 Phần dưới","107049"
"8675","136","Phần 2 Chương 63 Phần trên","108087"
"8677","136","Phần 2 Chương 64 Phần trên","110454"
"8678","136","Phần 2 Chương 64 Phần dưới","111503"
"7811","180","Chương 309: Tái Ngộ Lửa Tâm (1)","2897"
"8679","136","Phần 2 Chương 65 Phần trên","112879"
"8680","136","Phần 2 Chương 65 Phần dưới","114042"
"8681","136","Phần 2 Chương 66 Phần trên","115225"
"8682","136","Phần 2 Chương 66 Phần dưới","116130"
"8683","136","Phần 2 Chương 67 Phần trên","117252"
"8684","136","Phần 2 Chương 67 Phần dưới","118746"
"5659","166","Ký ức Núi Lạc Gia (Phần 1)","1355"
"15974","148","Chương 335: Hiệp Hai Bắt Đầu","104804"
"7813","180","Chương 311: Tái Ngộ Lửa Tâm (3)","2939"
"7816","180","Chương 314: Bí Thuật · Lửa Tâm Tương Ứng (3)","2988"
"10220","132","Nó tên là Lili, nơi nào thấy nó thì vùng đó có nhiều công lực đất. ​","346"
"7087","132","Khó tìm lý do trốn họp.","291"
"27462","136","Phần Một Ngoại Truyện Chương 1 Phần 1","91"
"7997","140","Ân Tình Một Nước","1897"
"7241","176","Không trải qua gian khổ nhất, làm sao tình bạn ngọt ngào","30591"
"7248","176","Phong tục Đoan Ngọ VS thái độ của tôi","41096"
"7258","176","Vấn đề khai giảng không dễ dàng để chấp nhận","54992"
"5163","140","Phục Hình Đại Trận","2278"
"24684","144","Chương 78: Tinh Biến Tằng","78"
"27463","136","Phần Một Ngoại Truyện Chương 1 Phần 2","92"
"4596","178","Tập 52: Điên cuồng vì tình yêu","68"
"4618","178","Tập 76: Xé toạc Rao Ruo","92"
"4627","178","Tập 85: Ký ức","101"
"4646","178","Tập 102: Sự Thật Đau Đớn","120"
"4650","178","Tập 105: Anh Ghét Em","124"
"27464","136","Phần Một Ngoại Truyện Chương 2 Phần 1","93"
"27465","136","Phần Một Ngoại Truyện Chương 2 Phần 2","94"
"27466","136","Phần Một Ngoại Truyện Chương 3 Phần 1","95"
"27467","136","Phần Một Ngoại Truyện Chương 3 Phần 2","96"
"27468","136","Phần Một Ngoại Truyện Chương 4 Phần 1","97"
"27469","136","Phần Một Ngoại Truyện Chương 4 Phần 2","98"
"10221","132","Phóng sinh cần thận trọng","347"
"10222","132","Hôm nay tôi làm tổ trưởng ở công trường","348"
"10223","132","Trước khi gặp đối tác phải điều tra kỹ","349"
"10224","132","Nếu đặt tên thú cưng theo tên món ăn nào đó","350"
"3842","185","Cách Nhiệt Lan Truyền","9"
"4568","185","Phí Tài Trợ (Phần 2)","40"
"4579","185","Triển Lãm (Phần 2)","51"
"15976","148","Chương 337: Anh Râu Rậm Bình Luận","110533"
"15977","148","Chương 338: Ba Đèn Bi Văn Hoàng","110534"
"15978","148","Chương 339: Ma Chủng Không Chơi Nữa","114493"
"7088","132","Nó bị lạc trên đường đời.","292"
"7091","132","Giặt riêng màu tối và màu sáng~ ​​​","295"
"7089","132","Con người lớn lên rồi luôn phải rời xa nhà. ​​​","293"
"7092","132","Tình yêu và thú cưng","296"
"7095","132","Chúc bạn sinh nhật vui vẻ!","299"
"24685","144","Chương 79: Bổ Hồn Hoàn","79"
"24693","144","Chương 87: Cưỡng Giết Địa Khí","87"
"7287","176","Chạy bộ một tháng, phong cách vẽ của tôi thay đổi","94715"
"7290","176","Hàng xóm lần này dữ dội thế nào?","100726"
"8650","136","Phần 2 Chương 51 Phần trên","84712"
"7820","180","Chương 318: Âm Mưu Kumamoto (2)","3044"
"4605","178","Tập 62: Món quà trả lễ kích thích","78"
"7821","180","Chương 319: Người Quan Trọng Nhất","3054"
"7822","180","Chương 320: Quá Khứ Hỗn Độn","8872"
"7823","180","Chương 321: Sự Thật về Niêm Phong","9715"
"7824","180","Chương 322: Phương Pháp Hai Bên Cùng Có Lợi","10699"
"4822","178","Tập 63: Anh ta có bạn gái rồi sao?","79"
"4611","178","Tập 69: Niềm tin hỗn loạn","85"
"10227","132","Dám yêu dám ghét, dũng cảm thử thách bản thân. ​​​​","353"
"10255","132","Ông Nguyệt già và Thần Tình Yêu riêng của bạn đã đến!","381"
"10256","132","Bị bệnh thì nhất định phải đi khám kịp thời","382"
"10257","132","Tinh hoa của việc dọn dẹp là vứt bỏ","383"
"27470","136","Phần Một Ngoại Truyện Chương 5 Phần 1","99"
"7090","132","Hồng Nhi giả gái","294"
"6129","145","73 Bạo Quân vs Lôi Đế - Phần 2","1880"
"7094","132","Tổng Yu khác biệt vào ban đêm","298"
"15979","148","Chương 340: Đây Là Trò Chơi Phá Tháp","115276"
"15980","148","Chương 341: Bi Văn Hoàng Trạng Thái Đầy Đủ","118537"
"15981","148","Chương 342: Dùng Một Tay Nắm Thiên Đông","118561"
"27471","136","Phần Một Ngoại Truyện Chương 5 Phần 2","614"
"27473","136","Phần Một Ngoại Truyện Chương 6 Phần 2","640"
"27474","136","Phần Một Ngoại Truyện Chương 7 Phần 1","651"
"27475","136","Phần Một Ngoại Truyện Chương 7 Phần 2","660"
"27476","136","Phần Một Ngoại Truyện Chương 8 Phần 1","672"
"7296","176","Trần quà tặng Ngày của Cha","103834"
"6138","140","Kiếm Khí Ngưng Tơ","2029"
"7299","176","Làm thế nào để trở thành sản phẩm hot mùa hè oi bức","105831"
"7302","176","Tin vào điều xấu trên mạng, mất giấc ngủ của kẻ nghiện ăn","108761"
"7317","176","Đừng đem mình so với Judy, hoàn toàn không thể so bì.","126830"
"7295","176","Xong bữa trong 30 giây? Mất gì rồi?","103827"
"27477","136","Phần Một Ngoại Truyện Chương 8 Phần 2","680"
"27478","136","Phần Một Ngoại Truyện Chương 9 Phần 1","688"
"27479","136","Phần Một Ngoại Truyện Chương 9 Phần 2","697"
"27480","136","Phần Một Ngoại Truyện Chương 10 Phần 1","706"
"4622","178","Tập 80: Bất lực","96"
"4652","178","Tập 107: Lời Mời Ban Đêm","126"
"4952","178","Mùa 2 Tập 4: Xin Em Ở Lại Đến Khi Anh Ngủ Say","136"
"4964","178","Mùa 2 Tập 18: Anh Gì Cũng Không Thấy","150"
"28257","132","Không game, không cuộc sống.","112"
"3840","182","007 Buông chồng tôi ra","7"
"10228","132","Tôi không cô đơn thì làm sao cứu được bạn cô đơn","354"
"10233","132","Có ông ngoại là idol dễ thương thật phiền phức","359"
"10234","132","Đừng để ý đến con quỷ bên đường.","360"
"7096","132","Giống như động vật","300"
"10235","132","Một củ sen nhỏ xíu~","361"
"10541","132","Buồn bực, vẫn phát huy hết sức","670"
"10542","132","Gà ấp trứng, gà chiến trong các loài gà","671"
"10544","132","Chào Ông già Noel!","673"
"3839","185","Cái Giá của Hạnh Phúc!","6"
"3841","185","Trái Tim Con Người Là Một Bí Ẩn","8"
"3847","185","Tự Thỏa Mãn và Cảm Giác Xấu Hổ","14"
"3853","185","Bí Mật","20"
"8562","136","Phần Hai Chương 8 Phần 1","1560"
"9804","145","Đơn Xin Nghỉ","777"
"9805","145","52 Đêm Nay, Tôi Là Bạn Gái Của Anh - Phần 1","809"
"9807","145","53 Thử Thách - Phần 1","822"
"9808","145","53 Thử Thách - Phần 2","823"
"9809","145","54 Trốn Khỏi Học Viện - Phần 1","838"
"9810","145","54 Trốn Khỏi Học Viện - Phần 2","839"
"6081","167","Chương 178: Bảo vệ Tô Mẫn","211"
"15985","148","Chương 346: Tiếp Thị Truyện Mới","118660"
"5676","148","Chương 214: Sao lại trùng hợp vậy?","2379"
"7098","132","Họ vẫn chỉ là trẻ con! ​​​​","302"
"27481","136","Phần Một Ngoại Truyện Chương 10 Phần 2","714"
"4597","178","Tập 53: Nói ra điều ước của bạn","69"
"4616","178","Tập 74: Nỗi oan thầm lặng","90"
"27482","136","Phần Một Chương 42 Phần 1","724"
"27483","136","Phần Một Chương 42 Phần 2","732"
"10236","132","Nghe Tổng Yu kể chuyện ngày xưa","362"
"10237","132","Cùng lớn lên không nhất thiết là bạn thuở nhỏ, còn có...","363"
"10546","132","Thần Tài Triệu Công Minh","675"
"8509","136","Phần Một Chương 45 Phần 2","817"
"8508","136","Phần Một Chương 45 Phần Giữa","789"
"4577","185","Đêm Không Ngủ (Phần 3)","49"
"7038","132","Kiểu tóc","242"
"27484","136","Phần Một Chương 43 Phần 1","740"
"27485","136","Thông Báo Tạm Dừng Cập Nhật","746"
"6126","170","Chương 18: Lời Lớn","1824"
"6130","170","Chương 22: Đột Kích","1881"
"6131","170","Chương 23: Quang Quẻ Nhân Vật Chính","1882"
"6132","170","Chương 24: Thắng Không Nổi Thì Chạy","1883"
"6133","170","Chương 25: Đến Nhà Cầu Hôn","1910"
"6134","170","Chương 26: Đấu Tranh Ngấm Ngầm","1911"
"6135","170","Chương 27: Dùng Chiêu Đánh Lại Chiêu","1969"
"6136","170","Chương 28: Đến Nhà Tìm Sát","1990"
"6137","170","Chương 29: Tăng Cảm Tình Điên Cuồng","2010"
"5471","175","149 Người thân và người yêu của tôi","165"
"9811","145","55 Ma Vương Hắc Hỏa - Phần 1","870"
"9817","145","57 Kẻ Hỗ Trợ Chu Chết - Phần 2","957"
"9819","145","58 Ma Quỷ? Ma Vương? - Phần 2","988"
"9824","145","61 Thánh Đồ Thần Trang - Phần 1","1202"
"9825","145","61 Thánh Đồ Thần Trang - Phần 2","1212"
"9829","145","Giấy Xin Nghỉ","1259"
"9830","145","63 Cửa Đá Kỳ Lạ - Phần 2","1264"
"9831","145","64 Pháp Trận Ngũ Hành Bị Mất - Phần 1","1279"
"9832","145","64 Pháp Trận Ngũ Hành Bị Mất - Phần 2","1293"
"7099","132","Một gia đình yêu thương","303"
"6139","170","Chương 31: Ôn Như Ngọc","2037"
"6140","170","Chương 32: Anh Hùng Cứu Mỹ Nhân","2053"
"4606","178","Tập 64: Bốc đồng","80"
"6142","170","Chương 34: Thu Hoạch Bất Ngờ","2078"
"4609","178","Tập 67: Đêm bị sa ngã","83"
"6144","170","Chương 36: Anh Hùng Cứu Mỹ Nhân","2152"
"6145","170","Chương 37: Cảm Tình Đạt Đỉnh","2178"
"6146","170","Chương 38: Rút Thăm Lớn","2204"
"4610","178","Tập 68: Cậu nguy hiểm","84"
"4633","178","Tập 90: Từ chối tàn nhẫn","107"
"10266","132","Sinh đôi","392"
"10268","132","Vẻ đẹp của Bạch Trạch không ai sánh bằng","394"
"10277","132","Lớp ngoại khóa của Thái tử Na Tra","403"
"10278","132","Tình bạn giữa những con gà","404"
"10554","132","Ra ngoài nhìn kỹ, đeo khẩu trang cho đúng","683"
"10555","132","Ra ngoài gió lớn, cẩn thận tóc tai","684"
"27486","136","Phần Một Chương 43 Phần 2","752"
"27487","136","Phần Một Chương 44 Phần 1","760"
"27488","136","Phần Một Chương 45 Phần 1","780"
"7041","132","Máy bộ đàm","245"
"6143","140","Kế Hoạch Bị Hủy","2096"
"7101","132","Rất lâu rất lâu trước đây","305"
"7103","132","Phép thuật không phải muốn dùng là dùng được","307"
"27946","138","Chương 105","180"
"8823","132","Vẫn thích ở nhà hơn","710"
"10264","132","Tiền Không Ngủ","390"
"8884","148","Chương 234: Bước Vào Tây Cốc Bích","2727"
"9834","145","65 Pháp Trận Truyền Tống - Phần 2","1417"
"6141","145","76 Xuất Phát, Thánh Tà Đảo - Phần 1","2064"
"8835","137","Phần 2 Chương 2 Tập 2: Linh Vật Mạnh Nhất","2381"
"8837","137","Phần 2 Chương 2 Tập 4: Truy Đuổi","2383"
"8838","137","Phần 2 Chương 2 Tập 5: Tái Ngộ","2384"
"8511","136","Phần Một Chương 46 Phần Dưới","832"
"8512","136","Phần Một Chương 47 Phần Trên","840"
"8513","136","Phần Một Chương 47 Phần Dưới","852"
"4651","178","Tập 106: Lời Tạm Biệt Đau Thương","125"
"5602","136","Phần Một Chương 53 Phần 2","1008"
"4958","178","Mùa 2 Tập 12: Quyết Không Đồng Ý Ly Hôn","144"
"27489","136","Phần Một Chương 53 Phần 1","1000"
"6111","136","Phần Hai Chương 1 Phần 2","1535"
"27490","136","Phần Một Chương 54 Phần 1","1016"
"9863","148","Chương 207: Nói thoát trước","2111"
"8847","137","Phần 2 Chương 3 Tập 7: Nhóm Kỳ Lân! Xuất Phát!","2394"
"8841","137","Phần 2 Chương 3 Tập 1: Manh Mối","2388"
"8514","136","Phần Một Chương 48 Phần Trên","857"
"8534","136","Phần Một Chương 58 Phần Trên","1133"
"10279","132","Có người đánh đàn làm người khác muốn chết","405"
"10283","132","Đã là một Tháng Chín chết rồi","409"
"10284","132","Lên núi xuống biển, tất cả vì cuộc sống","410"
"3835","185","Khách Không Mời Đến Nhà","2"
"27491","136","Phần Một Chương 56 Phần 2","1053"
"8515","136","Phần Một Chương 48 Phần Dưới","866"
"8516","136","Phần Một Chương 49 Phần Trên","879"
"27492","136","Phần Một Chương 60 Phần 1","1156"
"24716","144","Chương 110: Chiếm Núi Làm Vua?","110"
"7044","132","Thiên Vương che đất hổ","248"
"7045","132","Biến hình","249"
"7121","132","Họp lớp thường là cho những bạn học khá giả hơn","461"
"7122","132","Tình cảm anh chị em sâu sắc","465"
"8517","136","Phần Một Chương 49 Phần Dưới","887"
"8522","136","Chương 52 Phần Trên","972"
"7123","132","Thể dục phát thanh","476"
"6082","167","Chương 179: Tứ linh trận pháp","212"
"8842","137","Phần 2 Chương 3 Tập 2: Bắt Giữ","2389"
"8844","137","Phần 2 Chương 3 Tập 4: Kỳ Lân VS Bạch Kỳ","2391"
"8848","137","Ngoại Truyện 2: Cùng Chiến Đấu Nào, Thiếu Niên!","2395"
"9846","145","71 Đằng Xà Hóa Lực Thuật - Phần 1","1752"
"9861","145","Giấy Xin Nghỉ","2093"
"6109","136","Phần Hai Chương 2 Phần 1","1536"
"6110","136","Phần Hai Chương 2 Phần 2","1537"
"5458","178","Mùa 2 Tập 20: Khủng Hoảng Mèo","152"
"27493","136","Phần Hai Chương 3 Phần 2","1540"
"27494","136","Phần Hai Chương 8 Phần 2","1564"
"9877","148","Chương 219: Sát thủ đánh xe tăng thế nào","2470"
"8858","137","Phần 2 Chương 4 Tập 9: Giao Dịch","2405"
"8565","136","Phần Hai Chương 9 Phần Dưới","1570"
"27495","136","Phần Hai Chương 10 Phần 1","1574"
"27496","136","Phần Hai Chương 11 Phần 1","1578"
"7125","132","Như Ý Kim Cô Bổng nặng mười ba nghìn năm trăm cân","510"
"8861","137","Phần 2 Chương 5 Tập 1: Tôi Không Sao","2408"
"8153","132","Thịt bò, ngon tuyệt!","526"
"4729","151","68 Tôi không quan tâm đến anh ấy!","542"
"3856","132","Khỉ đá ra mắt!","536"
"5495","175","173 Nơi này thuộc về bạn","189"
"7127","132","Mối tình đầu đã chết","532"
"8860","137","Ngoại Truyện 3: Chúng Tôi Đã Nhận Được Tất Cả Bài Gửi Của Các Bạn","2407"
"9865","145","78 Phượng Vũ Huyền Yểm Băng - Phần 2","2133"
"9867","145","79 Siêu Cực Kỹ, Nhật Nguyệt Âm Dương Giới - Phần 2","2163"
"8862","137","Phần 2 Chương 5 Tập 2: Nguy Hiểm Cận Kề","2409"
"9868","145","80 Bất Lực! Tổ Hợp Quang Ám - Phần 1","2176"
"9869","145","80 Bất Lực! Tổ Hợp Quang Ám - Phần 2","2186"
"9873","145","83 Lôi Đế Hạ Sinh","2261"
"9878","145","87 Ngọc Thiên! Diệt Thần Kích!","2620"
"9883","145","92 Kỹ Năng Tự Sáng Tác! Hỏa Ma Thôn Thực","33008"
"9884","145","Giấy Xin Nghỉ","37029"
"9885","145","93 Tổ Hợp Mười Hệ! Ngũ Hành Âm Dương Giới","38782"
"9886","145","Giấy Xin Nghỉ","48213"
"9888","145","Xin Nghỉ Một Chút","57474"
"8551","136","Phần Hai Chương 3 Phần Trên","1538"
"8554","136","Phần Hai Chương 4 Phần Dưới","1545"
"8556","136","Phần Hai Chương 5 Phần Dưới","1549"
"8557","136","Phần Hai Chương 6 Phần Trên","1551"
"7723","180","Chương 225: Đạo tâm · Tâm lửa (2)","772"
"5469","178","Mùa 2 Tập 31: Thỏa Thuận Ly Hôn","163"
"9889","145","95 Có Bản Lĩnh Thì Tự Mà Đến","62867"
"9895","145","101 Thâm Nhập Thánh Tà Đảo","96472"
"9896","145","102 Ma Thú Cấp Mười?","100672"
"9897","145","103 Ngũ Thánh Sơn","107721"
"9898","145","104 Băng Thiên Ma Giác","108576"
"9899","145","105 Rời Chiến Trường Thánh Tà, Lời Hứa","113170"
"5470","178","Mùa 2 Tập 32: Cô Ấy Là Điểm Yếu","164"
"5472","178","Mùa 2 Tập 33: Linh Hồn Hèn Nhát","166"
"7783","137","Phần 2 Chương 5 Tập 7: Đừng Kéo Chân Nữa","2415"
"27497","136","Phần Hai Chương 13 Phần 2","1594"
"27104","180","Sự kiện khởi động: Sưu tầm để nhận nhiều phần quà hấp dẫn!!!","2"
"27105","180","Chương 00. Mở đầu","3"
"27106","180","Chương 01. Tôi không phải là một quả trứng... Cuộn (Phần 1)","6"
"10242","132","Khó khăn của nhân vật mới Ếch Ếch","368"
"10244","132","Cách bên B giải tỏa căng thẳng","370"
"10245","132","A, sư phụ, hãy cưỡi tôi thêm lần nữa!","371"
"8158","132","Đừng để ý mấy lời tán tỉnh ven đường","586"
"8160","132","Mưu sự tại nhân, thành sự tại thiên","597"
"24726","144","Chương 120: 007","120"
"7130","132","Nấu cơm tất niên thế nào","561"
"8879","137","Ngoại Truyện 6: Một Đoàn Nghệ Sĩ Đang Đổ Về!","2426"
"5497","175","175 Đừng để cô ấy thất vọng thêm lần nữa","191"
"5498","175","176 Lâu rồi không gặp","192"
"8870","137","Phần 2 Chương 6 Tập 1: Thanh Long","2417"
"8871","137","Phần 2 Chương 6 Tập 2: Cuộc Đấu Rồng","2418"
"8872","137","Phần 2 Chương 6 Tập 3: Sư Đồ","2419"
"8873","137","Phần 2 Chương 6 Tập 4: Rơi Vào Hố Sâu","2420"
"8874","137","Phần 2 Chương 6 Tập 5: Thể Hoàn Chỉnh","2421"
"8875","137","Phần 2 Chương 6 Tập 6: Ngọn Lửa Đen","2422"
"8876","137","Phần 2 Chương 6 Tập 7: Thanh Trừng Kẻ Phản Bội","2423"
"24770","149","Vô tình à?","4"
"7726","180","Chương 228: Xâm nhập trái phép núi Thục (Phần 1)","845"
"7727","180","[Túi may mắn Tết Nguyên Đán 1] Ngoại truyện cô gái biến mất","841"
"7728","180","[Túi may mắn Tết Nguyên Đán 2] Tiết lộ thiết lập phần 4","842"
"7729","180","Chương 229: Xâm nhập trái phép núi Thục (Phần 2)","854"
"7733","180","Chương 233: Thời khắc nguy cấp (Phần 2)","922"
"7734","180","Chương 234: Đau đớn (Phần 1)","940"
"7735","180","Chương 235: Đau đớn (Phần 2)","959"
"27778","138","Chương 2 Phần 2","5"
"10288","132","Chương hai nuôi thú cưng của Thái tử Na Tra","415"
"8886","137","Phần 2 Chương 7 Tập 6: Thả Tôi Ra","2752"
"10295","132","Siêu sao xuất hiện!","422"
"7046","132","Vừa vặn","250"
"7053","132","Bị mưa","257"
"7054","132","Quốc tế hóa","258"
"10296","132","Mối hận cắt tóc","423"
"8161","132","Quan sát kỹ, manh mối xuất hiện bất ngờ","601"
"7958","132","Đi thôi, đi thôi, cùng đi dã ngoại nhé. ​​​​","351"
"7967","132","Tài năng cá nhân","418"
"4555","185","Cuộc Sống Khó Khăn, Đừng Làm Nó Khó Hơn","27"
"4562","185","Ngoại Truyện — Ai Là Người Động Tay Trước","34"
"4565","185","Trong Truyền Thuyết, Con Gái Nhà Người Ta","37"
"8885","137","Ngoại Truyện 7: Đã Đến Lúc Phô Diễn Kỹ Năng!","2739"
"8888","137","Phần 2 Chương 7 Tập 8: Vòng Cổ Và Ký Ức","2774"
"8889","137","Phần 2 Chương 7 Tập 9: Dấu Vết Từng Ở Đây","2784"
"8890","137","Ngoại Truyện 8: Người Tiếp Theo Là—","2792"
"8891","137","Phần 2 Chương 8 Tập 1: Gặp Gỡ","8579"
"5502","175","180 Bạn không có tư cách","196"
"5503","175","181 Tôi chọn làm chim sẻ","197"
"7979","132","513","543"
"8820","132","Tình yêu không có đường tắt","600"
"7773","180","Chương 273: Li Thiên Vương cầm tháp (Phần 2)","2240"
"9340","148","Chương 182: Mạnh Nỗ Cuối Cùng","1577"
"7986","184","Mở đầu","882"
"8894","137","Phần 2 Chương 8 Tập 4: Tập Hợp Bóng Tối","11498"
"9348","148","Chương 188: Kiếm Quang","1695"
"4072","180","Chương 268: Quá khứ Sư Đà","2000"
"7047","132","Anh em tốt","251"
"7048","132","Thư tình","252"
"8162","132","Ngày mai tôi sẽ đi, nước mắt sẽ rơi.","604"
"9791","132","Bát vỡ dán lại không còn như xưa","650"
"7780","180","[Túi may mắn Tết Nguyên Đán] Tiết lộ thiết lập phần 5","2346"
"3859","132","Một số thói quen công việc mang vào cuộc sống","642"
"8569","136","Phần Hai Chương 11 Phần Dưới","1581"
"7761","180","Chương 261: Ai vậy? (2)","1440"
"9308","140","Trấn Đông Tướng Quân","773"
"9315","140","Căn Cứ Bí Mật","1119"
"9316","140","Phô Trương Thanh Thế","1140"
"9317","140","Đêm Thăm Ngũ Tuyệt","1154"
"9318","140","Cạm Bẫy Chồng Chéo","1167"
"9319","140","Bí Mật Ngũ Tuyệt","1183"
"9320","140","Làm Một Giao Dịch","1197"
"9321","140","Cơ Quan Dưới Nước","1210"
"9327","140","Kịch Trường Năm Mới","1369"
"9333","140","Khí Hướng Tử","1444"
"9335","140","Trên Sông Tiểu Lăng","1488"
"9336","140","Tàu Khổng Lồ Chiếu Ánh Trăng","1517"
"9337","140","Một Vở Kịch Hay","1529"
"9343","140","Bồ Tát Hiển Linh","1623"
"9344","140","Ngư Phủ Quái Dị","1636"
"9345","140","Xác Nam Vô Đầu","1656"
"9350","140","Thể Hiện Thành Ý","1721"
"9351","140","Thất Huyền Kết Minh","1737"
"9352","140","Hai Việc Ngoài Dự Kiến","1751"
"9353","140","Huyền Hiêu Bát Trận","1782"
"9354","140","Theo Quân Vào Doanh","1793"
"8571","136","Phần Hai Chương 12 Phần Dưới","1586"
"6087","167","Chương 184: Trận cờ không bình thường","217"
"27782","138","Chương 4 Giữa","9"
"9391","148","Chương 223: Bước Vào Đông Thảo Nguyên","2553"
"8165","132","Cậu bé nhỏ hiếm khi phiền muộn","659"
"6068","175","182 Tôi chỉ là công cụ để anh ta thoát khỏi tội lỗi","198"
"8899","137","Mùa 3! Trở Lại Nhiệt Huyết Vào Ngày 7 Tháng 8!","50158"
"7049","132","Bí mật của cô gái","253"
"8897","137","Phần 2 Chương 8 Tập 6: Gánh Nặng","14699"
"8898","137","Phần 2 Chương 8 Tập 7: Quay Lại","17340"
"8900","137","Phần 3 Chương 1 Tập 1: Dòng Chảy Ngầm","50949"
"7798","180","Chương 296: Ký Ức Đẫm Máu (5)","2664"
"9355","140","Đối Mặt Đối Chất","1803"
"9356","140","Giả Trang Rời Doanh","1821"
"9357","140","Gặp Riêng","1831"
"9358","140","Kế Lấy Thánh Vật","1841"
"9360","140","Huyết Mạch Long Hoàng","1874"
"9363","140","Mắt Thấy Mới Tin","1909"
"9366","140","Ảo Cảnh Đối Địch","1955"
"9368","140","Cuộc Họp Bí Mật Ba Xác Thây","1994"
"9369","140","Phục Kích Giữa Đường","2005"
"9372","140","Thông Báo Xin Nghỉ","2041"
"9377","140","Trả Giá","2148"
"9378","140","Tranh Chúc Mừng · Năm Mới Thỏ Vạn Sự Tốt Lành","2164"
"9379","140","Chân Khí Mũi Tên Lông Vũ","2201"
"9380","140","Côn Ngô Bất Diệt","2237"
"9382","140","Thuật Tu Thể","2325"
"9383","140","Mệnh Thứ Bảy Tuyệt Mạng","2347"
"9390","140","Thay Thế Chức Vụ","2524"
"9393","140","Đi Kèm Xe Phượng Hoàng","2591"
"9394","140","Lễ Vật Bắc Quan","2612"
"9395","140","Mục Tiêu Thử Luyện Đỏ","2629"
"9396","140","Kiếm Nhanh Kinh Thành","2665"
"9397","140","Thảm Sát Thử Luyện Đỏ","2690"
"9398","140","Chủ Mới Vệ Binh Ẩn","2707"
"9399","140","Mạng Lưới Gián Điệp Mới Thành","2733"
"9400","140","Bẫy Lưới Cá Voi Kỳ Giông","2750"
"9402","140","Xe Hương Bảy Bảo Vật","2785"
"9404","140","Vàng Luân Không Lùi","2818"
"9405","140","Một Đề Nghị","2846"
"9406","140","Thép Gương Nước","2858"
"8578","136","Phần Hai Chương 15 Phần Dưới","1756"
"9407","140","Ai Cũng Đừng Đi","2870"
"9408","140","Thôi Ngũ Mất Tích","2887"
"9411","140","Ác Mộng Thử Luyện Đỏ","2962"
"9412","140","Bí Mật Ngụy Trang","2974"
"9413","140","Thông Báo Xin Nghỉ","2992"
"9414","140","Lý Do Ẩn Dật","3000"
"9416","140","Nơi Ẩn Nấp","3025"
"9417","140","Giả Đông Đánh Tây","3039"
"9418","140","Tâm Nguyện Ban Đầu Tập Võ","3053"
"9419","140","Thông Báo Xin Nghỉ","9059"
"9421","140","Lý Do Phản Bội","11089"
"9422","140","Anh Em Cãi Nhau","12128"
"9423","140","Bùi Liệt Có Biến","13117"
"9424","140","Thu Xác Lấy Ngọc","14176"
"9429","140","Hỗn Loạn Mất Trật Tự","36124"
"9793","132","Tuổi trẻ không chờ thanh niên, nghỉ hưu không lo lắng","669"
"9430","140","Bùi Liệt Mất Tích","43029"
"9431","140","Ngoại Truyện Game 01","48167"
"9432","140","Ngoại Truyện Game 02","51677"
"9433","140","Danh Tính Đó","56061"
"9434","140","Chuyện Quá Khứ","84568"
"9435","140","Thông Tin Sách Mới + Dự Báo Tập Sau","111863"
"8601","136","Phần 2 Chương 27 Phần trên","26237"
"6069","175","183 Tôi không sợ cô đơn","199"
"9792","132","Trong ngoài nhà chăm quét dọn, mở cửa thông gió, tốt cho sức khỏe","662"
"10323","132","Tôi không thể ăn bữa này nữa","450"
"8167","132","Quà thật sự muốn không rơi từ trên trời xuống","679"
"8494","132","Cuối năm rồi, nhanh dùng hết phép năm đi","672"
"8619","136","Phần 2 Chương 36 Phần trên","43440"
"8623","136","Phần 2 Chương 38 Phần trên","49623"
"8627","136","Phần 2 Chương 40 Phần trên","53932"
"8631","136","Phần 2 Chương 42 Phần trên","57855"
"8640","136","Phần 2 Chương 46 Phần giữa","71418"
"15796","148","Chương 157: Thoái biến","847"
"15797","148","Chương 158: Trọng nhiệm","876"
"4654","178","Tập 109: Lời Chào 'Em Khỏe Không?' Chưa Nói Ra","128"
"8902","137","Phần 3 Chương 1 Tập 3: Sức Mạnh Mạnh Mẽ","51604"
"7035","132","Chó thời trang","239"
"7059","132","Bài văn","263"
"7060","132","Bạn có cảm nhận được tình anh em sâu sắc của tôi không? ​​","264"
"4658","178","Tập 113: Vở Kịch Mới Bắt Đầu (Phần Phụ)","132"
"7061","132","Đầu to đầu to, mưa không lo","265"
"4660","178","Mùa 2 Tập 2: Hoá Ra Em Vẫn Còn Sống","134"
"10248","132","TÌNH YÊU KẾT THÚC","374"
"10249","132","Bạch Hổ và mèo","375"
"10560","132","Lại đến lúc nhận họ hàng khó xử hàng năm","689"
"10567","132","Đa tài đa nghệ, đường đi rộng","696"
"10285","132","Chỉ có cảm giác này là cực đã","411"
"10262","132","Lấy lòng sở thích của họ, nắm giữ vận mệnh","388"
"10572","132","Chăm sóc bệnh nhân phải chu đáo mọi mặt","701"
"8901","137","Phần 3 Chương 1 Tập 2: Trốn Chạy","51402"
"8903","137","Phần 3 Chương 1 Tập 4: Sự Thức Tỉnh Của Tâm Ngữ","52357"
"27786","138","Chương 5 Phần 3","13"
"6088","167","Chương 185: Vậy thì quyết chiến đi!","218"
"6089","167","Chương 186: Người đã đủ thì bắt đầu chiến đấu!","219"
"6070","175","184 Phần đời còn lại, xin hãy chăm sóc.","200"
"27790","138","Chương 7 Phần 1","17"
"4730","151","69 Tôi không phải người!","553"
"8671","136","Phần 2 Chương 61 Phần trên","104636"
"8676","136","Phần 2 Chương 63 Phần dưới","109162"
"5644","132","Lúc mới mặc đồ mới luôn có chút không quen","660"
"15802","148","Chương 163: Hỏa tâm","1010"
"8168","132","Năm Thú năm nay cũng dễ thương vậy","687"
"3861","132","Nướng thịt là chiến tranh","690"
"5063","132","Đổi mùa dễ ốm, mọi người chú ý sức khỏe","704"
"8169","132","Hóa ra phẫu thuật cũng có thể nói chuyện","700"
"5064","132","Đồ ăn tiện lợi thật sự rất tiện","716"
"4629","178","Tập 87: Cứu viện","103"
"10573","132","Tay nghề nấu ăn của bạn quyết định vóc dáng tôi","702"
"3862","132","Học nhạc cụ phải chọn cái hợp tay","719"
"10582","132","Tự làm tự ăn, đủ ăn đủ mặc","711"
"10584","132","Công việc không vừa ý thì thử đổi vị trí","713"
"10601","132","Đồ đạc lộn xộn một lúc sướng, tìm đồ thì như đi hỏa táng","730"
"10604","132","Nghe gió là mưa, nhìn nước là mây","733"
"8170","132","Cuộc đời hồ ly như một vở kịch, tất cả dựa vào diễn xuất","740"
"10641","148","Chương 164: Cá chết lưới vỡ","1032"
"4083","148","Chương 224: Lần này thật sự mù","2567"
"8881","148","Chương 233: Kẻ hèn nhát","2715"
"10607","132","Cảm giác tim đập này thật huyền bí","736"
"4734","151","73 Chuột bệnh viện","725"
"3863","151","75 Tôi sẽ ở bên bạn","741"
"10609","132","Duyên phận trời định, con người không thể thay đổi","738"
"15801","148","Chương 162: Rung chuyển bát phương","986"
"7739","132","Gần đến kỳ thi, bắt đầu học gạo","1034"
"15807","148","Chương 168: Thất vọng lớn","1231"
"8495","132","Quý nhân yêu tài, lấy có đạo","680"
"8905","137","Phần 3 Chương 1 Tập 6: Hy Vọng Đang Ở Trước Mắt","54223"
"8906","137","Phần 3 Chương 1 Tập 7: Hẹn Gặp Lại","55588"
"7065","132","Cuối cùng cũng mọc râu dưới cằm","269"
"15865","148","Chương 226: Học kỹ năng người khác","2602"
"8210","132","[Ngoại truyện · Định Phong Ba] [Chương 2]","1191"
"8688","136","Phần 2 Chương 69 Phần dưới","122831"
"15875","148","Chương 236: Dùng gì để cứu Tâm Ca","2763"
"8692","136","Phần 2 Chương 71 Phần dưới","125568"
"8685","136","Phần 2 Chương 68 Phần trên","119815"
"8686","136","Phần 2 Chương 68 Phần dưới","120301"
"8687","136","Phần 2 Chương 69 Phần trên","121646"
"8689","136","Phần 2 Chương 70 Phần trên","123558"
"8690","136","Phần 2 Chương 70 Phần dưới","124214"
"8691","136","Phần 2 Chương 71 Phần trên","124891"
"8693","136","Phần Hai Chương 72 - Phần 1","126162"
"8694","136","Phần Hai Chương 72 - Phần 2","126815"
"7745","132","Cách âm kém làm gì cũng thấy làm phiền hàng xóm","1137"
"10610","132","Là hồ ly biến thân thì sao?","739"
"10615","132","Cuộc Đời Tôi Là Hồ Ly Chín Đuôi Sau Khi Du Hành Thời Gian Và Tái Sinh","744"
"10623","132","Chăm Chỉ Luyện Tập Nhất Định Có Thành Tựu, Trừ Khi Đi Sai Hướng","767"
"6114","176","Kỳ Tư uống thuốc Bắc, nửa cốc toàn là thảo dược!","1580"
"5151","176","Người miền Nam mùa đông dậy thế nào?","1634"
"8907","137","Phần 3 Chương 1 Tập 8: Bóng Đêm Cuối Cùng Sẽ Xuống","56637"
"8908","137","Ngoại Truyện 1: Khởi Đầu Mới!","57305"
"8909","137","Phần 3 Chương 2 Tập 1: Đến Quốc Gia Huyền Vũ","58124"
"8910","137","Mo Lang, Chúc Mừng Sinh Nhật","60198"
"8911","137","Phần 3 Chương 2 Tập 2: Hãy Dựa Vào Tôi","60531"
"8912","137","Phần 3 Chương 2 Tập 3: Phiền Muộn Của Cô Gái","61049"
"8913","137","Phần 3 Chương 2 Tập 4: Nham Nham","61890"
"8914","137","Phần 3 Chương 2 Tập 5: Ý Chí Của Các Vì Sao","62877"
"8915","137","Phần 3 Chương 2 Tập 6: Ý Định Đã Quyết","64375"
"4593","178","Tập 49: Cuộc tấn công lạnh lùng","65"
"3894","168","Chương 140","2357"
"15881","148","Chương 242: Phối hợp hoàn hảo","2893"
"4817","178","Tập 58: Những người bị thời gian đào thải","74"
"10269","132","Ha, đàn ông","395"
"15892","148","Chương 253: Tôi không chạy nữa","3061"
"10330","132","Mẹ trong lòng, con là nhất","457"
"10347","132","Nam? Nữ?","474"
"8923","137","Phần 3 Chương 3 Tập 5: Công Tắc Chiến Tranh","76535"
"8924","137","Kỷ Niệm 5 Năm GIVE ME FIVE","77057"
"7990","132","Tường? Tường thứ tư là gì?","1864"
"7075","132","Có những chuyện vẫn không thể biết được.","279"
"7076","132","Sao quân có lợi ích gì? Ai đoán đúng thì cho người đó!","280"
"7079","132","Xếp bếp bảy sao, nấu ba sông bằng ấm đồng","283"
"7080","132","Bắt đầu từ đây để lên đỉnh cuộc đời bò.","284"
"24752","144","Chương 146: Ma Linh Thích Máu","147"
"8827","148","Chương 178: Vây Giết","1483"
"10331","132","Gọi tên tôi đi","458"
"10332","132","Dưới đế dép có thể dính thứ không ngờ tới","459"
"6120","176","Người đi làm và chúa tể muôn loài giống nhau đến mức nào~","1741"
"8829","137","Tập truyện đơn đang được bán chạy!","2128"
"8830","137","Phần 2 Chương 1 Tập 1: Tái Ngộ Ánh Sáng","2387"
"8832","137","Phần 2 Chương 1 Tập 3: Kẻ Thù","2378"
"8917","137","Phần 3 Chương 2 Tập 8: Thợ Săn","67346"
"8918","137","Ngoại Truyện 2: Trình Diễn Fanart Được Mong Đợi Lâu!","70354"
"10361","132","Thiên phú của bố cáo","490"
"7081","132","Đón chào sự sống mới luôn rất vui.","285"
"7082","132","Bạn nói bạn là anh, tôi là em","286"
"7083","132","Chênh lệch chiều cao","287"
"7100","132","Khi còn nhỏ chơi gia đình, tôi luôn tranh làm mẹ.","304"
"4951","178","Mùa 2 Tập 3: Trái Tim Ký Ức","135"
"4959","178","Mùa 2 Tập 13: Em Chỉ Là Người Phụ Nữ Hoang Dã","145"
"4960","178","Mùa 2 Tập 14: Cô Ấy Thật Sự Là Kẻ Thứ Ba","146"
"4961","178","Mùa 2 Tập 15: Anh Muốn Em!","147"
"5457","178","Mùa 2 Tập 19: Quản Chế","151"
"5460","178","Mùa 2 Tập 22: Tình Chị Em Tan Vỡ","154"
"8859","137","Phần 2 Chương 4 Tập 10: Người Muốn Bảo Vệ","2406"
"5461","178","Mùa 2 Tập 23: Làm Em Thỏa Mãn","155"
"10282","132","Hắc Vô Thường tiểu ca xuất hiện!","408"
"10270","132","Ăn quả phải chịu lấy hạt","396"
"10272","132","Người thầm thương Na Tra?","398"
"10273","132","Độc thân vì thực lực, Tháng Chín!","399"
"10275","132","Có pháp lực thì có thể làm gì cũng được","401"
"10280","132","Chăm sóc sức khỏe thần tiên","406"
"8499","132","Thỉnh thoảng muốn đổi phong cách, nên cho bạn xem trước","714"
"8834","137","Phần 2 Chương 2 Tập 1: Quốc Gia Thạch Cảnh","2380"
"10626","132","Tự Nâng Cao Rất Quan Trọng","792"
"8856","137","Phần 2 Chương 4 Tập 7: Giải Cứu Tâm Ngữ","2403"
"8863","137","Phần 2 Chương 5 Tập 3: Bầu Trời Thật Sự","2410"
"10629","132","Nghe Nói Trên Thế Giới Có Nhiều Người Giống Bạn","812"
"7706","132","Từng không nhận biết thời thế","438"
"24756","144","Chương 150: Phù Thủy Đẫm Máu","151"
"27804","138","Chương 12 Phần 3","31"
"15910","148","Chương 271: Chu đại anh hùng","13658"
"15911","148","Chương 272: Đại hội khen thưởng","14945"
"15913","148","Chương 274: Nhật ký ghen tị","18413"
"5468","178","Mùa 2 Tập 30: Ngộ Độc Mạn Tính","162"
"15914","148","Chương 275: Cố Thủ Tuyến bối rối","19375"
"7115","132","Không phải phượng hoàng cũng không phải bất tử","319"
"7105","132","Con nhà người ta","309"
"7106","132","Cuộc sống đã khó khăn như vậy rồi","310"
"7116","132","Lời hỏi thăm và quan tâm của người lớn tuổi","320"
"7093","132","Mặc áo len chui đầu mùa thu là một thử thách","297"
"5474","178","Mùa 2 Tập 35: Tự Cứu Mình","168"
"5475","178","Mùa 2 Tập 36: Thoát Ra Khỏi Cô Ấy!","169"
"5478","178","Mùa 2 Tập 39: Cảm Động Mềm Mại Nhất","172"
"5663","148","Chương 180: Lưỡi kiếm","1532"
"15912","148","Chương 273: Tay tê vì gõ nhiều","17125"
"5681","148","Chương 231: Chỉ là một con sói đơn độc","2688"
"10655","148","Chương 165: Tuyệt vọng","1150"
"8866","137","Phần 2 Chương 5 Tập 5: Danh Bóng Tối","2413"
"10313","132","Yêu quái quê vào thành phố","440"
"8867","137","Phần 2 Chương 5 Tập 6: Lời Cầu Xin","2414"
"10738","148","Chương 201: Kẻ triệu hồi ngu ngốc của tôi","1964"
"10322","132","Anh em tốt, cùng nhau nghịch ngợm","449"
"7707","132","Ba mươi công danh là bụi đất, tám nghìn dặm đường mây và trăng","456"
"10324","132","Thủy thần Cộng Công","451"
"26598","182","005 Hoàng phi thân yêu của tôi","5"
"26599","182","006 Vật này khắc vật kia","6"
"27810","138","Chương 14 Phần 2","37"
"27816","138","Chương 17 Phần 2","44"
"10319","132","Lái xe khó khăn cao","446"
"3967","148","Chương 187: Nhân Hoàng","1672"
"7133","132","Biết thế này thì thà mơ một giấc còn hơn.","575"
"7179","132","Chị em đánh nhau, tổn thương cả nhà.","1648"
"7205","132","Đổi kiểu tóc như đổi người.","2220"
"4648","178","Tập 104: Trong Và Ngoài Cánh Cửa","122"
"4653","178","Tập 108: Nhịp Tim Và Nỗi Đau","127"
"10335","132","Tôi thấy bạn học thay đổi nhiều, bạn học thấy tôi cũng vậy","462"
"10344","132","Tàu lượn siêu tốc","471"
"7195","184","Chương 36: Thẩm Vấn","2069"
"10336","132","Người đặc biệt có cách xuất hiện đặc biệt","463"
"7154","176","Học giỏi toán lý hóa, leo cao đến đâu cũng không sợ!","975"
"7708","132","Sư tử đá rụng lông cứng cỏi","473"
"7161","176","Ma cao một thước, không bằng ấm cao một trượng~","1236"
"10341","132","Đi chơi phải tìm bạn phù hợp","468"
"26600","182","008 Không ai được phép làm tổn thương cô ấy","8"
"4731","151","70 Diễn xuất không tốt lắm","571"
"26601","182","009 Miệng nói không đồng lòng","9"
"26602","182","010 Đối đãi với Hoàng phi","10"
"7183","176","Hình nền Tết.","1696"
"26603","182","011 Đi chết đi!","11"
"7186","176","Khổ cực mới thành đôi, ngọt ngào nhờ gà đẻ trứng!","1713"
"7159","187","Chương 60: Khóc Thét Tôi Sợ Quá","1061"
"7142","136","Phần Một Chương 44 Phần 2","770"
"3966","140","Hộ Tống Trên Xe","1667"
"7197","140","Thuật Phân Đồng Tông","2126"
"8916","137","Phần 3 Chương 2 Tập 7: Mùa Thu Nhiều Biến Động","66365"
"7131","132","Văn Xương, cầu cho tôi được 100 điểm!","562"
"5169","132","Đồ mình thích không thể thay thế tùy tiện","584"
"5172","132","Cảm thấy mệt thì hãy để đầu óc thư giãn","599"
"5174","132","Người dựa vào quần áo, ngựa dựa vào yên, chó đeo chuông chạy vui","611"
"5176","132","Bầu trời xanh có một đám mây trắng đa năng","625"
"15927","148","Chương 288: Lữ Phụng Tiên không ổn rồi","33257"
"7218","148","Chương 220: Đường Hẹp Cho Kẻ Thù","2492"
"7117","132","Dưới cây mai","321"
"15928","148","Chương 289: Nghĩ kỹ rồi nói","34202"
"7208","132","Kiểu tóc ảnh hưởng rất lớn đến khí chất.","2285"
"10348","132","Sao bạn mặc đồ _ vậy?","475"
"4733","151","72 Có thể nói chuyện không?","603"
"8839","137","Phần 2 Chương 2 Tập 6: Thoát Khỏi","2385"
"8840","137","Ngoại Truyện 1: Tin Đồn Song Long","2386"
"8850","137","Phần 2 Chương 4 Tập 1: Đội Tinh Nhuệ","2397"
"8851","137","Phần 2 Chương 4 Tập 2: Lời Mời","2398"
"8852","137","Phần 2 Chương 4 Tập 3: Ba","2399"
"8855","137","Phần 2 Chương 4 Tập 6: Thâm Nhập","2402"
"15929","148","Chương 290: Chuyện này không đúng","35745"
"8857","137","Phần 2 Chương 4 Tập 8: Quyết Tâm Của La Lực","2404"
"8864","137","Ngoại Truyện 4: Người Cao 1m8 Có Điều Muốn Nói","2411"
"8926","137","Phần 3 Chương 3 Tập 7 Sau Khói Lửa","80034"
"26604","182","012 Tất cả đều là bẫy","12"
"8877","137","Phần 2 Chương 6 Tập 8: Khát Máu","2424"
"8882","137","Phần 2 Chương 7 Tập 3: Cùng Về Nhà Nhé","2716"
"8892","137","Phần 2 Chương 8 Tập 2: Người Tự Mãn","9530"
"8893","137","Phần 2 Chương 8 Tập 3: Vết Nhơ Lớn Nhất","10532"
"8895","137","Phần 2 Chương 8 Tập 5: Sáu Sát Thủ Bóng Tối","12618"
"8896","137","Ngoại Truyện 9: Xin Mời Bắt Đầu Biểu Diễn","13627"
"8919","137","Phần 3 Chương 3 Tập 1: Nhài","71897"
"8920","137","Phần 3 Chương 3 Tập 2: Kiểm Tra","73306"
"8921","137","Phần 3 Chương 3 Tập 3: Thế Thắng Phá Vòng Vây","74317"
"8922","137","Phần 3 Chương 3 Tập 4: Tôi Đã Trở Lại","75404"
"8935","137","Phần 3 Chương 4 Tập 4 Bước Ngoặt (Phần 1)","88325"
"3893","138","Lời Tác Giả","2356"
"24774","149","Không đùa đâu","8"
"24778","149","Không hiểu","12"
"10668","132","Sau Tết, Tủ Lạnh Luôn Còn Đống Hàng Tết","1251"
"10631","132","Một Số Món Ăn Sáng Tạo Thật Sự Khó Để Ăn","814"
"10632","132","Chiến Tranh Thương Mại Cao Cấp Chỉ Cần Những Phương Tiện Đơn Giản Nhất","824"
"15931","148","Chương 292: Không chơi nữa","37240"
"15932","148","Chương 293: Chiến trường liên minh","38043"
"15933","148","Chương 294: Kế hoạch kết thúc","41509"
"10636","132","Lại Đến Mùa Giữ Ấm","850"
"8816","132","Nhập môn tháng Chín","539"
"24899","146","Mạnh Bà Thật Sự","93"
"7209","132","Nuôi anh nuôi em không dễ, có thể trả lại không?","2298"
"7779","132","Bạn cũ là người hiểu rõ bạn nhất.","2345"
"7213","132","Thân hình nhỏ bé chứa đựng tiềm năng lớn.","2366"
"4567","185","Phí Tài Trợ (Phần 1)","39"
"8831","132","Tạm biệt mẹ, tối nay con sẽ ra khơi.","2377"
"8845","132","Ngày lễ vẫn cần chút nghi thức.","2392"
"8925","137","Phần 3 Chương 3 Tập 6 Đàm Phán","78630"
"8927","137","Phần 3 Chương 3 Tập 8 Ban Đầu","81089"
"8928","137","Ngoại Truyện 3: Chúc Mừng Năm Mới Sớm!","82484"
"8929","137","Phần 3 Chương 4 Tập 1 Chuẩn Bị (Phần 1)","84852"
"8930","137","Phần 3 Chương 4 Tập 1 Chuẩn Bị (Phần 2)","85098"
"8904","137","Phần 3 Chương 1 Tập 5: Thánh Thương Gungnir","52359"
"8941","137","Ngoại Truyện 5: Fanmade Đã Đến~","92325"
"8973","137","Phần 3 Chương 7 Tập 7 Tiến Lên Với Lỗi Lầm","123792"
"8931","137","Phần 3 Chương 4 Tập 2 Bước Ngoặt Đột Ngột (Phần 1)","85562"
"8966","137","Ngoại Truyện 11: Fanmade Đã Đến","116477"
"8932","137","Phần 3 Chương 4 Tập 2 Bước Ngoặt Đột Ngột (Phần 2)","86938"
"8933","137","Phần 3 Chương 4 Tập 3 Biến Dị (Phần 1)","87231"
"8934","137","Phần 3 Chương 4 Tập 3 Biến Dị (Phần 2)","87706"
"8846","132","Việc đầu tiên sau tuyết rơi là chơi ném tuyết.","2393"
"15938","148","Chương 299: Nguyệt Ái Xuất Kích","51953"
"15939","148","Chương 300: Lãng Ca Xuất Kích","57680"
"15940","148","Chương 301: Hải Triều Xuất Kích","61175"
"26605","182","013 Huấn luyện đầu bếp! Nắm lấy dạ dày cô ấy","13"
"15937","148","Chương 298: Nghi Ngờ Của Ôn Ni","48124"
"10351","132","Tạm ngưng cập nhật thì sướng một lúc, mà luôn ngưng thì sướng hơn","478"
"10353","132","Trái tim tôi rung động vì bạn~","480"
"10364","132","Đậu hũ ướp, vật này khắc vật kia","493"
"26606","182","014 Lấy anh đi","14"
"26607","182","015 Đợi tôi","15"
"7102","132","Bảy chú lùn... hay chín chú lùn?","306"
"7786","132","Mua gà gáy sáng, không phải chờ gà gáy vô ích.","2464"
"7222","132","Tâm trạng động vật rất dễ hiểu.","2526"
"8936","137","Phần 3 Chương 4 Tập 4 Bước Ngoặt (Phần 2)","89010"
"8937","137","Ngoại Truyện 4: Sức Khỏe Là Trên Hết","89234"
"8938","137","Phần 3 Chương 4 Tập 5 Săn Bắn","90164"
"8939","137","Phần 3 Chương 4 Tập 6 Bài Ca Kẻ Phản Bội","90933"
"8940","137","Phần 3 Chương 4 Tập 7 Đối Ẩm","91589"
"8942","137","Phần 3 Chương 4 Tập 8 Triển Khai Hành Động","93784"
"8943","137","Phần 3 Chương 5 Tập 1 Trận Chiến Tái Ngộ","95131"
"8944","137","Phần 3 Chương 5 Tập 2 Trận Chiến Khốc Liệt","96513"
"8945","137","Ngoại Truyện 6: Chúc Kỳ Nghỉ Vui Vẻ","97675"
"8953","137","Phần 3 Chương 5 Tập 8 Bình Minh","103535"
"8954","137","Ngoại Truyện 8: Nghỉ Ngơi Ngắn","104125"
"9151","138","Chương 109","798"
"9153","138","Chương 111 Thập Vạn Địa Ngục","2354"
"9155","138","Chương 112 Thập Tam Hiêu Kỵ","2430"
"9157","138","Chương 114 Vong Quốc Chi Quân","2545"
"9159","138","Chương 116 Thái Bình Chi Pháp","11757"
"9160","138","Chương 117 Nhất Niệm","22672"
"9338","140","Thông Báo Nghỉ Phép","1543"
"9370","140","Bàn Tay Đẫm Máu, Trái Tim Trắng Sạch","2018"
"9330","148","Chương 175: Món Quà","1412"
"7955","132","Giả làm thật thì thật cũng giả","328"
"7956","132","Rắc rối tình yêu của thần thú Bạch Hổ","335"
"9328","140","Chích Thần Máu Đỏ","1384"
"5504","164","Chương 177: Phân Ly","416"
"7959","132","Bước khó nhất khi làm báo tường","365"
"7960","132","Tháng Mười Một thời trung học","366"
"7957","132","Năm mới cũng phải tràn đầy năng lượng nhé! ​​​","341"
"9329","140","Thượng Quan Diệu Ngữ","1400"
"7961","132","Tôi thật sự không thể ăn nổi bát cơm chó này...","377"
"7104","132","Từ đó họ sống hạnh phúc mãi mãi","308"
"7962","132","Số đặc biệt: Thần tiên lười biếng","386"
"7963","132","Có nhiều không? Không nhiều đâu","393"
"7964","132","Mẹo điểm danh chuyên cần","400"
"7965","132","Không phải ai tập thể dục cũng giảm cân...","407"
"10354","132","Tán tỉnh được ba người...","481"
"7966","132","Xấu ba ngày sau khi cắt tóc","417"
"7968","132","Vào làm rồi sinh con à?","419"
"7969","132","Khi bạn nghĩ đồng đội là con gái","420"
"7970","132","Sự kết hợp giữa phong cách Trung và Tây","421"
"5811","132","Làm nhân viên thật khó","518"
"26608","182","016 Nụ hôn chân thật","16"
"5506","164","Chương 179: Mưa To Gió Lớn","541"
"10638","132","Nữ Nhân Duyên Dáng, Quý Ông Tìm Được Nửa Của Mình","1001"
"9332","140","Nguồn Hóa Li","1434"
"8955","137","Phần 3 Chương 6 Tập 1 Cơn Ác Mộng Kết Thúc","105041"
"8946","137","Phần 3 Chương 5 Tập 3 Đêm Cầu Vồng VS Mo Lang","98993"
"8956","137","Phần 3 Chương 6 Tập 2 Con Chip","105753"
"8957","137","Phần 3 Chương 6 Tập 3 Cầu Vồng Đen Kịt","106508"
"8961","137","Phần 3 Chương 6 Tập 6 Nhiệm Vụ Thứ Hai","110979"
"8962","137","Ngoại Truyện 10: Phần Fan Tháng Này","111988"
"7129","132","Bố mẹ làm ông già Noel bán thời gian một ngày mỗi năm","552"
"9387","140","Ngọc Rắn Ngàn Sáng","2433"
"9409","140","Cuộc Họp Đầu Bảy Huyền","2900"
"10355","132","Hào quang nữ chính bật lên!","484"
"9420","140","Thông Báo Xin Nghỉ","9904"
"5812","132","Khi hát trong nhà rất dễ quên bên ngoài là gì","546"
"7978","132","Đi du lịch khó nhất là mua quà cho mọi người.","551"
"10359","132","Con của Tiểu Thiên","488"
"9384","140","Hãy Chờ Xem Cơ Hội","2361"
"10644","132","Vui Lòng Giúp Đỡ Đôi Khi Không Phải Việc Tốt","1081"
"10645","132","Ngoại Hình Kém Một Chút Không Sao, Quan Trọng Là Hương Vị","1082"
"10647","132","Sư Mãnh Hổ, Thạch Cảm Đương, Sở Bất Xâm, Long Vị Ương","1098"
"10648","132","Lông Lá Xù Xì Cũng Có Phiền Muộn Xù Xì","1111"
"8947","137","Phần 3 Chương 5 Tập 4 Đối Đầu","99777"
"5171","132","Sau khi tốt nghiệp thường mơ thấy thầy cô đọc từ để chép","589"
"26609","182","017 Phá bỏ lời nguyền","17"
"8948","137","Thông Báo Hoãn","100626"
"26610","182","018 Cô ấy là người của tôi","18"
"26768","176","004 Hay Quên","5"
"9385","140","Thông Báo Xin Nghỉ","2374"
"7980","132","Thiên hạ vô bất tán yến tịch","605"
"7981","132","Người chưa mệt thì không thể dừng tiệc","606"
"3857","132","Trên mái nhà luôn có những cuộc gặp gỡ lãng mạn.","576"
"5175","132","Khi bạn không tìm mèo thì mèo lại xuất hiện","612"
"5177","132","Đồ quan trọng không thể thay thế dễ dàng","627"
"8949","137","Phần 3 Chương 5 Tập 5 Đối Sách","100960"
"8965","137","Phần 3 Chương 7 Tập 1 Hành Trình Mới","115636"
"8967","137","Phần 3 Chương 7 Tập 2 Bão Táp Sắp Tới","117920"
"8968","137","Phần 3 Chương 7 Tập 3 Quyết Tâm Của Tôi","119674"
"8969","137","Phần 3 Chương 7 Tập 4 Xóa Sổ","119962"
"8970","137","Ngoại Truyện 12: Fanmade, Cỡ Lớn","120633"
"9388","140","Một Vũ Khí Hung Ác","2474"
"7715","132","Xem náo loạn đừng đứng quá gần","632"
"7139","132","Dọa trẻ con lúc nhỏ lớn lên cũng có tác dụng","647"
"8950","137","Ngoại Truyện 7: Chúc Mừng Tết Đoan Ngọ An Khang","101329"
"8951","137","Phần 3 Chương 5 Tập 6 Tiến Hóa","102152"
"8952","137","Phần 3 Chương 5 Tập 7 Trong Bóng Tối","102875"
"10298","132","Tiểu Bạch Trạch đến tìm","425"
"5815","132","Anh ta bỗng hóa thành cung nữ, thân thể nhẹ nhàng","644"
"10367","132","Bạn vỗ sáu, tôi vỗ sáu, giúp nhau là bạn bè","496"
"10649","132","Một Số Bản Tính Dù Muốn Kìm Nén Cũng Không Thể","1112"
"7118","132","Mặt này không mạnh, mặt kia còn yếu hơn","322"
"10650","132","Hình Thành Thói Quen Khó, Thay Đổi Thói Quen Càng Khó Hơn","1123"
"8163","132","Mỗi lần mặc đồ mới đều thấy mình đẹp","633"
"7985","132","Con yêu quái đó đấm hai cú, niệm chú","640"
"10651","132","Buổi Biểu Diễn Nghệ Thuật Luôn Để Lại Những Bức Ảnh Đáng Nhớ","1124"
"8207","187","Chương 66: Khóc Thì Khóc","1131"
"8208","187","Chương 67: Thử Thì Không Mất Gì","1151"
"10653","132","Nuôi Dạy Trẻ Con Không Phải Lúc Nào Cũng Cần Cầu Kỳ","1138"
"8212","187","Chương 71: Mày Không Chơi Đẹp","1327"
"8213","187","Chương 72: Ma Tiên Không Thể Nghe Mấy Lời Đó","1347"
"8215","187","Chương 74: Thanh Kiếm Của Nữ Vương","1840"
"10656","132","Uống Một Loại Đồ Uống Mãi Cũng Có Phần Ngán","1164"
"26611","182","019 Đưa Hoàng phi về","19"
"26612","182","020 Thái độ gì thế này?","20"
"26613","182","021 Hoàng phi gì đó tôi không thèm","21"
"10366","132","Học sinh chuyển trường luôn mang hào quang nhân vật chính bí ẩn","495"
"9425","140","Kế Hoạch Của Bùi Liệt","16341"
"9426","140","Thông Báo Xin Nghỉ","17426"
"9427","140","Hóa Thân Thành Đao Thi","23774"
"9428","140","Cắt Đứt Vết Nhơ","27588"
"5178","132","Ngoài tám chuyện, xếp hàng còn làm được việc khác","636"
"15948","148","Chương 309: Đại Hạ Sắp Đổ","78742"
"15949","148","Chương 310: Nỗi Đau Đại Hằng","78745"
"15950","148","Chương 311: Đại Bi Triều","78747"
"15951","148","Chương 312: Quan Kỳ Lân Xuất Kích","78777"
"15952","148","Chương 313: Vệ Nỗ Xuất Kích","78779"
"15955","148","Chương 316: Thẩm Quang Kiếm Xuất Kích","84754"
"15956","148","Chương 317: Nguyệt, Đạt VS Thẩm","84794"
"9392","132","Không biết tiền xu trong hồ ước nguyện đi đâu hết.","2566"
"26614","182","024 Tặng cậu một phần gà xô","24"
"26615","182","025 Ngoại truyện - Hướng dẫn yêu đương","25"
"26618","182","028 Chẳng lẽ nhận nhầm nam chính?","28"
"26619","182","029 Đừng sờ lung tung!","29"
"26620","182","031 Chẳng lẽ ghen rồi sao?","31"
"26621","182","032 Tín hiệu trong phòng này kém quá!","32"
"10369","132","Cần Kỳ lân giúp không?","498"
"7716","132","Xa lâu tất hợp, hợp lâu tất ly","651"
"10370","132","Kể ba câu chuyện Tây Du Ký liên quan đến 'ba'","499"
"9161","138","Chương 118 Cuộc Đấu Cuối Cùng","46301"
"9162","138","Chương 119 Đế Thính","52563"
"9163","138","Chương 120 Liễu Đoạn","61079"
"9164","138","Chương 121 Đánh cược một tương lai","86193"
"9165","138","Chương 122 Phần 1 Thiên chi đạo, Nhân chi đạo","101249"
"9166","138","Chương 122 Phần 2 Thiên chi đạo, Nhân chi đạo","101251"
"10371","132","Khi làm dễ thương, chọn phong cách phù hợp","500"
"24799","149","Không phù hợp","33"
"26769","176","005 Du Hồ","6"
"15959","148","Chương 320: Trương Tuấn","92390"
"8958","137","Ngoại Truyện 9: Làn Sóng Fanmade Mới Đã Đến","107406"
"8959","137","Phần 3 Chương 6 Tập 4 Con Đường Tôi Chọn","108669"
"8960","137","Phần 3 Chương 6 Tập 5 Tan Vỡ","109830"
"5179","132","Đi công tác xa quan trọng là lên kế hoạch ăn uống","657"
"5180","132","Ồn ào náo nhiệt thêm một năm","674"
"10201","132","Mỗi người có tư thế giải toán khác nhau.","325"
"5645","132","Sắp đến năm mới, Năm Thú lại xuất hiện","686"
"5062","132","Người muốn kỳ nghỉ đông kết thúc nhất là bố mẹ","691"
"5181","132","Tiền rơi từ trên trời thường khó xử","681"
"26622","182","033 Bật nhầm công tắc kỳ quái...","33"
"26623","182","034 Anh ấy làm vậy để bảo vệ cậu","34"
"26624","182","035 Xin lỗi!","35"
"26625","182","036 Trời ơi, tim đập nhanh quá","36"
"26626","182","037 Lại vi phạm lời anh ấy rồi","37"
"26627","182","038 Lại có chuyện rắc rối rồi!","38"
"26628","182","039 Đại tế sư lộng lẫy xuất hiện!","39"
"26629","182","040 Rửa sạch oan khuất","40"
"26353","177","Chương 19","22"
"24524","139","Chương 6: Không Gian","6"
"15971","148","Chương 332: Ai Là Lãnh Chủ Mới","101374"
"24525","139","Chương 7: Điểm Mù (2)","7"
"24526","139","Chương 8: Hành Lang","8"
"15975","148","Chương 336: Vây Khốn Khích Giao","110529"
"24547","139","Chương 28","30"
"24803","149","Không ép buộc","37"
"8869","148","Chương 216: Quầng Quang Này Quá Giả","2416"
"15960","148","Chương 321: Ngũ Cơ Hữu VS Hữu Lộc","92396"
"15961","148","Chương 322: Anh Hùng Bí Ẩn","92398"
"15962","148","Chương 323: Song Hoàng VS Chu Nhĩ","92404"
"15963","148","Chương 324: Bàn Uyên Sứ Xuất Kích","92407"
"24804","149","Không phải người bình thường","38"
"24915","147","Chương 1: Tủ Đồ Nanjing","1"
"24916","147","Chương 2: Trạm Khí Tượng Bỏ Hoang","2"
"10527","132","Tôi có cách đặc biệt để lười biếng","656"
"24917","147","Chương 3: Thi Thể Tam Thúc","3"
"24918","147","Chương 4: Tiếng Sấm","4"
"24919","147","Chương 5: Dương Đại Quảng","5"
"24920","147","Chương 6: Người Nghe Sấm","6"
"24921","147","Chương 7: Mộ Đầu Trọc","7"
"4598","178","Tập 54: Đạn bọc đường","70"
"4963","178","Mùa 2 Tập 17: Trùng Hợp Hay Âm Mưu","149"
"5473","178","Mùa 2 Tập 34: Ký Hay Không Ký?","167"
"5679","166","Làng Nam Vịnh Nguyệt (Phần 1)","2508"
"5183","132","Gió thổi nhẹ nhàng, những giọt mưa rơi chậm rãi.","705"
"10243","132","Tôi muốn dẫn bạn đi đạp xe","369"
"10241","132","Gia sư vật lý của tôi","367"
"10232","132","Nhà vệ sinh là nơi tốt để suy nghĩ về cuộc đời","358"
"10547","132","Đã đến rồi thì để lại chút gì rồi đi","676"
"4573","185","Bên Biển (Phần 2)","45"
"4574","185","Đêm Không Ngủ (Phần 1)","46"
"4588","185","Gió Chiều","60"
"27822","138","Chương 22","50"
"27827","138","Chương 26","55"
"27838","138","Chương 36","66"
"24815","146","Hóa Ra Tôi Đã Lang Thang Nhân Gian Vô Ích","3"
"24822","146","Điệu Nhảy Trừ Ma","11"
"24824","146","Gặp Gỡ","13"
"7149","138","Chương 110 Uncle Chen Shubao","916"
"24825","146","""Lễ Kỷ Niệm""","14"
"24829","146","Chiến Dịch Cứu Hộ","19"
"27839","138","Chương 37","67"
"10548","132","Khách không rời hàng, tiền tài không để lộ","677"
"10556","132","Đầu trọc là tiêu chuẩn kiểm tra trai đẹp... phải không?","685"
"4591","178","Tập 48: Sự quyến rũ của Mộng Thanh","63"
"4600","178","Tập 56: Mất mặt","72"
"4620","178","Tập 78: Yêu cầu khó hiểu","94"
"4621","178","Tập 79: Tỏ tình","95"
"4623","178","Tập 81: Thăm dò","97"
"4624","178","Tập 82: Quyến rũ","98"
"4636","178","Tập 93: Cầu hôn","110"
"4641","178","Tập 98: Ký Ức Bị Mất","115"
"4643","178","Tập 100: Phát Hiện Kinh Ngạc","117"
"10263","132","Khi chim mỏ thìa và ngao tranh giành, người đánh cá được lợi.","389"
"10271","132","Khách hàng quậy phá tháng Chín","397"
"10276","132","Vườn rau của Thanh Long nhị đại gia","402"
"10265","132","Chuyển nhà","391"
"4587","185","Ngã Tư","59"
"5816","132","Số tiền trong đời rồi cũng sẽ có","712"
"5066","132","Một nghìn người có một nghìn cách trải qua","742"
"8971","137","Phần 3 Chương 7 Tập 5 Sen VS La Sát","122360"
"24836","146","Chị Em","26"
"27840","138","Chương 38","68"
"27848","138","Chương 45 Phần 2","77"
"27857","138","Chương 50 Phần 3","86"
"10569","132","Bệnh nằm viện cũng phải giữ tinh thần tốt","698"
"4632","177","Chương 88","106"
"4655","178","Tập 110: Lời Giải Thích Khi Tỉnh Giấc","129"
"10326","132","Khoảng cách giữa những người bạn tốt","453"
"5321","132","Rìu của Thần Chiến Tranh","445"
"10602","132","Bạn là duy nhất, có tài năng duy nhất","731"
"5322","132","Lối sống của Thủy Thần","452"
"10309","132","Này! Yêu tinh thả anh trai tôi ra","436"
"5323","132","Thủy hệ và hỏa hệ","454"
"10310","132","Ai đã che mắt bạn?","437"
"6071","167","Chương 168: Tôn Bân chết rồi","201"
"6073","167","Chương 170: Hóa ra là Hồ Hài","203"
"10339","132","Dưới cửa sổ phía tây, gió lay tre xanh, nghi như người xưa đến","466"
"10340","132","Bíp, nhận diện khuôn mặt thất bại","467"
"10315","132","Cô gái heo con","442"
"5324","132","Đồ chơi thời thơ ấu","464"
"6074","167","Chương 171: Vạch ranh giới và đoạn nghĩa","204"
"27861","138","Dự Báo Trở Lại","91"
"24855","146","Thánh Nữ Đại Nhân","49"
"24864","146","Tuần Này Nghỉ Ra Truyện","58"
"27877","138","Chương 58","107"
"4612","178","Tập 70: Trợ Lý Lin đáng ngờ","86"
"10352","132","Hôm nay, không phải truyện tranh hài","479"
"10657","132","[Ngoại Truyện · Định Phong Ba] [Chương Một] Phần 1","1165"
"10658","132","[Ngoại Truyện · Định Phong Ba] [Chương Một] Phần 2","1166"
"8964","137","Phần 3 Chương 6 Tập 8 Đứa Trẻ Cấm Kỵ","114659"
"10660","132","[Ngoại Truyện · Định Phong Ba] [Chương Ba]","1192"
"10661","132","Mưa Nhỏ Lác Đác, Mưa Đá Rầm Rập","1206"
"10662","132","Trời Nghe Việc Tốt, Đất Bảo Đảm Bình An","1207"
"10765","132","Thần không thể nhìn mặt mà đoán","2344"
"10669","132","Gia Đình Nuôi Mèo Nhất Định Phải Chú Ý Cất Đi Thiết Bị Điện","1265"
"6075","167","Chương 172: Chết cũng không sao","205"
"6076","167","Chương 173: Kinh Kha chết rồi","206"
"6095","167","Chương 192: Thái A Kiếm đã được sửa xong!","225"
"6080","167","Chương 177: Chu Du và Hoàng Cái bị nuốt chửng","210"
"10670","132","Không Khí Ngày Valentine Luôn Khó Mà Bỏ Qua","1266"
"10396","132","Anh ấy đến rồi, anh ấy đến rồi","525"
"10673","132","Người Thân Đến Thăm Nhiều Như Cơn Lốc Xoáy Qua","1301"
"10675","132","Suối Nước Nóng Có Sức Mê Hoặc Tan Chảy","1320"
"8963","137","Phần 3 Chương 6 Tập 7 Kẻ Tội Đồ","113437"
"10566","132","Không biết ngoại ngữ, bước cũng khó đi","695"
"10676","132","Tắm Kiểu Mới, Niềm Vui Nhân Đôi","1323"
"10677","132","Thái Tử Na Tra Đâm Vào Ngoài Thủy Liêm Động","1334"
"10678","132","Nơi Thích Hợp Nhất Để Giấu Đồ Là Nhà Bạn Bè","1335"
"4572","185","Bên Biển (Phần 1)","44"
"10342","132","Anh chàng đẹp trai có râu","469"
"10343","132","Xông hơi","470"
"4953","178","Mùa 2 Tập 5: Em Có Thai?!","137"
"7710","132","Quay video cho bạn bè uống say","512"
"4954","178","Mùa 2 Tập 6: Người Phụ Nữ Đó Là Ai?!","138"
"8152","132","Tối nay ăn gì?","516"
"7971","132","Mong chờ mãi, cuối cùng anh ấy cũng đến","506"
"4957","178","Mùa 2 Tập 11: Càng Ngày Càng Ghét Em","143"
"7973","132","Kẻ thù lâu năm bắt tay làm hòa","508"
"4962","178","Mùa 2 Tập 16: Tại Sao Không Có Được Em","148"
"5467","178","Mùa 2 Tập 29: Hưởng Lợi Từ Người Khác","161"
"10382","132","Cú đánh này sẽ khiến bạn tan biến thành khói","511"
"10592","132","Anh Ba Mắt hồi nhỏ","721"
"10616","132","Cuộc Đời Của Cây Hẹ Là Một Chuỗi Thăng Trầm","745"
"10618","132","Đừng Xem Thường Thổ Địa Gia","747"
"5505","164","Chương 178: Lỏng Nhưng Không Rò Rỉ","505"
"8972","137","Phần 3 Chương 7 Tập 6 Mảnh Ghép Thế Giới","123151"
"10375","132","Tâm trạng nhanh đến mức bạn muốn","504"
"24879","146","Đồ Ngốc! Bạn Bị Lừa Rồi","73"
"8974","137","Ngoại Truyện 13: Mong Đợi Gặp Lại","124421"
"10384","132","Chính như vậy, bị bạn chinh phục","513"
"10385","132","Mùa hè này, tôi nhất định phải học bơi.","514"
"10386","132","Hình như người xưa đến.","515"
"8843","140","Bất Tử Bất Nghỉ","2390"
"7793","132","Nhóm bốn người là vừa đủ.","2592"
"10388","132","Ông chủ đang làm gì trong văn phòng?","517"
"10437","132","Cuộc đời thi đâu đậu đó!","566"
"8975","137","Phần 3 Chương 7 Tập 8 Thời Loạn Điên Cuồng","125189"
"26630","182","041 Cô ấy chính là Hoàng phi!","41"
"26631","182","042 Khi Hoàng phi bị oan ức?","42"
"26632","182","043 Đừng bao giờ yêu tôi","43"
"26633","182","044 Tại sao lúc nào cũng nhớ đến anh ta?","44"
"26634","182","045 Đừng cắn tôi","45"
"26635","182","046 Lễ cưới sau mười ngày","46"
"26636","182","047 Giành lại vị trí Hoàng phi","47"
"8157","132","Mẹ con bình an","570"
"26638","182","049 Đúng là đàn ông toàn là lợn to","49"
"26639","182","050 Điểm yếu","50"
"26640","182","051 Trò đùa của Mục Tiếu Tiếu","51"
"26641","182","052 Bị lừa rồi","52"
"24914","146","Người Định Mệnh Gặp Tai Ương","108"
"27915","138","Chương 80","149"
"26642","182","053 Đã gặp gia đình rồi sao?","53"
"10390","132","Tôi có ích gì với cây gậy sắt này","519"
"26643","182","055 Cùng đi thử đồ nhé","55"
"26644","182","057 Người phụ nữ này ngủ tệ quá","57"
"10393","132","Ăn khắp thành phố!!","522"
"10391","132","Một lần bị chó cắn...","520"
"10392","132","Đỉnh cao của việc cuồng thần tượng","521"
"10465","132","Tôi thật sự yêu công việc, công việc làm tôi vui.","594"
"10394","132","Thạch đá lạnh đặt riêng","523"
"10664","132","Tình Trạng Nhà Bếp Chính Là Tình Trạng Cuộc Sống","1227"
"26645","182","058 Nhảy múa còn hơn là yêu đương","59"
"10665","132","Năm Thú Đã Trở Lại Và Mạnh Hơn","1248"
"8817","132","Trước gọi là trại hè, giờ gọi là đoàn du học, tóm lại","550"
"10666","132","Cắt Hoa Giấy, Dán Câu Đối Xuân","1249"
"8880","132","Kẻ thù không nên kết, đã kết thì không ngừng nghỉ.","2714"
"5813","132","Gia tộc Lin có thú quý tên là Tẩu Vu","591"
"7795","132","Từ đáy biển sâu đến vũ trụ bao la.","2626"
"10671","132","Những Ngày Đông Xuân Lạnh Lẽo Là Phải Chơi Tuyết","1286"
"27378","136","Chương 3 Phần 1","7"
"5496","175","174 Cô ấy cũng muốn 'lưu đày' tôi sao?","190"
"5499","175","177 Vật này khắc vật kia","193"
"5500","175","178 Tôi là chồng hợp pháp của bạn","194"
"5501","175","179 Di chúc, tôi biết rồi","195"
"24537","139","Chương 19: Khe Hở","19"
"26698","190","Bất ngờ tại buổi hòa nhạc?!","4"
"26699","190","Đàn ông thật sự không sợ ma quỷ!","5"
"4551","182","023 Ăn vụng bị phát hiện rồi","23"
"10480","132","Sở thích luôn giúp giảm căng thẳng.","609"
"10399","132","Người tri kỷ","528"
"10497","132","Trước khi thử cái mới, tốt nhất là hỏi người khác.","626"
"10401","132","Tập 500","530"
"10404","132","Thú cưng ấm áp lên sóng!","533"
"10405","132","Ngựa cưỡi mới!","534"
"10679","132","Làm Chăm Sóc, Tạo Kiểu, Một Lần Là Xong","1336"
"10682","132","Tiến Hóa Sinh Vật Là Cuộc Cạnh Tranh Nội Tại Của Thiên Nhiên","1374"
"10683","132","Dù Sức Khỏe Tốt Thế Nào Cũng Khó Tránh Cảm Lạnh","1375"
"10684","132","Chơi Game Đôi Khi Cần Dùng Đến Sức Mạnh Thô Bạo","1376"
"10685","132","Chỉ Có Thể Nhìn Xa, Không Thể Xem Gần","1393"
"26700","190","Mở miệng ra ăn kẹo đi!","6"
"26701","190","Thay đổi đầy nhiệt huyết","7"
"5814","132","Sau khi tốt nghiệp vẫn nhớ những ngày chạy bộ sáng cùng nhau","619"
"10689","132","Giao Tiếp Với Bạn Của Bạn Luôn Cảm Thấy Ngượng Ngùng","1420"
"26702","190","Chúng tôi đã ra mắt","8"
"26703","190","Linh Siêu trở lại trường đầy hiểm nguy","9"
"10692","132","Một Bé Gái Bảy Tuổi Tên Là Trinh Anh","1456"
"10695","132","Chụp Ảnh Tự Sướng Cũng Là Một Kỹ Năng","1508"
"10400","132","Muỗi mùa thu","529"
"26704","190","Không thể để những người thích chúng ta buồn","10"
"10698","132","Hồi Đi Học Ai Chẳng Trốn Vào Nhà Vệ Sinh Vài Lần?","1526"
"10700","132","Để Bệnh Tháng Năm Kéo Dài Đến Tháng Năm Năm Sau","1541"
"24938","147","Chương 22: Bạn Là Ông Chủ (Phần 1)","29"
"3843","185","Đường Tăng và Ngọc Thỏ Tinh","10"
"26705","190","Làm bánh trung thu hình trái tim cho fan","11"
"7983","132","Khi sức khỏe đặc biệt đừng cố gắng quá","629"
"3858","132","Còn nhớ anh bạn ngủ trên giường tầng trên không?","618"
"26706","190","Các bạn là gia đình ấm áp nhất của tôi","12"
"26707","190","Trở thành ONER hoàn hảo hơn","14"
"4617","178","Tập 75: Điều kiện trao đổi","91"
"26708","190","Quý công tử thời loạn lạc","15"
"26709","190","Người trôi nổi thời loạn lạc","16"
"26710","190","Tìm kiếm ý nghĩa của sự sống","17"
"26711","190","Cùng nhau chiến đấu","18"
"26713","190","Thức tỉnh","20"
"4582","182","054 Cô ấy tên là Hoa Lý!","54"
"10416","132","515","545"
"10508","132","Khi có khách đến nhà, bố mẹ khác hẳn bình thường.","637"
"10520","132","Dùng sản phẩm đang trong giai đoạn thử nghiệm phải cực kỳ cẩn thận","649"
"10408","132","Idol Tháng Chín","537"
"10409","132","Kẻ thù của Tiểu Ngọc!","538"
"10411","132","Tiểu Tháng Chín học hóa hình","540"
"10415","132","514","544"
"10681","132","Lông Mảnh Tháng Chín Thể Hiện Thần Thông","1354"
"10509","132","Càng cố gắng càng mệt.","638"
"10512","132","Đại sư huynh, Nhị sư huynh bị yêu quái bắt đi!","641"
"4552","185","Ai Đã Thay Đổi?","24"
"4560","185","Phần Nhỏ Của Tảng Băng Trong Khủng Hoảng Tình Yêu","32"
"26714","190","Biết ơn sự tồn tại của nhau","21"
"26715","190","Những người bạn quan trọng","22"
"26716","190","Anh em diễn xuất thật tuyệt","24"
"24498","189","Chương 80: Tang Đông Li có bầu rồi!","84"
"24499","189","Chương 81: Tang Đông Li đã trở lại!","85"
"24501","189","Chương 83: Tổ chức một cuộc thi","87"
"24502","189","Chương 84: Cứu người trong vô hình","88"
"24503","189","Chương 85: Đối đầu","89"
"24504","189","Chương 86: Kết quả đánh giá","90"
"24505","189","Chương 87: Thậm chí còn có lần xét duyệt thứ hai","91"
"7984","132","Mơ ước thành hiện thực cũng không phải lúc nào cũng vui","639"
"24506","189","Chương 88: Tiệm thuốc được nâng cấp?","92"
"26717","190","Không thể thay thế","25"
"26718","190","Làm ông già Noel cả đời của bạn","26"
"4639","178","Tập 96: Phát hiện quan trọng","113"
"10418","132","Nhìn bức tranh chân dung người ta vẽ cho mình, luôn cảm thấy có gì đó không đúng.","547"
"10425","132","Kỷ niệm trôi theo mây, núi cũ nghiêng bên sông Vị.","554"
"10426","132","Ăn nhiều quá sẽ khó tiêu.","555"
"10427","132","Nó đến rồi, nó đến rồi, mang theo nhân vật mới trở lại.","556"
"10428","132","Bạn tốt là người sẵn sàng cùng nhau làm trò ngớ ngẩn.","557"
"26719","190","Chiến trường","29"
"10429","132","Thời tiết thay đổi, lại bị cảm rồi.","558"
"10430","132","Quan tâm đến Năm Thú","559"
"10594","132","Chỉ thấy hoa mai, không thấy người","723"
"26720","190","Ước mơ thành hiện thực","30"
"26721","190","Trách nhiệm không thể từ bỏ","31"
"10707","132","Kết Bạn Cũng Cần Dũng Khí","1606"
"26722","190","Dũng cảm khám phá mộ cổ","32"
"26723","190","Tất cả cùng thăng cấp","33"
"26724","190","Sức mạnh vô tận","34"
"10708","132","Ngoại Truyện · Thủy Điệu Ca Đầu","1607"
"10710","132","Ngoại Truyện · Thủy Điệu Ca Đầu","1609"
"26725","190","Vương giả trở về","35"
"26726","190","Dành hết yêu thương cho các bạn","37"
"26727","190","Tương lai của chúng ta","38"
"4586","185","Về Nhà (Phần 2)","58"
"3867","134","33 Lân Vụ Biên Thanh Nhãn (Phần 1)","892"
"4589","185","Kẹo","61"
"7126","132","Mẹ yêu dấu","527"
"24968","160","Chương 12: Sức mạnh bất thường","14"
"3865","136","Phần Một Chương 46 Phần 1","826"
"3878","136","Phần Hai Chương 4 Phần 1","1544"
"24973","160","Chương 16: Điềm báo","19"
"8166","132","Trước khi đi sự kiện offline nhớ xem kỹ nội dung","667"
"3860","132","Chỉ cần mỗi ngày không đi làm, không bệnh không tai họa, vui vẻ thoải mái","668"
"25673","164","Chương 0: Khúc dạo đầu","1"
"25674","164","Chương 1: Thiếu niên liều mạng","2"
"25675","164","Chương 2: Kỳ thư vô song","4"
"4645","178","Tập 101: Hé Lộ Sự Thật Trần Trụi","119"
"25676","164","Chương 3: Đại hội chiêu mộ","5"
"25677","164","Chương 4: Đường hẹp cho kẻ thù","7"
"25678","164","Chương 5: Không thể chịu đựng thêm","8"
"25679","164","Chương 6: Sách rách ba lần","9"
"4584","182","056 Sao cậu lại cởi đồ?","56"
"10565","132","Phòng thủ trước, quan trọng là tốc độ","694"
"10435","132","Hội tụ chòm sao","564"
"10436","132","Kẻ thù của kẻ thù là bạn","565"
"10438","132","Nhớ những ngày ở trường","567"
"10563","132","Tôi soi gương như Nhị sư huynh soi gương","692"
"4580","185","Ngày Tuyết Rơi Và Kem Que Là Cặp Đôi Hoàn Hảo","52"
"4583","185","Tình Yêu Và Tự Do (Phần 2)","55"
"25680","164","Chương 7: Lần lượt tiến vào","11"
"7712","132","Tôi thích tắm, da mềm mịn~","548"
"8155","132","Bồn tắm nhà tôi nhiều bọt.","549"
"25681","164","Chương 8: Đánh giá qua vẻ bề ngoài","12"
"25682","164","Chương 9: Phần nổi của tảng băng","14"
"25684","164","Chương 11: Thực tế tàn nhẫn","16"
"25685","164","Chương 12: Vây bắt chặn đường","17"
"5182","132","Quà gì cũng được, chỉ cần chân thành là tan chảy","693"
"24982","160","Chương 25: Trận chiến một mình","28"
"24983","160","Chương 26: Tắt khiên bảo vệ","29"
"24984","160","Chương 27: Tiến sĩ Nguyệt đến rồi","30"
"24985","160","Chương 28: Binh lính tăng cường","31"
"24986","160","Chương 29: Quái thú dưới lòng đất","32"
"24987","160","Chương 30: Tôi đến cứu các bạn","33"
"24989","160","Ngoại truyện 02","35"
"24990","160","Chương 32: Năng lượng còn lại","36"
"24992","160","Chương 34: Trốn thoát","38"
"4615","178","Tập 73: Cô ấy là ai?","89"
"4955","178","Mùa 2 Tập 8: Ngoại Tình Hay Chiêu Trò?","140"
"10439","132","Thấy kẻ thù tự nhiên thì nên chạy thật nhanh","568"
"10440","132","Ai là người đẹp trai nhất?","569"
"3910","148","Chương 264: Mười Hai Lãnh Chúa Cấp Tối Đa","3272"
"25686","164","Chương 13: Bước đường cùng","18"
"25687","164","Chương 14: Bản tính khó đổi","19"
"3896","134","62 Lân Vụ Biên Yêu Đài (Phần 1)","2359"
"25688","164","Chương 15: Một đánh bốn","20"
"10443","132","Mèo thần tài","572"
"10593","132","Kết bạn là để hiểu nhau, ruột thịt không nhất thiết phải thân","722"
"3887","184","Chương 47: Phòng Tân Hôn","2129"
"25689","164","Chương 16: Trả giá","21"
"25690","164","Chương 17: Đồng ý bước đầu","22"
"25692","164","Chương 19: Núi chồng núi","24"
"10598","132","Tình thân, tình yêu, tất cả đều là cảm xúc thật","727"
"10599","132","Đào tạo nhân viên tuyệt đối không được ngủ gật","728"
"10693","132","Nghe Một Biết Ba, Nhìn Một Hiểu Mười","1473"
"25693","164","Chương 20: Nhìn người như ngọc","25"
"25694","164","Chương 21: Tìm chuyện không hay","26"
"10701","132","Dù Thời Đại Nào, Kinh Doanh Cũng Phải Tranh Giành","1561"
"25695","164","Chương 22: Mong ước thành sự thật","27"
"25696","164","Chương 23: Khởi hành","30"
"25697","164","Chương 24: Nhìn thoáng qua con đường","31"
"25698","164","Chương 25: Vui cực sinh buồn","33"
"25699","164","Chương 26: Dạy theo năng lực","34"
"25700","164","Chương 27: Lướt qua nhau","35"
"3885","140","Đêm Trước Đại Chiến","2061"
"25701","164","Chương 28: Vâng lời ngoan ngoãn","36"
"5447","178","Mùa 2 Tập 9: Anh Là Chồng Cô Ấy!","141"
"4956","178","Mùa 2 Tập 10: Em Là Của Anh!","142"
"5466","178","Mùa 2 Tập 28: Đồ Chó Đập Đi Xây Lại","160"
"25702","164","Chương 29: Lộ nguyên hình","37"
"25703","164","Chương 30: Không hiểu ý","38"
"25704","164","Chương 31: Mới ra khỏi tổ","40"
"25705","164","Chương 32: Lừa dối lẫn nhau","41"
"10711","132","Ngoại Truyện · Thủy Điệu Ca Đầu Chương Hai","1621"
"25706","164","Chương 33: Giấu tài năng","42"
"10719","132","Phân thân có thuật cũng chưa chắc đã quản được hết","1819"
"10630","132","Chủ Tốt Phải Nhớ Dắt Thú Cưng Đi Bệnh Viện","813"
"10633","132","Câu Chuyện Luôn Bắt Đầu Từ Rất Rất Lâu Rồi","836"
"25707","164","Chương 34: Giấc mơ thành hiện thực","44"
"25708","164","Chương 35: Tin đồn vô căn cứ","46"
"10444","132","Vã Mèo là một loại thú bảo vệ trong dân gian Vân Nam, một...","573"
"25709","164","Chương 36: Mưa núi sắp tới","47"
"25710","164","Chương 37: Chiếc thuyền lá","48"
"25711","164","Chương 38: Binh lính chia đôi đường","49"
"25712","164","Chương 39: Xuất quân không thuận lợi","50"
"25713","164","Chương 40: Mùi hương tương đồng","51"
"25714","164","Chương 41: Gặp nhau trên đường hẹp","52"
"25715","164","Chương 42: Không biết ơn","54"
"25716","164","Chương 43: Không giữ thể diện","55"
"25717","164","Chương 44: Chim bồ câu truyền thư","56"
"25718","164","Chương 45: Giải thích sức mạnh","57"
"25719","164","Chương 46: Mật hiệu gặp mặt","58"
"25720","164","Chương 47: Nửa đêm","59"
"25721","164","Chương 48: Chơi bời mất chí","60"
"7713","132","Văn Xương Quân","563"
"25722","164","Chương 49: Phục kích bốn bề","61"
"25723","164","Chương 50: Trận chiến ác liệt","65"
"5192","132","Bề ngoài đôi khi rất dễ gây nhầm lẫn.","794"
"5476","178","Mùa 2 Tập 37: Ở Lại Đêm Nay Được Không?","170"
"5482","178","Mùa 2 Tập 43: Em Vẫn Còn Sống?!","176"
"10448","132","Một khi bắt đầu nói chuyện phiếm trong cuộc họp thì không dừng được.","577"
"7804","132","Ngoài người còn người, ngoài trời còn trời.","2778"
"25724","164","Chương 51: Lén lút qua Trần Thương","66"
"25725","164","Chương 52: Mạnh mẽ như tre vỡ","67"
"25726","164","Chương 53: Ý tưởng lóe lên","68"
"7807","132","Ngoại truyện: Như Mộng Lệnh - Chương Một","2826"
"10717","132","Ngày nắng nóng chưa bắt đầu, mà tôi đã gục ngã rồi","1809"
"10720","132","Mùa hè ngoài trời như chiến trường","1820"
"25727","164","Chương 54: Tự cao tự đại","69"
"4741","151","80 Tỉnh lại rồi","849"
"25728","164","Chương 55: Ngàn cân treo sợi tóc","71"
"25729","164","Chương 56: Nửa sống nửa chết","72"
"25730","164","Chương 57: Tỉnh giấc mơ","73"
"25732","164","Chương 59: Lời quở trách thẳng thừng","75"
"25733","164","Chương 60: Bẩm sinh bướng bỉnh","76"
"10763","132","Xe sấm gầm rú, sét chớp rực rỡ","2332"
"25734","164","Chương 61: Cùng cực sinh biến","77"
"25735","164","Chương 62: Vô nghĩa","78"
"10721","132","Mèo con làm sao có thể có ý xấu chứ?","1835"
"8178","132","Tin đồn càng lan càng phóng đại","837"
"10773","132","Một thời gian không gặp, khác hẳn người cũ","2450"
"25060","150","Mở đầu — Mạnh Không Sơn","4"
"25061","150","Bước nhảy 1 — Cảnh Lạc Lạc","5"
"25062","150","Bước nhảy 2 — Cảnh Lạc Lạc","6"
"25063","150","Bước nhảy 3 — Cảnh Lạc Lạc","7"
"25064","150","Bước nhảy 4 — Cảnh Lạc Lạc","8"
"25065","150","Bước nhảy 5 — Cảnh Lạc Lạc","9"
"25066","150","Bước nhảy 6 — Chương Quân Diễn","10"
"25073","150","Bước nhảy 13 — VIVIAN","17"
"5483","178","Mùa 2 Tập 44: Ký Ức Vỡ Tan","177"
"5485","178","Mùa 2 Tập 46: Đứa Trẻ Này Không Thể Giữ","179"
"10724","132","Đeo mặt nạ lâu rồi sẽ khó mà tháo xuống","1844"
"10730","132","Đồ ăn tự làm thơm ngon đặc biệt","1887"
"10445","132","Phúc không đến đôi, họa không đến đơn.","574"
"10451","132","Dịch vụ một cửa cho mất trí nhớ do tai nạn xe","580"
"10732","132","Chỉ cần tư tưởng không trượt dốc, cách nhiều hơn khó","1889"
"25736","164","Chương 63: Cây sắt nở hoa","79"
"25737","164","Chương 64: Tóm tắt tương lai","81"
"25738","164","Chương 65: Dòng chảy ngầm dâng cao","82"
"25739","164","Chương 66: Đột nhiên ngoảnh lại","83"
"10456","132","Khi chán thì chuyện gì cũng làm được.","585"
"25740","164","Chương 67: Cơn giận không thể kiềm chế","84"
"25741","164","Chương 68: Nợ nần chồng chất","85"
"5601","132","Chỉ vì bạn ngoảnh lại một lần, tôi nghĩ về bạn suốt ngày đêm","1000"
"25742","164","Chương 69: Chạy là trên hết","86"
"10789","132","Ngôi sao cũng khó tránh bị nhận nhầm","2541"
"25743","164","Chương 70: Biển người mênh mông","87"
"25744","164","Chương 71: Ăn một vấp ngã","88"
"25745","164","Chương 72: Thử sức nhỏ","89"
"25746","164","Chương 73: Phân thắng bại rõ ràng","90"
"25747","164","Chương 74: Trốn tránh khắp nơi","92"
"25748","164","Chương 75: Thấy chuyện bất bình","93"
"3902","132","Một cộng một đôi khi còn nhỏ hơn hai.","2958"
"25749","164","Chương 76: Nói bừa","94"
"25750","164","Chương 77: Thở hổn hển","95"
"25751","164","Chương 78: Giả vờ làm bộ","96"
"25752","164","Chương 79: Cân sức cân tài","98"
"25753","164","Chương 80: Uống cạn một hơi","99"
"10735","132","Trời thu trăng sáng treo, ánh sáng sương ướt","1913"
"10709","148","Chương 184: Ánh sáng","1608"
"10452","132","Quay lại nơi cũ cũng có cảm xúc mới.","582"
"25755","164","Chương 82: Vội vã","101"
"25756","164","Chương 83: Đến nối tiếp nhau","102"
"25757","164","Chương 84: Thuốc không thể ngừng","103"
"25758","164","Chương 85: Nhìn nhỏ biết lớn","104"
"25761","164","Chương 88: Nhớ lại lúc trước","107"
"25762","164","Chương 89: Cuộc đời như mộng","108"
"25763","164","Chương 90: Món quà chia tay","109"
"25095","150","Bước nhảy 35 — Cố Tình Hạ","40"
"4052","132","Có những bí mật tốt hơn đừng biết","1853"
"4558","182","030 Cậu khiến tôi nghĩ gì đây!","30"
"4050","132","Cũ không đi, mới không đến","1855"
"10736","132","Một núi không dung hai hổ, một nhà không dung hai chó","1914"
"10737","132","Tâm tư chó không cần đoán","1915"
"10744","132","Ký túc xá vui vẻ đầy ắp niềm vui","2224"
"10745","132","Đổi mùa rồi, lại đến lúc dọn tủ quần áo","2225"
"10654","132","Tinh Thần Giáng Sinh Tất Nhiên Là Quà Và Đại Tiệc","1149"
"10449","132","Trả lời người mình thích luôn khiến bạn suy nghĩ nhiều đến rụng tóc.","578"
"10458","132","Có một cái tên hài hước sẽ mang lại niềm vui.","587"
"10461","132","Chọn thời gian chơi game cho hợp lý.","590"
"10463","132","Không ăn sinh vật, không giẫm lên cỏ non.","592"
"10712","132","Ngoại Truyện · Thủy Điệu Ca Đầu Chương Ba","1622"
"10714","132","Thiên Nhiên Náo Nhiệt","1649"
"3846","185","Máy Tính Bị Treo","13"
"3848","185","Cuộc Gọi Của Bạn Gái","15"
"3850","185","Nụ Hôn Đầu","17"
"4556","185","Chỉ Là Bạn Thân?","28"
"6127","132","Uốn tóc thật sự thay đổi khí chất.","1843"
"10733","132","Cầu người không bằng cầu mình","1898"
"9322","132","Chưa đến ngày 23 tháng Chạp, trước gửi Táo Quân lên Tây Thiên","1226"
"4732","151","71 Có thể tôi nhìn nhầm","583"
"25764","164","Chương 91: Bài học cuối cùng","110"
"25765","164","Chương 92: Sóng chưa yên","111"
"25766","164","Chương 93: Hòa giải","112"
"25768","164","Chương 95: Bóng kiếm ánh đao","114"
"25769","164","Chương 96: Đá ngang","115"
"3830","132","Trẻ con lớn rất nhanh.","2328"
"8818","132","Năm con Chuột, yêu chuột","560"
"10747","132","Tùy theo địa phương, tùy theo người","2252"
"8819","132","Càng nghĩ càng không ngủ được","579"
"25770","164","Chương 97: Cười, giận, mắng","116"
"10749","132","Vừa ra khỏi nhà là không muốn về","2254"
"25771","164","Chương 98: Nhậu nhẹt vui vẻ","117"
"25772","164","Chương 99: Không Thương Không Gian","118"
"25773","164","Chương 100: Y Phục Không Che Thân","119"
"25774","164","Chương 101: Da Bò Bị Đâm Thủng","120"
"25776","164","Chương 103: Giết Người Bịt Miệng","122"
"10751","132","Món ăn vẫn thơm ngon nhất khi làm mới","2256"
"10754","132","Bộ não có suy nghĩ riêng","2287"
"25777","164","Chương 104: Thuần Thục Tinh Nhuệ","123"
"25779","164","Chương 106: Trăm Năm Có Một","125"
"25780","164","Chương 107: Thiên Tai Nhân Họa","126"
"25781","164","Chương 108: Tấm Lòng Thương Xót","127"
"25782","164","Chương 109: Cô Đơn Lẻ Loi","128"
"25783","164","Chương 110: Y Xanh Tay Đỏ","129"
"25784","164","Chương 111: Chìm Vào Đường Cùng","130"
"10755","132","Thợ rèn thấp, thợ mộc cao, thợ đá là người khéo tay","2288"
"10758","132","Hiểu bạn nhất vẫn là gia đình","2299"
"10761","132","Cá mập không quý ngọc trai","2330"
"10764","132","Lôi công phẫn nộ, điện mẫu sinh giận","2343"
"10767","132","Có người vừa xuất hiện đã tự có hiệu ứng âm thanh","2365"
"25785","164","Chương 112: Trói Chặt Năm Hoa","131"
"25786","164","Chương 113: Dùng Công Chuộc Tội","132"
"25787","164","Chương 114: Lợi Dụng Nước Đục","133"
"6096","167","Chương 193: Địa Cung của Tần Hoàng","226"
"25788","164","Chương 115: Tâm Thần Rối Loạn","134"
"10772","132","Chuyên tâm tu luyện, đổi xác thay hình","2449"
"25789","164","Chương 116: Thần Công Não Bổ","135"
"10774","132","Trăm thái say rượu, thể hiện trọn đời rồng","2463"
"25790","164","Chương 117: Màn Xuất Hiện Mạnh Mẽ","136"
"10776","132","Chưa bắt đầu nghỉ lễ, mà lòng đã nghỉ rồi","2476"
"25791","164","Chương 118: Ý Đồ Không Tốt","137"
"25793","164","Chương 120: Mỗi Người Lấy Nhu Cầu","139"
"10778","132","Đêm nay đông hết, ngày mai năm mới bắt đầu","2497"
"25794","164","Chương 121: Ẩn Giấu Sát Khí","140"
"25795","164","Chương 122: Hai Lựa Chọn Một","141"
"10780","132","Ánh trăng sáng trước giường","2499"
"25796","164","Chương 123: Tái Thế Hoa Đà","142"
"25798","164","Chương 125: Truy Ngược Gốc Rễ","144"
"25799","164","Chương 126: Sủa Điên Cuồng","145"
"25800","164","Chương 127: Chảy Máu Bảy Lỗ","146"
"25801","164","Chương 128: Khuyên Nhủ Dịu Dàng","147"
"25803","164","Chương 130: Đấu Tranh Công Khai Và Ngấm Ngầm","149"
"25805","164","Chương 132: Cú Đá Cuối Cùng","151"
"25806","164","Chương 133: Lén Lút Vụng Trộm","152"
"25807","164","Chương 134: Đánh Lạc Hướng","153"
"4087","132","Không có điểm tham quan thì phải tạo điểm tham quan","2580"
"3874","132","Người tinh tế nói chuyện phải đặc biệt chú ý.","1421"
"25808","164","Chương 135: Chuồn Nhanh","154"
"25809","164","Chương 136: Cắt Cánh Không Bay","155"
"25810","164","Chương 137: Ba Yếu Tố Mùa Lạnh","156"
"25812","164","Chương 139: Sấm Nằm Trong Quần","158"
"25813","164","Chương 140: Chim Hoàng Khách Ở Sau","159"
"25814","164","Chương 141: Sinh Mệnh Treo Lơ Lửng","160"
"10781","132","Ngỡ như sương giá trên mặt đất","2500"
"25815","164","Chương 142: Đạo Làm Quan","161"
"9158","132","Hãy tiếp tục tin vào tình yêu nhé!","2695"
"25816","164","Chương 143: Múa Rối Bóng","162"
"25817","164","Chương 144: Sợ Hãi Sau Này","163"
"25819","164","Chương 146: Trên Phiên Tòa","165"
"25820","164","Chương 147: Vu Khống","166"
"25821","164","Chương 148: Lên Ghế Nhân Chứng","167"
"25822","164","Chương 149: Vẫn Muốn Chạy?","168"
"25823","164","Chương 150: Bằng Chứng Sắt Đá?","169"
"10783","132","Ngỡ như sương giá trên mặt đất","2502"
"25824","164","Chương 151: Khách Thành Chủ","170"
"25825","164","Chương 152: Tấn Công Hấp Hối","171"
"25826","164","Chương 153: Tro Tàn Bừng Cháy Lại","172"
"25827","164","Tập Đặc Biệt Thất Tịch (Bánh Trung Thu & Chuông Bạc)","173"
"25828","164","Chương 154: Cơn Giận Bất Lực","174"
"25829","164","Chương 155: Nhân Chứng Bên Công","175"
"10453","132","Những thứ đã quên rồi sẽ quay lại một ngày nào đó.","581"
"25830","164","Chương 156: Xua Mây Thấy Nắng","176"
"25831","164","Chương 157: Giả Thuyết Táo Bạo","177"
"25832","164","Ngoại Truyện Bắt Buộc Trung Thu và Quốc Khánh 2020","178"
"25833","164","Chương 158: Cẩn Thận Bị Câu","179"
"25834","164","Chương 159: Đánh Lộn","180"
"10784","132","Bánh trôi là bánh trôi, bánh nguyên tiêu là bánh nguyên tiêu","2517"
"25835","164","Chương 160: Một Người Một Cú Đá","181"
"25836","164","Chương 161: Cắt Sắt Như Bùn","182"
"25837","164","Chương 162: Thần Công Vô Địch","183"
"25838","164","Chương 163: Mưu Kế Lên Ngôi","184"
"25839","164","Chương 164: Tôi Lại Làm Được","185"
"26770","176","006 Loài Vật","7"
"26771","176","007 Rửa Ráy","8"
"26772","176","008 Đậu Đặc (Đánh Đầu)","9"
"26773","176","009 Ngôi Nhà Ma","10"
"26775","176","011 Tỏ Tình","12"
"26776","176","012 Cởi Đồ","13"
"24527","139","Chương 9: Trốn Tìm","9"
"10785","132","Cá chép thích nhảy không bao giờ giá thấp","2518"
"24528","139","Chương 10: Nhà Vệ Sinh Công Cộng","10"
"24529","139","Chương 11: Ngủ","11"
"24420","189","Chương 3: Có người muốn mua tiệm thuốc","3"
"10787","132","Decal là đơn vị nhỏ nhất của sáng tạo nghệ thuật","2527"
"24421","189","Chương 4: Du hành? Mỹ nhân!","4"
"24422","189","Chương 5: Cậu đang chơi Cosplay à?","5"
"24453","189","Chương 36: Cảm giác tự do thật tuyệt~","37"
"10872","132","Thời đại tiến bộ, tàu hỏa tăng tốc.","10777"
"10790","132","Dọa người cũng là một nghề kỹ thuật.","2542"
"25840","164","Chương 165: Phản Công","186"
"25841","164","Chương 166: Dùng Kế Đánh Kế","187"
"25842","164","Chương 167: Tôi Có Đại Ca","188"
"25843","164","Chương 168: Tàn Phá Không Thương Tiếc","189"
"25844","164","Chương 169: Vinh Quang Không Còn","190"
"25845","164","Chương 170: Chính Tà Hợp Lưu","191"
"25846","164","Chương 171: Đòn Phản Công","192"
"25847","164","Chương 172: Bụi Lắng Xuống","193"
"25848","164","Chương 173: Tâm Người Quỷ Mị","194"
"25849","164","Chương 174: Không Ngờ Tới","195"
"25850","164","Chương 175: PTSD","196"
"10888","132","Tai họa sinh bất ngờ, họa bắt đầu trong chốc lát.","19620"
"26546","181","001 Tôi Bị Một Đám Đàn Ông Trần Trụi Bao Vây!","3"
"26547","181","002 Ác Ý Từ Giấc Mơ Đẹp!","4"
"26548","181","003 Đối Tượng Tình Yêu Phù Hợp Nhất","5"
"10791","132","Mọi việc đều phải tự mình thử","2554"
"26549","181","004 Ký Ức Đẫm Nước Mắt (Phần 1)","6"
"26550","181","004 Ký Ức Đẫm Nước Mắt (Phần 2)","7"
"26551","181","005 Quý Công Tử Phá Sản","8"
"26552","181","006 Vẻ Ngoài Khiến Bạn Phải Quỳ","9"
"26553","181","007 Sự Kiện Té Nước Tự Mình Gây Ra","10"
"26554","181","008 Di Chứng Tàn Khốc","11"
"25853","173","02 Sư Muội Thật Là Một Người Thầy Tốt","2"
"25854","173","03 Ly Kinh Phản Đạo","3"
"25855","173","04 Giải Phóng Lực Lượng","4"
"25856","173","05 Ai Là Át Chủ Bài","5"
"25857","173","06 Quầng Quang Nhân Vật Chính?","6"
"10792","132","Bộ lọc kỳ lạ lại tăng thêm","2555"
"10793","132","Cá chép hóa rồng có gọi là cá chép rồng không?","2565"
"25858","173","07 Một Đao Hai Đứt","7"
"10895","132","Kiểu tóc không phải muốn đổi là đổi được.","23830"
"1359","1","1 Tôi, Võ Trực, đã tái sinh","114929"
"10796","132","Sông núi dễ đổi, bản tính khó thay","2579"
"24507","189","Chương 89: Thị vệ mang đao","93"
"24508","189","Chương 90: Sát thủ","94"
"24509","189","Chương 91: Lục soát thủ phạm chính","95"
"24510","189","Chương 92: Ỷ Thập Nhất bị phát hiện chưa?","96"
"10799","132","Bàn ăn mỗi nhà có phong cách riêng","2593"
"24511","189","Chương 93: Dịch bệnh ập đến","97"
"24512","189","Chương 94: Tiệm thuốc bị kiện","98"
"24513","189","Chương 95: Vật chứng","99"
"24515","189","Chương 97: Giải cứu Tang Đông Li","101"
"24516","189","Chương 98: Linh sử huy chương vàng?","102"
"24517","189","Chương 99: Thân phận thật của sát thủ","103"
"24518","189","Tập Cuối Mùa 1","104"
"24548","142","Lý Bạch, cậu đã thành công thu hút sự chú ý của tôi.","1"
"10800","132","Chuyện cũ mơ hồ như mộng, theo gió mưa đến lòng","2604"
"10801","132","Yêu Sầu Kiều","2605"
"24550","142","Tức quá đi nhưng vẫn phải giữ nụ cười.","4"
"24551","142","Uống phải rượu giả nên tôi đang phê lên tận mây xanh.","5"
"24552","142","Nhanh khóc cho ông xem đi.","6"
"24553","142","Sốc! Hai sát thủ lại xuất hiện trong khu rừng!","7"
"7988","132","Lấy dài bù ngắn, cùng phát huy.","1854"
"26356","177","Chương 21","25"
"26777","176","013 Lớn Lên","14"
"26778","176","014 Mua Sắm Thả Ga","15"
"24530","139","Chương 12: Bữa Tối","12"
"25859","173","08 Chiến Đấu Của Hồ Ly Sao","8"
"25860","173","09 Tiền·Đại Thần Thông Sư","10"
"25861","173","10 Đảo Ngược Đen Trắng","11"
"25862","173","11 Gã Hề Lộ Diện","12"
"10918","132","Cắm trại và dã ngoại là những khoảnh khắc tuyệt vời, đừng quên món ngon.","33457"
"25863","173","12 Tỏ Tình Và Chia Tay","13"
"25864","173","13 Phong Thủy Phong Ấn Thuật","14"
"10802","132","Kết thúc cũng là khởi đầu.","2616"
"25865","173","14 Mạo Hiểm Áo Hoodie","15"
"25866","173","15 Đại Ca Nhà Tôi","16"
"25867","173","16 Buông Tay Ra","17"
"25868","173","17 Thiên Nhất Đùa Với Đại Đao","18"
"25869","173","18 Trò Chơi Kết Thúc","19"
"25870","173","19 Quyết Tâm","20"
"25871","173","20 Xuất Sơn Đi","21"
"25872","173","21 Khởi Đầu Mới","22"
"10935","132","Kinh doanh rộng rãi, buôn bán phát đạt.","42864"
"25873","173","22 Đàm Phán","23"
"10803","132","Trên trời bay không phải tất cả đều là chim.","2618"
"10937","132","Áo bông nhỏ thân thiết, đôi khi cũng lọt gió.","42866"
"25874","173","23 Bắt Đầu Hành Trình","24"
"25875","173","24 Về Chiếc Điện Thoại","25"
"25876","173","25 Đến Thị Trấn Nhỏ","26"
"25877","173","26 Không Sao Chứ? Cô Nàng","27"
"25878","173","27 Sát Thủ Bóng Đen","28"
"25879","173","28 Ám Khí","29"
"10927","132","Có cha thì có con.","36714"
"25880","173","29 Phóng Viên","30"
"25881","173","30 Ác Mộng","31"
"25882","173","31 Cả Ngày Chỉ Biết Chống Đối","32"
"25883","173","32 Linh Phật Chúng Ta Không Thể Đụng Đến!","33"
"25884","173","33 Uống Rượu Sao Nói Rồi?","34"
"27936","138","Chương 95","170"
"25885","173","34 Lời Nói Dối Độc Ác","36"
"25195","153","Chương 8","9"
"25886","173","35 Cô Gái Cầm Cái Búa Vàng","39"
"25887","173","36 Thằng Nhóc Đó Tên Là A Phúc","40"
"25888","173","37 Tâm Tính Con Người Khó Lường","41"
"10716","132","Mưa mận rơi không ngừng, rêu phủ đầy mặt đất","1661"
"25889","173","38 Ăn Ăn Ăn Ăn Ăn","43"
"25890","173","39 Bước Chân Cùng","44"
"10804","132","Hiếm khi đi chơi, ít nhất phải chụp ảnh","2619"
"25891","173","40 Tâm Ma","45"
"25893","173","42 Thám Tử Thiên Nhất","48"
"25894","173","43 Tự Lừa Dối","49"
"25895","173","44 Mở Một Lỗ Não","50"
"25896","173","45 Anh Em Đoàn Tụ","51"
"25897","173","46 Phong Thủy Phong Trận","52"
"25898","173","47 Không Có Chủ Nhân Ra Lệnh Là Không Được","53"
"25899","173","48 Tự Làm Tự Chịu","54"
"25900","173","49 Một Lời Nói Dối Khác","55"
"25902","173","51 Gọi Kẻ Trừng Phạt","59"
"25903","173","52 Tông Thiên Nhất, Cậu Chỉ Biết Gây Rối!","61"
"25904","173","53 Lái Máy Bay Đến Cướp Công","62"
"10963","132","Tha lỗi cho tôi vì sống tự do phóng khoáng cả đời.","57433"
"25905","173","54 Điều Tra Sơ Bộ","63"
"25906","173","55 Dân Thị Trấn","64"
"25908","173","57 Mối Quan Hệ Của Chúng Ta","66"
"25910","173","59 Xa Xôi Ngàn Dặm Đến Gặp","68"
"25911","173","60 Hệ Thống Thần Thông Sư","69"
"10806","132","Ước gì đời thực có nút tạm dừng.","2627"
"10971","132","Tự đào hố rồi nhảy vào.","61613"
"25913","173","62 Linh Sơn Trấn Kết Thúc","71"
"25914","173","63 Ra Đi, Bé Yêu Của Tôi","72"
"25915","173","64 Trụ Sở Thần Thông Sư","73"
"25916","173","65 Đi Qua Khu Vực Cấm","74"
"25917","173","66 Cắt Giấy Và Trống Lắc","75"
"25918","173","67 Xoay Đi, Gấu Trúc!","76"
"25892","173","41 Thú Cưng Cỡ Lớn Của Tống Gia","46"
"25919","173","68 Đầu Trang Hoa Võ Đơn Siêu Ngầu","78"
"25920","173","69 Run Rẩy","79"
"25921","173","70 Mỗi Nhà Có Một Cuốn Kinh Khó Niệm","80"
"25923","173","72 Hai Béo Là Ai?","82"
"25924","173","73 Xin Lỗi, Anh Ấy Đến Núi","83"
"25925","173","74 Một Triệu Của Tôi!","84"
"25926","173","75 Phó Chủ Quán Dữ Dằn!","85"
"25928","173","77 Cưỡng Hiếp Không Thành Bị...","87"
"25929","173","78 Tông Thiên Nhất Không Ngốc, Chỉ Là Chưa Có Kinh Nghiệm","88"
"10748","132","Tiến có thể lên trời xuống đất, lui có thể lên mái nhà lật ngói","2253"
"25931","173","80 Mimi Ghen Tị Quá!","90"
"25932","173","81 Tôi Sẽ Nghịch Ngợm, Hí Hí","91"
"25933","173","82 Giết Quyền Đạo!","92"
"25934","173","83 Hừ Hừ Hả Hê, Nhanh Dùng...","93"
"25936","173","85 Tác Dụng Phụ Của Thần Đan","95"
"25938","173","87 Đối Đấu Hổ Quyền","97"
"25939","173","88 Đỉnh Nhất Khu B!","98"
"25941","173","90 Kích Chiến","100"
"25942","173","91 Toàn Là Diễn Viên","101"
"10997","132","Độ ẩm hôm nay: 11%.","82485"
"25943","173","92 Biến Thành Người Bóng","102"
"25944","173","93 Sóng Chưa Lặng Lại Nổi Sóng Mới","103"
"25945","173","94 Nước Đánh Đầu, Mã Nhảy","104"
"25946","173","95 Bố Mãi Là Bố Của Con","105"
"25948","173","97 Vong Mệnh Thiên Nha","107"
"25949","173","98 Phong Thủy - Thần Hành Trận","108"
"25950","173","99 Thấy Khe Hở Chèn Kim","109"
"10750","132","Chủ nhân giỏi cũng nuôi thú cưng giỏi","2255"
"25951","173","100 Ghét Sư Ca Nhất!","110"
"25952","173","101 Pạt pạt pa pa pa!","111"
"25953","173","102 Kẻ thua cờ hôi hám","112"
"25954","173","103 Suối nước nóng ngoài trời, bạn biết mà!","113"
"10753","132","Mạnh cùng mạnh, hiệu quả càng cao","2286"
"25955","173","104 Cẩn thận, tường có tai","114"
"25957","173","106 Biết sự thật khiến tôi rơi nước mắt","116"
"25958","173","107 Thả dây dài, câu được cá lớn","117"
"25959","173","108 Hổ mặt cười","118"
"25960","173","109 Chúng ta khác nhau chỗ nào?","120"
"25961","173","110 Lược sử Ngự Niệm Sư","121"
"25962","173","111 Một lũ côn đồ","122"
"25963","173","112 Tự vấn lòng mình","123"
"25965","173","114 Tôi nói chặt thì chặt ngay","125"
"25968","173","117 Đại Ngự chuyển thế!","129"
"25969","173","118 Hóa ra ta là Ngự Niệm Sư!","130"
"25970","173","119 Vợ cũng để cho anh rồi!","131"
"25972","173","121 Tôi rất chắc em trai tôi là đần độn","133"
"25973","173","122 Đến đây đi, lão già, để tôi xem của mày","134"
"11027","132","Nói đi là đi. Đến lúc ra tay thì cứ ra tay!","97231"
"25974","173","123 Vợ ơi, nhất định phải ủng hộ chồng nha","135"
"25975","173","124 Quá khứ đen tối đó","136"
"25976","173","125 Trận quyết chiến mạnh nhất 4 đấu 4","137"
"25978","173","127 Cái gọi là định mệnh","139"
"25979","173","128 Bái sư học nghệ","140"
"25980","173","129 Bắt đầu tu luyện","141"
"25981","173","130 Đen và trắng","142"
"25982","173","131 Màn mở đầu màu đỏ","143"
"25983","173","132 Phản công","144"
"25984","173","133 Thẩm vấn","145"
"25985","173","134 Nỗi kinh hoàng của tư tưởng cũ","146"
"10973","132","Bảo vệ mắt là bảo vệ tâm hồn.","62962"
"25986","173","135 Quyết tâm của Tông Nhượng","147"
"25987","173","136 Giao dịch","148"
"26334","177","Chương 1","1"
"26335","177","Chương 2","3"
"26336","177","Chương 3","4"
"26337","177","Chương 4","5"
"25275","153","Mùa 2 Tập 49: Kế hoạch thay đổi!!!","89"
"25276","153","Mùa 2 Tập 50: Quấn quýt cả đời (Kết thúc)","90"
"26555","181","009 Cửu Lăng Cáo Bốn Tai Đỏ Mắt","12"
"10466","132","Diệp Công thích rồng, rồng nói: Không cần thiết đâu.","595"
"26556","181","010 An Nặc Người Đàn Ông Độc Miệng Võ Thuật","13"
"26557","181","011 Khủng Hoảng Của Đạo Diễn Nổi Tiếng Châu Thanh","14"
"11043","132","Ngủ đêm dậy sớm, vẫn có người mất ngủ.","104287"
"26558","181","012 Anh Em Chị Em Đối Đầu","15"
"26559","181","013 Cách Thả Thính Của Người Sợ Đàn Ông","16"
"26560","181","014 Đối Tượng Thầm Thương Không Phù Hợp","17"
"26561","181","015 Hãy Trở Thành Diễn Viên!","19"
"26562","181","016 Buổi Thử Vai Của Diễn Viên","20"
"26563","181","017 Đừng Nháy Mắt Với Đàn Ông Khác!","21"
"26564","181","018 Cách Trừng Phạt Từ Tổng Tài Bá Đạo!","22"
"26565","181","019 Cửu Lăng, Tôi Ghét Cậu!","24"
"26566","181","020 Ba Người Đàn Ông Một Vở Kịch","25"
"10469","132","Tình yêu của bạn đã bị cướp mất.","598"
"26567","181","021 Rốt Cuộc Cậu Thích Ai?","26"
"26568","181","022 Hỏi Lòng Mình","27"
"26569","181","023 Đêm Hỗn Loạn","28"
"26570","181","024 Cô Ấy Là Địch Thủ Tương Lai Của Cậu","30"
"26571","181","025 Cửu Lăng Gặp Rắc Rối!","31"
"25457","156","Chương 1","1"
"25458","156","Chương 2","2"
"25459","156","Chương 3","3"
"25460","156","Chương 4","5"
"25461","156","Chương 5","6"
"25462","156","Chương 6","7"
"25463","156","Chương 7","8"
"25464","156","Chương 8","9"
"25466","156","Chương 10","12"
"25467","156","Chương 11","13"
"25468","156","Chương 12","14"
"25469","156","Chương 13","15"
"25470","156","Chương 14","16"
"25471","156","Chương 15","17"
"25472","156","Chương 16","18"
"25473","156","Chương 17","19"
"25474","156","Chương 18","20"
"26572","181","026 Nội Tâm Đau Khổ","32"
"26573","181","027 Kịch Bản Không Dành Cho Trẻ Em","33"
"26574","181","028 Mối Quan Hệ Ngầm Đầy Sóng Gió","34"
"26575","181","029 Lời Tự Bạch Của Người Máy Diệu Diệu","35"
"26576","181","030 Chỉ Có Cậu Mới Làm Tôi Tổn Thương","36"
"26577","181","031 Tôi Sẽ Đợi Cậu Mãi Mãi Ở Lõi Trái Đất","37"
"26595","181","Thông Báo Trì Hoãn Cập Nhật!","55"
"26596","181","049 Chương Cuối! Lời Hứa Giữa Tôi Và Cậu","56"
"26402","177","Chương 65","83"
"25988","167","Chương 1: Cửu Uyên Chi Tuyền","1"
"10473","132","Tôi là Lý Lực bị giam cầm, đã quên bầu trời đẹp thế nào.","602"
"10807","132","Thế giới rộng lớn, kỳ quái vô số","2638"
"10808","132","Có Long châu mới trong tay, tận hưởng sự rực rỡ của tộc rồng","2640"
"10809","132","Dấu vết thời gian có nhiều hình thức","2641"
"10810","132","Hiện tượng lạ có thật sự báo hiệu chuyện lớn?","2651"
"10811","132","Dễ thương mà không có đầu óc.","2652"
"10812","132","Bụng ngứa, có lẽ sắp có não rồi","2661"
"10813","132","Đêm tối xám xịt, bóng mơ sâu thẳm","2662"
"10816","132","Biển toàn nước, ngâm lâu quá cũng phí","2673"
"10817","132","Thủy hỏa bất tương dung, năng lượng sẽ được bảo toàn.","2683"
"10818","132","Tình yêu rốt cuộc trông như thế nào?","2684"
"10467","132","Trận đấu giữa anh chị em không có thắng thua.","596"
"10820","132","Một cái bẻ thành ba dùng.","2696"
"10680","132","Đại Sư Gửi Lông Mảnh Tháng Chín","1353"
"10777","132","Lì xì đâu rồi? Tôi có cái lì xì to thế kia mà?","2477"
"10479","132","Đừng mua đồ trang trí không hợp phong cách nhà.","608"
"10782","132","Ngỡ như sương giá trên mặt đất","2501"
"10481","132","Năm nay bạn đã ăn những loại bánh chưng ngon nào?","610"
"25990","167","Chương 3: La Sát","3"
"25991","167","Chương 4: Thần Vũ Chi Thể (Phần 1)","4"
"26338","177","Chương 5","6"
"10821","132","Ba nhà sư không có nước uống.","2703"
"10822","132","Người có lúc vấp ngã, rồng cũng có lúc lỡ lời.","2704"
"10825","132","Tình yêu có thể chống lại định mệnh.","2725"
"10826","132","Người có tình cuối cùng cũng thành đôi.","2726"
"10827","132","Việc gì cũng không lo, một ngày ba bát cơm.","2735"
"10828","132","Muốn ngày tháng ngọt ngào, nhà không ai nhàn rỗi.","2736"
"10831","132","Bước ra khỏi vòng tròn hiện tại, tìm kiếm chính mình ở phương xa.","2761"
"10832","132","Giấc mơ vẫn phải có, lỡ đâu thành hiện thực.","2762"
"10834","132","Nhỏ con nhưng quỷ quyệt, khó đối phó.","2779"
"10835","132","Đường đến cũng là đường đi.","2786"
"10836","132","Qua rồi mới hỏi, nhìn nhau là người cũ.","2787"
"10838","132","549399, hy vọng bạn không hiểu.","2796"
"10839","132","Muốn mua hoa quế cùng mang rượu, cuối cùng không bằng những chuyến đi tuổi trẻ.","2807"
"10840","132","Mặt trời đỏ rực như lửa thiêu.","2808"
"10841","132","Nguyên liệu cao cấp thường chỉ cần nấu đơn giản.","2816"
"10843","132","Ngoại truyện: Như Mộng Lệnh, Chương Hai","2827"
"10484","132","Giọng loli, giọng chị đại, tôi là giọng hồ ly hung dữ.","613"
"10814","132","Cho đi là một niềm vui","2663"
"10815","132","Giấc mơ đẹp hay xấu đều có lúc tỉnh","2672"
"10486","132","Đứng đầu bảng hôm nay!","615"
"10844","132","Ngoại truyện: Như Mộng Lệnh, Chương Ba","2829"
"10845","132","Đường đi muôn ngàn, an toàn là trên hết.","2837"
"10846","132","Mọi thứ vẫn tốt như cũ.","2838"
"10847","132","Ngày xưa, có một con hồ ly chín đuôi...","2847"
"10849","132","Thế giới rộng lớn, không gì là không kỳ lạ.","2849"
"10830","132","Bà có kỹ năng chăm sóc đặc biệt.","2742"
"10850","132","Rối rắm như các chòm sao thường xuất hiện, như dòng rượu uốn lượn chảy đến.","2854"
"10851","132","Đối chứng trị liệu, có mục tiêu rõ ràng.","2855"
"4602","178","Tập 59: Giá của sự giao dịch","75"
"4607","178","Tập 65: Hai người trong bóng tối","81"
"4613","178","Tập 71: Một đêm dịu dàng","87"
"4619","178","Tập 77: Tổn thương lặp lại","93"
"4631","178","Tập 89: Điều kiện trao đổi","105"
"4635","178","Tập 92: Bằng chứng","109"
"10852","132","Mặc đồ mới đi dạo thành phố mới—mọi thứ đều mới mẻ.","2867"
"6147","132","Giặt đồ nhớ đừng đổ quá nhiều nước giặt.","2222"
"10853","132","Ăn không chán tinh tế, món ăn không chán tỉ mỉ.","2868"
"10854","132","Một vùng đất nuôi dưỡng một vùng người.","2895"
"10855","132","Thức dậy phải gặp bạn cũ.","2896"
"10856","132","Biết quá khứ để hiểu tương lai, thấy rõ để biết ẩn sâu.","2905"
"10857","132","Viên, bột, cao, đan, thần tiên khó phân biệt.","2906"
"10499","132","Chỉ trôi theo gió, không có chỗ để dừng chân.","628"
"10501","132","Nhiều việc nhìn đơn giản nhưng làm rất khó.","630"
"10505","132","Ngồi mãi một phương tiện cũng muốn đổi.","634"
"26339","177","Chương 6","7"
"26340","177","Chương 7","8"
"26341","177","Chương 8","9"
"26342","177","Chương 9","10"
"26343","177","Chương 10","11"
"26344","177","Chương 11","12"
"26345","177","Chương 12","13"
"5674","132","Có những lời không thể nói, có những việc không thể làm","2289"
"8489","132","Ba trăm sáu mươi nghề, nghề nào cũng phải chuyên nghiệp","614"
"5675","132","Phỏng vấn đường phố cần sự ngẫu nhiên","2329"
"9361","132","Nấm lạ chưa từng thấy đừng ăn bừa.","1888"
"10502","132","Nếu tình yêu bền lâu, sao phải bận tâm ngày đêm?","631"
"6097","167","Chương 194: Cá Đã Cắn Mồi","227"
"4059","132","Tổ vàng tổ bạc không bằng tổ cỏ nhà mình.","1865"
"7998","132","Không ngẫu nhiên, chó tốt luôn có đôi.","1899"
"4070","132","Cắt bỏ ngàn sợi rối, tạo kiểu muôn vẻ duyên dáng.","1965"
"26346","177","Chương 13","14"
"26347","177","Chương 14","15"
"4640","178","Tập 97: Vở Kịch Bắt Đầu","114"
"4642","178","Tập 99: Hóa Ra Là Em!","116"
"4647","178","Tập 103: Anh Không Xứng Với Cô Ấy","121"
"4656","178","Tập 111: Yêu Ghét Chưa Bao Giờ Vô Cớ","130"
"4657","178","Tập 112: Mong Anh Là Sao, Em Là Trăng","131"
"5486","178","Mùa 2 Tập 47: Cứu Shilan","180"
"5489","178","Mùa 2 Tập 50: Hủy Diệt","183"
"26348","177","Ngoại truyện","16"
"26349","177","Chương 15","18"
"26350","177","Chương 16","19"
"26351","177","Chương 17","20"
"10859","132","Sương từ đêm nay trắng, trăng sáng nhất nơi quê nhà.","2909"
"10861","132","Cuộc sống, vũ trụ, mọi thứ thật huyền diệu!","2911"
"10862","132","Trái cây bên tường ngọt hơn hẳn.","2935"
"10863","132","Cứu một mạng người hơn xây bảy tầng tháp.","2936"
"10864","132","Đồ bỏ không là báu vật đặt sai chỗ.","2957"
"10867","132","Những điều đẹp đẽ đáng trân trọng đều cần giữ khoảng cách.","2970"
"10488","132","Ăn vụng đồ ăn vặt trong lớp ngon hơn hẳn.","617"
"10492","132","Bà ơi, bà ơi, nghe cháu nói.","621"
"10493","132","Mọi chuyện đều cần sự cân bằng.","622"
"10858","132","Tôi chính là tôi, là ngọn lửa khác màu.","2908"
"10868","132","Giang Thái Công câu cá, người muốn thì mắc câu.","8812"
"10869","132","Mặc đồ mới của tôi, mỗi ngày đều có bất ngờ khác.","8814"
"4559","185","Súp Lơ, Hoành Thánh, Há Cảo~","31"
"4566","185","Quà Tặng","38"
"26352","177","Chương 18","21"
"26354","177","Sự kiện thưởng","23"
"8821","132","Bọn trẻ ngày nào cũng muốn được Tết Thiếu Nhi","616"
"4649","175","107 Hạnh phúc","123"
"4726","151","65 Thử đoán xem","492"
"4727","151","66 Đơn Thành Hy xoá bài","509"
"4728","151","67 Cảm giác yên tâm","524"
"10870","132","Thời gian có thể thay đổi con người.","9659"
"10873","132","Mắt đền mắt, răng đền răng.","10780"
"10874","132","Bướm nhẹ vỗ cánh, bão cuồng trên đầu kia trái đất.","11853"
"10875","132","Thời gian trôi nhanh, ai cũng thay đổi.","11854"
"7138","132","Ba câu hỏi lớn mỗi ngày: ăn gì sáng, trưa, tối","635"
"10877","132","Mỗi người phát huy tài năng tối đa.","12807"
"10878","132","Đi đầu trong dòng chảy đại dương.","13840"
"10881","132","Ba phần trang phục, bảy phần diễn xuất.","15035"
"10882","132","Không sợ nuôi hồ ly, chỉ sợ hồ ly để ý.","17250"
"10883","132","Có thần linh, hình dạng như túi vàng, đỏ như lửa đan.","17251"
"10884","132","Người thật không lộ mặt.","18767"
"10885","132","Tuyết lành kinh ngạc ngàn dặm, mây tối mờ chín tầng trời.","18768"
"10887","132","Buồn ngủ không gốc, ngủ càng nhiều càng sâu.","19619"
"10889","132","Gặp khẩn cấp nhớ bạn cũ; lúc nguy hiểm nhờ người quen.","20878"
"26355","177","Chương 20","24"
"10890","132","Làm tổn thương người chứ không làm xấu mặt; vạch lỗi chứ không vạch nhược điểm.","20903"
"26357","177","Thông báo tạm ngưng cập nhật Trung Thu","27"
"10891","132","Người thông thái cũng có lúc sai.","22355"
"10892","132","Ngã đâu nằm đó, ăn chơi thoải mái.","22356"
"10494","132","Kỹ năng cãi nhau là lôi chuyện cũ ra.","623"
"10495","132","Thỉnh thoảng thử kết hợp mới cũng không tệ.","624"
"10871","132","Ra đòn bất ngờ, tấn công không đề phòng.","9661"
"10876","132","Cầu cho hạn hán hay lụt lội, cầu cho dịch bệnh hay tai họa.","12806"
"10886","132","Sản phẩm Mazu, chất lượng đảm bảo.","19618"
"26358","177","Chương 22","28"
"26359","177","Chương 23","29"
"26360","177","Chương 24","30"
"10893","132","Quá buồn ngủ, cuối cùng cả mơ cũng ngủ.","22359"
"26361","177","Chương 25","31"
"26362","177","Chương 26","32"
"26363","177","Chương 27","33"
"7785","148","Chương 218: Có Phải Không Chơi Nổi?","2451"
"10586","132","Dưa ép không ngọt, tóc mọc cứng khó vuốt","715"
"10894","132","Thợ điêu khắc băng không muốn xây thì không thể làm thợ tóc giỏi.","23828"
"10898","132","Cúng Thần Bếp dịp tiểu năm, kẹo dưa cũng phải dâng lên.","24679"
"26364","177","Chương 28","34"
"8497","132","Người có lúc sai, ngựa có lúc ngã","697"
"10900","132","Bữa cơm tất niên tất nhiên phải trổ hết tài nấu nướng.","25786"
"10901","132","Ngủ đi ngủ đi, bé yêu của tôi.","26353"
"10902","132","Livestream không chỉ có chuyện mà còn có sự cố.","26357"
"10903","132","Âm nhạc là ngôn ngữ chung của thế giới.","27250"
"10904","132","Chỉ một cú nhấp để kiểm tra trạng thái tinh thần người đi làm.","27256"
"10906","132","Gặp nhau không biết quý, chia tay mới biết buồn.","27930"
"10907","132","Đọc rộng về cổ kim, vật quý lưu truyền đời đời.","28921"
"10909","132","Thủ khoa gặp binh lính, lý lẽ không thể nói rõ.","29456"
"10589","132","Tôi đang nhìn xa, vượt lên trên mặt trăng","718"
"26365","177","Chương 29","35"
"7766","180","Chương 266: Gặp gỡ (Phần 1)","1980"
"8500","132","Nguyệt Lão tìm đối tượng cho sư tử đá","724"
"5184","132","Sợ nhất là dọn nhà xong mới phát hiện mất đồ","729"
"9801","132","Ai mà cưỡng lại được mèo con chứ?","743"
"7711","132","Kẻ thù truyền kiếp","531"
"26366","177","Chương 30","36"
"26367","177","Chương 31","37"
"26368","177","Chương 32","38"
"7767","184","Chương 28: Sao Mới Về?","1993"
"7737","187","Chương 57: Sắp Lộ Mặt Nạ Rồi!","998"
"5594","136","Phần Một Chương 50 Phần 1","906"
"7740","136","Phần Một Chương 56 Phần 1","1047"
"7818","140","Lục Thái Bảo Vong","3012"
"7782","137","Dự Báo: Chẳng lẽ là tiết lộ nội dung?","2396"
"7784","137","Phần 2 Chương 6 Tập 9: Lễ Hội","2425"
"10911","132","Kỹ thuật tranh dầu được luyện thành như thế.","30517"
"10912","132","Lý tưởng và thực tế luôn có khoảng cách.","30519"
"10913","132","Điểm khởi đầu của tâm hồn và sự giác ngộ mới.","31762"
"10914","132","Kiếp trước là kẻ thù, kiếp này làm anh em.","31763"
"10905","132","Nổi giận rồi lại nổi giận thêm lần nữa.","27929"
"10908","132","Lão làng gặp “lão làng”, nước mắt ngấn tràn.","28924"
"10915","132","Tại sao sao quân truy đuổi Tháng Chín không buông?","32610"
"8507","132","Quan sát cũng là phần quan trọng trong học tập","780"
"10642","132","Tự Mình Xin Lỗi, Dù Bị Đánh Cũng Phải Nói Hết","1033"
"10916","132","Mũi là mũi, mắt là mắt.","32614"
"10917","132","Mơ xanh như đậu, liễu như lông mày, bướm bay suốt ngày dài.","33455"
"10920","132","Trời sinh ta có tài, không đến lúc thì đừng dùng.","34384"
"10921","132","Người là sắt, cơm là thép, bỏ bữa đói lả người.","34970"
"10924","132","Ước vọng vĩ đại sinh ra thiên tài vĩ đại.","35934"
"10928","132","Anh cả đừng nhắc đến anh hai, hai anh em cũng gần như nhau.","36984"
"10929","132","Làm lớn làm mạnh, tạo nên huy hoàng mới.","38375"
"5190","132","Ngọc thực đều vào miệng, chiếc bánh này thật độc đáo.","781"
"10930","132","Không có oan gia thì không tụ họp.","38376"
"10931","132","Chứa cả trời đất và bốn biển, thu hết báu vật.","39636"
"10933","132","Một nơi thi, tám phương viện trợ.","41702"
"10934","132","Có người ở đó, thuyền gặp gió thuận.","41703"
"10897","132","Thế giới kỳ quái, có người thì dễ thương.","24678"
"10936","132","Một nhà không nói hai lời.","42865"
"10938","132","Không được nghỉ ngơi nửa ngày.","42869"
"10939","132","Muỗi bay rì rầm, tiếng tối như sấm.","43290"
"10940","132","Tài năng bắt đầu từ thuở nhỏ.","44187"
"10941","132","Ai cũng có lòng yêu cái đẹp.","45363"
"10942","132","Nắng cháy giữa trưa, lửa rực rỡ.","45374"
"10943","132","Chiếc thuyền chơi trên nước dài, trôi nổi bình thản.","47854"
"9410","148","Chương 244: Ánh sáng duy nhất","2910"
"10919","132","Hổ hay chuột, ngớ ngẩn không phân biệt được.","34382"
"10922","132","Ai có ước mơ đều tuyệt vời.","34971"
"10923","132","Có dũng khí thì sẽ có kỳ tích.","35933"
"10945","132","Gỗ giấu trong rừng, sao có thể không thấy?","47860"
"10946","132","Chỉ thợ giỏi mới nhận ra ngọc và đá giống nhau.","49534"
"10947","132","Trời đất khai mở, Nữ Oa nặn người từ đất vàng.","49535"
"10949","132","Có kim cương mới làm được nghề gốm.","52080"
"10950","132","Dũng khí đến đâu, hy vọng đến đó.","52081"
"10951","132","Cây gậy quét một vùng, cây giáo chọc một đường.","52082"
"10952","132","Đi rồi biệt ly dài, ngàn năm vẫn mong.","52890"
"10954","132","Phần phụ: Hành Lộ Nan Chương Hai","53008"
"10955","132","Phần phụ: Hành Lộ Nan Chương Ba","53843"
"10956","132","Tính cả nợ mới lẫn nợ cũ.","54859"
"10957","132","Ngoài núi còn núi, ngoài chó còn chó.","54860"
"10958","132","Mỗi lần cắt tóc là một canh bạc.","56026"
"24519","139","Chương 1: Cùng Nhau","1"
"10960","132","Lông hulu hulu, không sợ.","56552"
"10961","132","Thể chất khỏe mạnh, rèn luyện tinh thần.","56554"
"8526","132","Tặng quà quan trọng nhất là tấm lòng","1016"
"10962","132","Trông giống, khoảng ba phần mười.","57432"
"10964","132","Liên minh mạnh mẽ, phong cách riêng.","59289"
"7808","132","Sương lạnh gió nhẹ ánh trăng mờ; đêm nay chim ác là nam không bay.","2848"
"26369","177","Chương 33","39"
"10965","132","Công việc làm người khác lạ hẳn.","59292"
"10966","132","Dạy cách câu còn hơn cho cá.","60108"
"10967","132","Sân nhiều lá rụng, biết thu đến rồi.","60109"
"10968","132","Luôn có nhiều cách hơn khó khăn.","61145"
"26370","177","Chương 34","41"
"25354","145","19 Rồng Khổng Lồ Băng Tuyết 1 Phần 1","36"
"10969","132","Tòa nhà cao trăm thước bắt đầu từ nền móng.","61146"
"10970","132","Rời nhà khi nhỏ, trở về khi già.","61610"
"10953","132","Phần phụ: Hành Lộ Nan Chương Một","53001"
"10948","132","Trời裂","52078"
"26371","177","Chương 35","42"
"10972","132","Quà nhẹ nghĩa nặng, vui vẻ nhận.","62960"
"10974","132","Trẻ mới sinh dữ hơn hổ.","64559"
"10975","132","Tôi là ai? Tôi từ đâu đến và sẽ đi đâu?","64560"
"10976","132","Tiên khỉ trời sinh đạo lực thịnh, rời núi lái bè theo gió trời.","65775"
"10977","132","Sự tu dưỡng của diễn viên.","65776"
"10978","132","Người có tên, cây có bóng.","67297"
"26372","177","Chương 36","43"
"7753","132","Sao chớp mắt đã đến lúc đi học lại rồi nhỉ?","1287"
"10979","132","Chỉ cần muốn làm, không thiếu việc.","67298"
"10981","132","Núi xanh không đổi, nước trong chảy mãi.","71207"
"7166","132","Thiết kế sản phẩm giống nhau, trải nghiệm người dùng khác nhau.","1302"
"10983","132","Trí thông minh chiếm lĩnh cao điểm.","71662"
"10984","132","Mây ơi mây ơi, biến hóa có thần linh.","73067"
"10985","132","Nhiệt huyết của tôi như ngọn lửa.","73068"
"7758","132","Không nghe lời người già, thiệt thòi ngay trước mắt.","1394"
"10986","132","Chải tóc thành hình sư tử.","74020"
"10987","132","Khuôn mặt cười, ba phần mười tài lộc.","74022"
"7772","132","Mỗi ngày làm một việc tốt, bắt đầu từ bước chân.","2223"
"9872","132","Đôi mắt là cửa sổ tâm hồn.","2226"
"10988","132","Hồ ly cầm chỉ, bạn mặc áo.","75725"
"10989","132","Yêu nghề nào, làm nghề đó.","76547"
"10991","132","Chai nửa đầy, nửa vơi lắc lư.","78845"
"10992","132","Đừng đoán ý con gái.","78846"
"10993","132","Đem lễ đến, nhận lễ về.","79919"
"26373","177","Chương 37","45"
"26374","177","Chương 38","46"
"10998","132","Lách tách, lách tách, tóc sắp xù.","82486"
"10999","132","Kiến thức là sức mạnh.","82487"
"11001","132","Nghe lời Táo Quân, đừng để ông ấy bị thương.","83107"
"11002","132","Gieo gì gặt nấy.","83108"
"11003","132","Rắn mang ngàn cảnh, năm đổi vạn mới.","84981"
"11005","132","Cõi thật này thuộc về thần tiên.","85472"
"11009","132","Trái tim sư tử dữ, ngửi hoa hồng nhẹ nhàng.","88076"
"11010","132","Kéo búa bao, vật này thắng vật kia.","88078"
"11000","132","Giàu hay nghèo, cạo đầu đón năm mới.","83106"
"11011","132","Dạy bằng hành động hơn lời nói.","89265"
"11012","132","Làm việc tốt, đừng hỏi tương lai.","89266"
"11014","132","Lấy ý tưởng mới mọi lúc mọi nơi.","90167"
"10788","132","Lật sách không nhanh bằng đổi mặt","2528"
"11015","132","Đòi giá cao khắp nơi, trả tiền ngay chỗ.","91009"
"11016","132","Anh em tốt, suốt đời!","91010"
"11018","132","Cây sợ bị lột vỏ, người sợ bị lộ khuyết điểm.","91699"
"11020","132","Hương vị của nhà, tôi biết mà!","92752"
"11021","132","Ngày hôm nay, trời trong xanh, gió mát dịu dàng.","93741"
"11022","132","Nhớ bạn cũ, thương gia đình, thương gia đình, nhớ bạn cũ.","93744"
"11023","132","Nơi ân nhân gặp nhau, ánh mắt sáng gấp đôi.","95767"
"11024","132","Ơn nước nhỏ phải trả bằng suối nguồn.","95771"
"11025","132","Trong mơ, không biết mình là khách.","96480"
"11026","132","Mài dao không làm chậm việc chặt củi.","96481"
"9389","132","Ánh trăng trước giường.","2498"
"11028","132","Kiên trì không bỏ cuộc, kim loại đá cũng có thể khắc.","97232"
"11029","132","Chiếc thuyền nhẹ đã vượt qua muôn trùng núi.","98996"
"11030","132","Chúng ta lâu rồi không gặp, bạn ở đâu thế?","98998"
"11031","132","Lâu trong lồng sắt, cuối cùng trở về với thiên nhiên.","99846"
"11032","132","Nặn mặt dễ như trở bàn tay.","99847"
"11033","132","Lấp lánh, lấp lánh, sáng tinh anh.","100559"
"11035","132","Ban ngày nghĩ gì, ban đêm mơ thấy vậy.","101419"
"11036","132","Ẩn sĩ nhỏ ẩn trong đồi rậm, ẩn sĩ lớn ẩn trong triều đình.","101420"
"11037","132","Một phút trên sân khấu, dưới sân khấu không nhẹ nhàng.","102058"
"11038","132","Tuổi thơ mơ hồ, lơ mơ.","102060"
"11040","132","Làm ơn đừng vo ve khắp nơi.","102913"
"11041","132","Vòng vàng, vòng bạc, không bằng vòng cũ của mình.","103447"
"11004","132","Năm mới, kế hoạch mới.","84982"
"11017","132","Nhỏ như chim sẻ, nhưng đầy đủ các bộ phận.","91698"
"11042","132","Hạt nghi ngờ bén rễ nảy mầm trong lòng.","103448"
"11044","132","Bệnh nhân đau lưng, bác sĩ đau đầu.","104288"
"11046","132","Sức mạnh được tạo bởi áp lực, dũng khí được tạo bởi sợ hãi.","105195"
"11048","132","Lớp thể dục trường trung học Non-Human.","105874"
"11049","132","Kiến thức của bạn và tôi dường như khác nhau.","107637"
"11050","132","Nghiện học, không thể dứt ra.","107638"
"26375","177","Chương 39","47"
"11051","132","Tiều tụy vì tâm trí rối loạn, lo lắng luôn làm tổn thương tinh thần nhất.","108608"
"9334","132","Vuốt ve thú nhỏ, tâm trạng vui cả ngày.","1455"
"11052","132","Nỗi buồn dâng lên, nước mắt nghẹn ngào.","108609"
"11053","132","Lòng muốn nhưng sức không đủ.","110223"
"11055","132","Ngàn lần phòng ngừa, chân trượt khó tránh.","110697"
"11056","132","Thế sự vô thường, số phận trêu người.","110732"
"11057","132","Sách đến lúc dùng mới thấy thiếu.","110733"
"11058","132","Lũ lớn cuốn trôi đền Long Vương.","112656"
"11059","132","Chó làm gì có ý xấu chứ.","112657"
"11060","132","Chỉ có loài chó hiểu loài chó nhất.","113190"
"11061","132","Ngày xưa gầm thét quậy biển.","113191"
"11062","132","Mọi thứ đều là duyên.","113509"
"11063","132","Rượu không say, người say.","114792"
"11064","132","Kem que chất lượng, làm bằng tâm huyết.","114793"
"11065","132","Bạn là cây kem ngọt ngào thơm phức.","115870"
"9341","148","Chương 183: Chờ một vì sao","1595"
"11066","132","Không nghĩ về quá khứ, không mơ về tương lai.","115872"
"11074","132","Núi sông chồng chất nghi ngờ không lối, nửa ngày vẫn ở nguyên chỗ cũ.","120087"
"11075","132","Trăng sáng mọc trên biển, lúc này ta cùng chung trời.","121335"
"11076","132","Ba ngày mới, ba ngày cũ, ngày tàn tạ lại thêm một ngày.","121336"
"11077","132","Trí nhớ tốt không bằng cây bút tồi.","122576"
"11079","132","Không có quy tắc, không thành hình vuông tròn.","123177"
"11080","132","Hiểu lao động và nghỉ ngơi, mới có kế hoạch lâu dài.","123182"
"11081","132","Trộm nửa ngày nhàn rỗi trong cuộc sống bận rộn.","123666"
"11082","132","Dưa ép cũng ngọt.","123675"
"8552","132","Tình bạn học trò.","1540"
"9403","132","Mọi thứ đều thay đổi, nhưng cũng chẳng thay đổi.","2795"
"11083","132","Thế gian không khó, chỉ sợ người có tâm.","124398"
"11085","132","Mệt mỏi mùa xuân, uể oải mùa thu, ngủ gật mùa hè, không tỉnh dậy mùa đông ba tháng.","125187"
"11086","132","Bạn hỏi nỗi buồn bao nhiêu, như gà gáy sáng trên giường.","125188"
"11087","132","Chú Ta lớn, chú Ta hai, đều là chú Ta.","125789"
"11088","132","Tìm kiếm, tìm kiếm, tìm kiếm bạn bè, tìm được một người bạn tốt.","125790"
"11078","132","Bạn tâm đầu ý hợp không chán, người tri kỷ đến nói chuyện hợp ý.","122580"
"10514","132","Cùng nhau hát vang trọn vẹn","643"
"10516","132","Bạn bè rất quan tâm đến chuyện tình cảm của mọi người","645"
"10517","132","Mua một tặng một, cần một cái bụng to hơn","646"
"10519","132","Những con khỉ ở Hoa Quả Sơn đều là khỉ đẹp trai","648"
"10549","132","Gửi lông ngỗng ngàn dặm, quà nhẹ mà tình nặng","678"
"10526","132","Đã đến rồi thì xem đến phút cuối đi","655"
"10574","132","Đồ ăn thay thế có ngon đến đâu cũng chỉ là đồ ăn thay thế.","703"
"10578","132","招财童子至，利市仙官来","707"
"10579","132","Mời thần dễ, tiễn thần khó","708"
"10591","132","Nghe nhạc nào đó mắt hiện lên hình ảnh","720"
"10588","132","Ba nghìn phiền não, một lần cắt giải ngàn sầu","717"
"10605","132","Biển xanh, mặt trời đỏ, tôi đen","734"
"10694","132","Đôi Khi Học Không Vào, Đôi Khi Học Không Kịp","1474"
"10704","132","Kẻ Nghiện Việc Cũng Có Lúc Trốn Việc","1579"
"10722","132","Giấc mộng lớn ai tỉnh trước, đời này ta tự biết","1836"
"10741","132","Dám thử cái mới cần có can đảm.","2221"
"10762","132","Người tính không bằng trời tính.","2331"
"10829","132","Mừng Tết Đoan Ngọ. Tinh tế quấn chỉ năm màu dài trên tay.","2737"
"10896","132","Phong cách vẽ khác nhau không cần phải ép hợp.","24677"
"10910","132","Người không tên khó gọi, đất không tên khó gửi cơm.","29460"
"26376","177","Chương 40","49"
"26377","177","Chương 41","50"
"26378","177","Chương 42","53"
"10899","132","Kế hoạch không theo kịp biến đổi.","24682"
"26379","177","Chương 43","54"
"26380","177","Chương 44","55"
"26381","177","Chương 45","56"
"26383","177","Chương 47","58"
"26384","177","Chương 48","59"
"26385","177","Chương 49","60"
"26386","177","Chương 50","63"
"26387","177","Chương 52","65"
"26388","177","Chương 53","66"
"26389","177","Chương 54","67"
"26391","177","Chương 55","69"
"26393","177","Chương 57","71"
"26394","177","Chương 58","72"
"26395","177","Chương 59","73"
"25361","145","22 Trứng Rồng Lửa Phần 2","43"
"25363","145","23 Thử Thách Phong Môn Phần 2","45"
"25364","145","24 Dực Xạ Cửu Nhật Phần 1","46"
"26396","177","Chương 60","74"
"26397","177","Chương 61","75"
"26398","177","Chương 62","76"
"10925","132","Một cái ghế, một chiếc cần, một con cá — câu cả ngày.","36710"
"10926","132","Anh em đi cùng nhau suốt đời.","36711"
"10932","132","Đến không dấu, đi không vết, như lấy nước bằng rổ tre.","39637"
"3854","185","Suy Tưởng và Sự Thật","21"
"4553","185","Ai Đang Làm Loạn Vô Lý?","25"
"4554","185","Thỏ Trắng Đến Rồi!","26"
"4557","185","Album Ảnh","29"
"4561","185","Phần Nhỏ Của Tảng Băng Trong Khủng Hoảng Tình Yêu (Phần 2)","33"
"4563","185","Ai Là Người Động Tay Trước (Phần 2)","35"
"4564","185","Đổi Nam Chính?","36"
"26399","177","Giấy xin nghỉ","80"
"26400","177","Chương 63","81"
"4571","185","Chuyến Đi Tự Lái (Phần 2)","43"
"4575","185","Ngoại Truyện — Một Ngày Nào Đó","47"
"4576","185","Đêm Không Ngủ (Phần 2)","48"
"4578","185","Triển Lãm (Phần 1)","50"
"26401","177","Chương 64","82"
"26403","177","Chương 66","84"
"26404","177","Chương 67","85"
"26410","177","Chương 73","91"
"26411","177","Chương 74","92"
"26412","177","Chương 75","93"
"26413","177","Chương 76","94"
"26414","177","Chương 77","95"
"26416","177","Chương 79","97"
"26417","177","Chương 80","98"
"26418","177","Chương 81","99"
"26420","177","Chương 83","101"
"26421","177","Chương 84","102"
"26422","177","Chương 85","103"
"26423","177","Chương 86","104"
"26424","177","Chương 87","105"
"26425","177","Chương 89","107"
"25376","145","30 Học Viện Âm Dương Phần 1","58"
"25377","145","30 Học Viện Âm Dương Phần 2","59"
"25378","145","31 Kẻ Quái Dị Tóc Đỏ Phần 1","60"
"25379","145","31 Kẻ Quái Dị Tóc Đỏ Phần 2","61"
"25380","145","32 Kim Miện Thượng Phẩm Phần 1","62"
"26427","177","Chương 91","109"
"10944","132","Cơ hội dành cho người có chuẩn bị.","47858"
"26405","177","Chương 68","86"
"10959","132","Thói quen thành bản chất.","56029"
"26428","177","Chương 92","110"
"26429","177","Chương 93","111"
"26430","177","Chương 94","112"
"26431","177","Chương 95","113"
"26432","177","Chương 96","114"
"26433","177","Chương 97","115"
"26434","177","Chương 98","116"
"26435","177","Chương 99","117"
"26436","177","Chương 101","119"
"26437","177","Chương 102","120"
"26438","177","Chương 103","121"
"26439","177","Chương 104","122"
"26440","177","Chương 105","124"
"26441","177","Chương 106","125"
"26442","177","Chương 107","126"
"26444","177","Chương 109","128"
"26445","177","Chương 110","129"
"26446","177","Chương 111","130"
"26447","177","Chương 112","131"
"26448","177","Chương 113","132"
"26449","177","Chương 114","133"
"26450","177","Chương 115","134"
"26451","177","Tác phẩm mới đã lên sóng! Xin hãy theo dõi","135"
"26452","177","Hoạt hình Anh Hùng Tái Lâm đang phát sóng sôi động","136"
"24954","147","Chương 33: Xác Ướp Phòng Bí Mật (Phần 1)","47"
"25391","145","37 Thiên Thượng Nhân Gian Phần 1","73"
"25417","145","Đơn Xin Nghỉ","725"
"24776","149","Không phải dành cho tôi","10"
"24779","149","Không phải bạn bè","13"
"24783","149","Sẽ không rung động nữa","17"
"24784","149","Không phải ý đó","18"
"27949","138","Chương 108","183"
"10980","132","Trưa không ngủ, chiều sụp đổ.","71206"
"10982","132","Lặng lẽ tôi đi, cũng lặng lẽ tôi đến.","71660"
"10990","132","Gió gấp mưa tới, hồ ly trí sinh.","76548"
"10994","132","Lập kế hoạch, cứ để vậy.","79920"
"26647","186","Nửa Con Heo - Phần 1","4"
"10995","132","Tiền đến, tiền đến, tiền từ bốn phương tám hướng.","80949"
"26648","186","Nửa Con Heo - Phần 2","5"
"10996","132","Nấc không phải bệnh, nhưng nấc lên thì chết.","80952"
"11006","132","Ở đây có ý thật, muốn nói lại quên lời.","85476"
"11007","132","Đến đều là khách.","87271"
"26649","186","Đường Đêm - 1","6"
"26650","186","Đường Đêm - 2","7"
"26651","186","Đường Đêm - 3","8"
"26652","186","Phòng Quan Tài - Phần 1","9"
"26653","186","Phòng Quan Tài - Phần 2","11"
"26654","186","Trò Khỉ - 1","12"
"26655","186","Trò Khỉ - 2","13"
"26656","186","Trò Khỉ 3","14"
"26657","186","Họa Quái - 1","15"
"26658","186","Họa Quái - 2","16"
"26659","186","Họa Quái - 3","17"
"26660","186","Họa Quái - 4","18"
"26661","186","Hoa - 1","19"
"26663","186","Hoa - 3","21"
"26664","186","Sữa Lắc - Phần 1","26"
"26665","186","Sữa Lắc - Phần 2","27"
"26666","186","Sữa Lắc - Phần 3","24"
"26667","186","Trăm Tay - 1","25"
"26668","186","Trăm Tay - 2","28"
"25419","145","50 Thông Báo Buổi Khiêu Vũ Giao Lưu Phần 2","743"
"25420","145","51 Buổi Khiêu Vũ Giao Lưu Phần 1","760"
"25421","145","51 Buổi Khiêu Vũ Giao Lưu Phần 2","770"
"25422","145","52 Đêm Nay, Tôi Là Bạn Gái Của Bạn Phần 2","817"
"25423","145","55 Ma Vương Hắc Hỏa Phần 2","882"
"25424","145","56 Vân Thiên Cơ Phần 1","892"
"25425","145","56 Vân Thiên Cơ Phần 2","903"
"11013","132","Dùng thiện dạy người, như tặng cành ô liu.","90166"
"11019","132","Ba phần nhan sắc, bảy phần trang điểm.","92749"
"11034","132","Đôi mắt to của bạn, sáng và lấp lánh.","100565"
"26669","186","Hộp Bí Ẩn","29"
"26670","186","Hàng Xóm - Phần 1","30"
"26671","186","Hàng Xóm - Phần 2","31"
"26674","186","Rùa - Phần 1","34"
"26676","186","Rùa - Phần 3","36"
"26677","186","Xe Buýt Nửa Đêm - Phần 1","37"
"26678","186","Xe Buýt Nửa Đêm - Phần 2","38"
"26679","186","Tóc Giả - Phần 1","39"
"26680","186","Tóc Giả - Phần 2","40"
"26681","186","Mạch Điện - Phần 1","41"
"26682","186","Mạch Điện - Phần 2","42"
"26683","186","Trốn Tìm - Phần 1","43"
"26684","186","Trốn Tìm - Phần 2","44"
"26685","186","Trốn Tìm - Phần 3","45"
"26686","186","Mèo - 1","46"
"26687","186","Mèo - 2","47"
"26688","186","Mèo - 3","48"
"26689","186","Mèo - 4","51"
"26690","186","Mèo - 5","52"
"26691","186","Gương Cửa - 1","53"
"26692","186","Gương Cửa - 2","54"
"26693","186","Gương Cửa - 3","55"
"26694","186","Chị Gái Trong Gương - 1","56"
"26695","186","Chị Gái Trong Gương - 2","57"
"25437","145","69 Tam Đại Tối Thượng Phần 1","1696"
"25491","154","Lời mở đầu","1"
"25493","154","Chương 2: Hóa ra là nữ thần!","4"
"25494","154","Chương 3: Quá khứ như khói","5"
"24455","189","Chương 38: Linh Sử Giáo có âm mưu gì?","39"
"25439","145","71 Thuật Biến Hóa Xà Teng Phần 2","1774"
"25440","145","72 Đột Phá! Cảnh Giới Tứ Quán Phần 1","1785"
"25441","145","Đơn Xin Nghỉ","1829"
"25442","145","73 Bạo Quân vs Lôi Đế Phần 1","1854"
"25443","145","74 Bạn Có Biết Nữ Hoàng Hỏa Diễm? Phần 1","1908"
"11039","132","Thầy ơi, đây vẫn là con tôi sao?","102912"
"11045","132","Ai biết trong gương sáng, bóng hình thương lấy mình.","105194"
"11047","132","Tuổi trẻ có sự bồng bột riêng.","105873"
"11054","132","Thuyền đến đầu cầu tự nhiên sẽ thẳng.","110225"
"11067","132","Công việc không dễ, Mạnh Bà thở dài.","116737"
"26696","186","Chị Gái Trong Gương - 3","58"
"26728","191","Dự báo","1"
"26729","191","001 Du hành vào trò chơi do chính mình lên kế hoạch","2"
"26730","191","002 Thần Hoang, đồ ăn đã tới","3"
"26731","191","003 Khi nào thì thành vợ anh thế?","4"
"26732","191","004 Bí mật! Đại Vu Chúc lộ diện","5"
"24480","189","Chương 62: Văn Võ Khúc Báo","65"
"24481","189","Chương 63: Vào cung","66"
"24482","189","Chương 64: Khu vườn sau khi 'bị cướp'","67"
"24483","189","Chương 65: Hoàng Hậu nổi giận","68"
"24485","189","Chương 67: Truy tố","70"
"24554","142","Sinh mệnh của cậu nằm trong tay tôi.","8"
"24555","142","Tối nay ngủ cùng nhau đi, Tín và Bạch.","9"
"24556","142","Cùng tắm mới tiết kiệm nước được.","10"
"24557","142","Sao cậu lại cầm quần lót của tôi?","11"
"24558","142","Có gan thì đừng sợ, đối mặt đi.","12"
"24559","142","Cổ La La tiểu hồ tiên biến thân!","13"
"24560","142","Một người bạn Lý Bạch của tôi.","14"
"24561","142","Bị người yêu cũ đâm sau lưng là cảm giác thế nào?","15"
"24562","142","Mang cho tôi một chai dầu gió để hạ hỏa.","16"
"24563","142","Đó là lý do cậu cưỡi lên tôi sao?","17"
"24564","142","Kỹ năng lái xe của cậu tệ quá.","18"
"25482","156","Chương 26","28"
"25483","156","Chương 27","30"
"25484","156","Chương 28","31"
"25485","156","Chương 29","32"
"25486","156","Chương 30","33"
"25487","156","Chương 31","34"
"25488","156","Chương 31","35"
"11084","132","Thầy giỏi ra trò giỏi.","124399"
"11068","132","Cho tôi một ly nước quên sầu.","116738"
"11069","132","Quên hết ưu phiền, vui vẻ thong dong.","117210"
"11070","132","Thiên cơ không thể tiết lộ.","117211"
"11071","132","Nói lời tạm biệt với mọi phiền muộn.","118981"
"11072","132","Chuyên gia ra tay, biết ngay có hay không.","118983"
"11073","132","Cây nào nở hoa nào, hạt nào kết quả nào.","120085"
"25992","167","Thông Báo Trì Hoãn Cập Nhật","5"
"25993","167","Chương 5: Thần Vũ Chi Thể (Phần 2)","6"
"25994","167","Chương 6: Di Chứng","7"
"25995","167","Chương 7: Khó Khăn Khi Quyết Định Ở Lại Hay Rời Đi","8"
"25996","167","Chương 8: Lão Già Tuần Thủ Ty","9"
"25997","167","Chương 9: Vùng Đất Bí Ẩn","10"
"25998","167","Chương 10: Bạch Bì? Gấu Trúc?","14"
"25999","167","Chương 11: Thử Thách Đào Măng","16"
"26000","167","Chương 12: Sức Mạnh Hỗn Nguyên","18"
"25215","153","Chương 25","29"
"26002","167","Chương 14: Điểm Yếu Của Bạch Bì","20"
"26003","167","Chương 15: Tần Hy Lên Sân Khấu!","21"
"7714","132","Hồ ly sợ nổi tiếng, lợn sợ béo.","620"
"7717","132","Trời lạnh gió lớn, bay cát đá làm mặt đau","666"
"26004","167","Thông Báo Trì Hoãn Cập Nhật","22"
"26005","167","Chương 16: Lựa Chọn Của Tần Hy","23"
"26006","167","Chương 17: Bắt Đầu Phản Công!","24"
"26008","167","Chương 19: Bạch Bì Tự Bảo Vệ","27"
"26009","167","Chương 20: Mạo Hiểm Thử Một Lần","29"
"26010","167","Chương 21: Như Hoa Của Giới Gấu Trúc","30"
"25499","154","Chương 8: Vương Quốc Medici","10"
"25500","154","Chương 9: Sự thật về số 1","11"
"25501","154","Chương 10: Ứng viên Vua Anh Hùng","12"
"25502","154","Chương 11: Bắt đầu hành trình","16"
"25503","154","Chương 12: Kẻ mạnh như mây","18"
"26011","167","Chương 22: Y Quan Trúc Như","31"
"26012","167","Lời Chúc Năm Mới","33"
"26013","167","Chương 23: Ân Nhân Cứu Mạng","34"
"26014","167","Chương 24: Phương Tiềm Xuất Hiện","35"
"26015","167","Chương 25: Người Được Chọn","37"
"26016","167","Chương 26: Năng Lực Đặc Biệt","38"
"26017","167","Chương 27: Nhiệm Vụ Mới","39"
"25534","154","Chương 39: Xuất hiện! Coppola","53"
"26018","167","Chương 28: Tự Nghi Ngờ","40"
"26019","167","Chương 29: Người Thiên Tài","41"
"26020","167","Chương 30: Sức Mạnh Chưa Từng Gặp","42"
"26021","167","Chương 31: Phi Tướng Lữ Bố","43"
"26022","167","Chương 32: Tu Hành, Quyết Tâm","44"
"27107","180","Chương 02. Tôi không phải là một quả trứng... Cuộn (Phần 2)","7"
"26023","167","Chương 33: Trưởng Lão Thiên Diễn Tư (Phần 1)","45"
"27108","180","Chương 03. Gặp gỡ","8"
"26024","167","Chương 34: Trưởng Lão Thiên Diễn Tư (Phần 2)","46"
"26025","167","Chương 35: Bản Năng Thú Tính","47"
"26026","167","Chương 36: Sư Huynh Trở Về","48"
"26027","167","Chương 37: Tu Thành Chính Quả","49"
"26028","167","Chương 38: Thông Tin Quan Trọng","50"
"26029","167","Chương 39: Thu Hoạch Bất Ngờ","51"
"26030","167","Chương 40: Mỗi Người Tập Luyện","52"
"26031","167","Chương 41: Tần Hy vs Dương Chiếu","53"
"27109","180","Chương 04. Sôi lên đi, vũ trụ nhỏ","10"
"26032","167","Chương 42: Thái Cực Quyền","54"
"27110","180","Chương 05. Sinh tồn trong tuyệt địa","11"
"26033","167","Chương 43: Chiến Thắng Ngoài Dự Kiến","56"
"26034","167","Chương 44: Cơn Giận Của Tô Mộc","57"
"26035","167","Chương 45: Tiểu Đệ Tử","58"
"1317","11","Dự Báo - Sát Thủ Đẹp Trai Ép Tôi Thành Đỉnh Lưu Giang Hồ","107708"
"1319","11","Tiết Lộ Nhân Vật!","110866"
"25519","154","Chương 28: Long quang tái xuất","37"
"26036","167","Chương 46: La Lệ Nổi Giận","59"
"26037","167","Chương 47: Đòn Chí Mạng","60"
"26038","167","Thông Báo","63"
"26039","167","Thần Vũ Chi Linh Chương 48: Phương Tiềm vs La Lệ","64"
"26040","167","Thần Vũ Chi Linh Chương 49: Sự Thức Tỉnh Của Phương Tiềm","65"
"26041","167","Thần Vũ Chi Linh Chương 50: Khởi Linh Cốc","66"
"26042","167","Thần Vũ Chi Linh Chương 51: Thái A Kiếm","68"
"26043","167","Thần Vũ Chi Linh Chương 52: Người Bí Ẩn","72"
"26044","167","Quà Tặng: Poster Tần Hy Không Chữ","73"
"26045","167","Thần Vũ Chi Linh Chương 53: Lo Lắng Của Phương Tiềm","74"
"26046","167","Thần Vũ Chi Linh Chương 54: Chuông","75"
"26047","167","Quà Tặng Lần 2: Hình Poster","77"
"27111","180","Chương 06. Dấu mực biến mất","12"
"26048","167","Thần Vũ Chi Linh Chương 55: Ký Ức Của Mỗi Người","78"
"26049","167","Thần Vũ Chi Linh Chương 56: Giao Điểm Định Mệnh","79"
"26050","167","Những Lời Lảm Nhảm Và Phác Thảo","80"
"26051","167","Thần Vũ Chi Linh Chương 57: Lời Hứa","81"
"26052","167","Thần Vũ Chi Linh Chương 58: Thức Tỉnh","82"
"27112","180","Chương 07. Tạm biệt, cũng là tạm biệt","14"
"26053","167","Thần Vũ Chi Linh Chương 59: Luyện Pháp Khí","83"
"26054","167","Tác Giả Tích Cực Đăng Phác Thảo","84"
"26055","167","Thần Vũ Chi Linh Chương 60: Sư Huynh Kỳ Lạ","85"
"26057","167","Thần Vũ Chi Linh Chương 62: Sư Phụ Cứu Mạng!","87"
"26058","167","Thần Vũ Chi Linh Chương 63: Các Ty Hội Tụ","88"
"26059","167","Thần Vũ Chi Linh Chương 64: Tôi Cũng Không Còn Cách Nào","89"
"26060","167","Thần Vũ Chi Linh Chương 65: Đừng Ngại (Sửa Đổi)","90"
"26061","167","Thần Vũ Chi Linh Chương 66: Sẽ Gặp Em (Sửa Đổi)","91"
"26062","167","Thần Vũ Chi Linh Chương 67: Tô Mạc Ta Đến Rồi","92"
"26063","167","Thần Vũ Chi Linh Chương 68: Dùng Thổ Khắc Thủy","93"
"25563","154","Ngoại truyện: Một Isar khác","83"
"26406","177","Chương 69","87"
"26064","167","Thần Vũ Chi Linh Chương 69: Thăm Dò","94"
"26065","167","Thông Báo Cập Nhật Ba Ngày","95"
"27113","180","Chương 08. Lưỡi dao đến (Phần 1)","15"
"26066","167","Thần Vũ Chi Linh Chương 70: Ngài Là Ai?","96"
"26067","167","Thần Vũ Chi Linh Chương 71: Người Mới Là Vấn Đề","97"
"26068","167","Thần Vũ Chi Linh Chương 72: Đi Báo Thù","98"
"26069","167","Thần Vũ Chi Linh Chương 73: Mục Tiêu Của Chúng Ta Là","99"
"26070","167","Thần Vũ Chi Linh Chương 74: Kẻ Thù Đến Gần","100"
"26071","167","Thần Vũ Chi Linh Chương 75: Giành Người Thiên Tài","101"
"26073","167","Thần Vũ Chi Linh Chương 77: Anh Trai Sẽ Thắng","103"
"27114","180","Chương 09. Lưỡi dao đến (Phần 2)","16"
"27115","180","Chương 10. Cậu bé trong màn sương mù","18"
"26074","167","Thần Vũ Chi Linh Chương 78: Cuộc Đối Đầu Bắt Đầu","104"
"26077","167","Thần Vũ Chi Linh Chương 81: Cuộc Thi Võ Đang Diễn Ra","107"
"26078","167","Thần Vũ Chi Linh Chương 82: Ôn Bác Đấu Trương Tam","108"
"26080","167","Thần Vũ Chi Linh Chương 84: Tôi Muốn Về","110"
"26081","167","Thần Vũ Chi Linh Chương 85: Xin Đợi Lại","111"
"26082","167","Thần Vũ Chi Linh Chương 86","112"
"26083","167","Thần Vũ Chi Linh Chương 87","113"
"26084","167","Thần Vũ Chi Linh Chương 88: La Lệ Đấu Ngô Dực","115"
"26085","167","Thần Vũ Chi Linh Chương 89: Phương Tiềm Là Ai?","116"
"26086","167","Thần Vũ Chi Linh Chương 90: Đến Để Ta Nuốt Chửng Ngươi","117"
"26087","167","Thần Vũ Chi Linh Chương 91: Mỗi Người Tự Trông Cậy Vào Bản Thân","119"
"26088","167","Thần Vũ Chi Linh chương 92: Phương Tiềm mau trở về","120"
"26089","167","Thần Vũ Chi Linh chương 93: Chính là hắn","121"
"26090","167","Thần Vũ Chi Linh chương 94: Đột kích","122"
"26091","167","Thần Vũ Chi Linh chương 95: Tô Mẫn gặp chuyện","123"
"26092","167","Thần Vũ Chi Linh chương 96: Kích hoạt Huyết Trận","124"
"25585","154","Chương 87: Chủ nhân là kẻ đào ngũ?","109"
"24531","139","Chương 13: Thú Cưng","13"
"24532","139","Chương 14: Dương Hỏa","14"
"24533","139","Chương 15: Kẻ Biến Thái","15"
"24534","139","Chương 16: Bùng Nổ","16"
"24535","139","Chương 17: Côn Đồ","17"
"24536","139","Chương 18: Theo Dõi","18"
"24539","139","Chương 21: Tầng Trên","21"
"24540","139","Chương 22: Giấc Mơ Ngon","23"
"24541","139","Chương 23: Thăm Dò Bí Mật","24"
"24542","139","Chương 24: Rừng Trúc","25"
"24543","139","Chương 25: Thùng Rác","26"
"24545","139","Thông Báo Hoạt Động","28"
"24546","139","Chương 27: Cấm Kỵ Trung Nguyên (1)","29"
"24538","139","Chương 20: Bóng Tối","20"
"26093","167","Thần Vũ Chi Linh chương 97: Không Minh Chi Nhãn","125"
"26094","167","Thần Vũ Chi Linh chương 98: La Sát cấp Ma Hầu","126"
"26096","167","Thần Vũ Chi Linh chương 100: Ngươi là ai?","128"
"26097","167","Thần Vũ Chi Linh chương 101: Chém đôi","129"
"26098","167","Thần Vũ Chi Linh chương 102: Tần Hy nổi điên","130"
"26099","167","Thần Vũ Chi Linh chương 103: Tô Mẫn, con trai ta","131"
"24544","139","Chương 26: Con Mồi","27"
"26100","167","Thần Vũ Chi Linh chương 104: Tô Mạc chết rồi?","132"
"26101","167","Thần Vũ Chi Linh chương 105: Chuyện gì vậy?","133"
"26102","167","Thần Vũ Chi Linh chương 106: Phải cùng chôn sống","134"
"28561","8","Linh Trì","126701"
"24479","189","Chương 61: Tủ thuốc biết nuốt tiền","64"
"25622","161","Danh sách nhân sự","1"
"25623","161","01 Bản án hai mươi năm","3"
"25624","161","02 Người thuê","5"
"25625","161","03 Lời hứa","6"
"25626","161","04 Biệt thự kiểu Tây","7"
"25627","161","05 Phòng","8"
"25618","154","Chương 119: Anh Ấy Đã Trở Lại","147"
"25619","154","Chương 120: Hướng Tử Mà Sống","148"
"25620","154","Chương 121: Chạy Về Phía Em","149"
"25621","154","Chương 122: Truyền Lửa","150"
"26103","167","Thần Vũ Chi Linh chương 107: Vô Quỷ Phong Ấn Thuật","135"
"26105","167","Thần Vũ Chi Linh chương 109: Lâm Dật Hưng","137"
"26106","167","Thần Vũ Chi Linh chương 110: Ăn trộm đồ","138"
"26107","167","Thần Vũ Chi Linh chương 111: Xuất phát","139"
"26108","167","Thần Vũ Chi Linh chương 112: Bị vây","140"
"26109","167","Thần Vũ Chi Linh chương 113: Đập vỡ Tần Tượng","141"
"26110","167","Thần Vũ Chi Linh chương 114: Phi Tướng Thành","142"
"26111","167","Thần Vũ Chi Linh chương 115: Người phân thiện ác","143"
"26112","167","Thần Vũ Chi Linh chương 116: La Lệ bị đầu độc","144"
"26113","167","Thần Vũ Chi Linh chương 117: Ký tên đi","145"
"26114","167","Thần Vũ Chi Linh chương 118: Kiếm linh","146"
"26115","167","Thần Vũ Chi Linh chương 119: Cướp Trúc Quả","147"
"26116","167","Thần Vũ Chi Linh chương 120: Trả lại Trúc Quả cho ta","148"
"26117","167","Thần Vũ Chi Linh chương 121: Ngô Dực phản bội","149"
"26118","167","Thần Vũ Chi Linh chương 122: Sư huynh không thể chết uổng","150"
"26119","167","Thần Vũ Chi Linh chương 123: Chiến đấu với Ngô Dực","151"
"26120","167","Thần Vũ Chi Linh chương 124: Tông Duệ","152"
"26121","167","Thần Vũ Chi Linh chương 125: Phi Tướng Lữ Bố","153"
"26123","167","Thần Vũ Chi Linh chương 127: Huynh đệ","155"
"26124","167","Thần Vũ Chi Linh chương 128: Chiến đấu","156"
"26126","167","Thần Vũ Chi Linh chương 130: Từ biệt tại đây","160"
"26127","167","Chương 131: Chinh Phạt Ty không còn","161"
"26128","167","Chương 132: Bối cảnh của Sư huynh Kỳ Lực","163"
"26129","167","Chương 133: Chiến đấu với La Sát","164"
"26130","167","Chương 134: Cùng nhau đại chiến nào!","165"
"26131","167","Chương 135: Tần Hy học tiếng chó kêu!","166"
"26132","167","Chương 136: Cứu anh Tạ Vô Vi","167"
"26133","167","Chương 137: Bị đuổi khỏi Thủy Linh Cung","168"
"25647","161","25 Phỏng đoán","28"
"24423","189","Chương 6: Hổ Lương Sơn hóa trang à?","6"
"24424","189","Chương 7: Nói cho cậu biết Trung Y là gì","7"
"24425","189","Chương 8: Thần y hay thần toán?","8"
"24434","189","Chương 17: Tang Đông Li, chạy đi!","17"
"24435","189","Chương 18: Thuốc đang phát sáng!","18"
"24436","189","Chương 19: Tôi sẽ uống hết bát thuốc này trước làm lễ","19"
"24438","189","Chương 21: Chính thức khai trương ở Thế Giới Khác","21"
"24448","189","Chương 31: Hoàng Hậu rốt cuộc bị bệnh gì","31"
"24457","189","Chương 40: Trước tiên chữa trị cho binh sĩ","41"
"24458","189","Chương 41: Cuộc hẹn một ngày","42"
"24459","189","Chương 42: Mộc Lưu Sơn bệnh nặng","43"
"24460","189","Chương 43: Tang Đông Li thật là bảo bối","44"
"24461","189","Chương 44: Mộc Lưu Sơn sắp tắt thở","45"
"24462","189","Chương 45: Xong rồi! Vào cung","47"
"24463","189","Chương 46: Cảm giác như lên tàu cướp","48"
"24426","189","Chương 9: Không cho thì tôi véo sừng cậu đấy!","9"
"24427","189","Chương 10: Đồ thằng con gái chết tiệt!","10"
"24437","189","Chương 20: Vừa đúng mười lượng","20"
"24449","189","Chương 32: Không có tác dụng gì cả","33"
"24450","189","Chương 33: Tiệm thuốc bị trộm","34"
"24451","189","Chương 34: Trị không được thì vào cung làm thái giám!","35"
"24452","189","Chương 35: Đằng Áo Linh Vận Quyết","36"
"24439","189","Chương 22: Sao tiệm thuốc lại rung lắc?","22"
"24440","189","Chương 23: Tiệm thuốc lại trở về!","23"
"24441","189","Chương 24: Vào tù","24"
"24442","189","Chương 25: Ai đang quấy phá?","25"
"24443","189","Chương 26: Tôi không tin tôi ra không được!","26"
"24444","189","Chương 27: Hứa với tôi một điều kiện","27"
"24454","189","Chương 37: Giang Thiên Vũ chữa không được","38"
"24456","189","Chương 39: Tiệm thuốc bị cướp sạch","40"
"24467","189","Chương 50: Hoàng Hậu vẫn chưa khỏi","52"
"24520","139","Chương 2: Mẫu Đầu","2"
"24521","139","Chương 3: Kính Đôi","3"
"24468","189","Chương 51: Dẫn thuốc","53"
"24469","189","Chương 52: Giao dịch với Ỷ Hoàng","54"
"24470","189","Chương 53: Dùng đá làm dẫn","55"
"24471","189","Chương 54: Tình bền hơn đá vàng","56"
"24497","189","Chương 79: Vẽ chân dung","83"
"24465","189","Chương 48: Nước rễ tre","50"
"24484","189","Chương 66: Hoàng Hậu chủ trì triều sớm","69"
"24486","189","Chương 68: Cánh gà nướng","71"
"24487","189","Chương 69: Thưởng","72"
"24428","189","Chương 11: Địa vị và y thuật của linh sử","11"
"24429","189","Chương 12: Trị triệu chứng không trị gốc","12"
"24430","189","Chương 13: Cậu chính là Thần Nông Thế Giới Khác?","13"
"24447","189","Chương 30: Trước cửa Cung Tân Tú","30"
"24472","189","Chương 55: Bệ Hạ, suy nghĩ kỹ đi!","57"
"24473","189","Chương 56: Lục soát Lục Nguyên Quán","58"
"24474","189","Chương 57: Huy chương vàng do hoàng thượng ban","59"
"24475","189","Chương 58: Thuốc đang được nấu","60"
"24476","189","Chương 59: Lấy lại thuốc","61"
"24477","189","Chúc mừng năm mới!","62"
"24478","189","Chương 60: Vai trò của một người mê ăn","63"
"24418","189","Chương 1: Có một tiệm thuốc gia đình","1"
"24488","189","Chương 70: Thưởng Giang Thiên Vũ","73"
"26407","177","Chương 70","88"
"26134","167","Chương 138: Thủy Nhược Nhược trở nên xinh đẹp","169"
"26135","167","Chương 139: Phương Tiềm muốn giết Tần Hy","170"
"26136","167","Chương 140: Giết Phương Tiềm?","171"
"26137","167","Chương 141: Phương Tiềm giết Dương Chiếu","172"
"26138","167","Chương 142: Tần Hy chết rồi!","173"
"26140","167","Chương 144: Kính chào Thái Tử!","175"
"26141","167","Chương 145: Đô Thủy Ty không còn","176"
"24416","100","05 - Thoát Hồn","85367"
"24417","100","06 - Thoát Hồn 2","90048"
"1293","10","Chương 1: Thư Sinh Xui Xẻo","117078"
"1294","10","Chương 2: Dì Bay Mất Rồi","117079"
"26142","167","Chương 146: Vậy ta đợi ngươi!","177"
"26143","167","Chương 147: Bí pháp Thanh Tiêu","178"
"26144","167","Chương 148: Thanh Loan Kiếm","179"
"26145","167","Chương 149: Bí mật của La Sát và Phủ Thanh Tiêu","180"
"26146","167","Chương 150: Xem quẻ Thiên Diên Lô","181"
"26147","167","Chương 151: Có kẻ ám sát","182"
"26148","167","Chương 152: Kinh Kha của Ngọc Thư Viện","183"
"26149","167","Chương 153: Ngọc Thư Viện sắp sụp đổ!","185"
"26150","167","Chương 154: Nhất định phải ngăn Tần Hoàng hồi sinh","186"
"26151","167","Chương 155: Sắp tung chiêu lớn rồi sao?","187"
"1340","12","Hoạt động","105780"
"1341","12","Chương 1 Bão Nhiệt Đới","105765"
"27116","180","Chương 11. Cậu chẳng biết gì về sức mạnh...","21"
"27117","180","Chương 12. Trận chiến đẫm máu trên mái nhà (Phần 1)","22"
"1292","10","Dự báo! Chính thức ra mắt ngày 21 tháng 9!","117064"
"24522","139","Chương 4: Kinh Hoàng Khi Đi Dạo","4"
"24523","139","Chương 5: Điểm Mù (1)","5"
"1360","1","2 Chiếc ngón tay vàng của tôi đã đến","114930"
"24431","189","Chương 14: Ăn lựu có vỏ không?","14"
"24445","189","Chương 28: Ái cứu","28"
"24446","189","Chương 29: Sao lại cháy?","29"
"24419","189","Chương 2: Mở cửa trở lại, khám bệnh giảm 50%","2"
"24432","189","Chương 15: Mánh khoé dụ dỗ bé gái","15"
"24433","189","Chương 16: Ỷ Thập Nhất thích uống rượu hoa?","16"
"24412","100","01 - Cô Dâu Âm Phủ?","73707"
"24413","100","02 - Độc Thân Gan Li","73956"
"24414","100","03 - Đây Là Phòng Ngủ Của Tôi?","74061"
"24415","100","04 - Tôi Sẽ Đá Cậu!","80509"
"26152","167","Chương 156: Mảnh Rồng Tổ thứ hai!","188"
"26153","167","Chương 157: Lục Hợp Đỉnh","189"
"26154","167","Chương 158: Kỳ Lực lại lại lại bị thương!","190"
"26155","167","Chương 159: Bí ẩn cái chết của Kỳ Lực","192"
"26156","167","Chương 160: Tiêu diệt Bàng Quyên!","193"
"26157","167","Chương 161: Huyết Ma đến rồi!","194"
"26158","167","Chương 162: Huyết Ma, ta quyết chiến với ngươi!","195"
"26159","167","Chương 163: Hóa nguy thành an","196"
"26160","167","Chương 164: Cổng Ngọc Thư Viện bị phá","197"
"26161","167","Chương 165: Tuần Thủ Ty toàn diện xuất kích","198"
"26163","167","Chương 167: Quân sư bí ẩn","200"
"25007","151","12 Anh Xi đến giúp bạn~","14"
"25009","151","14 Người đó là ai?","16"
"25010","151","15 Đã tìm thấy anh ấy chưa?","17"
"25018","151","23 Tôi có thể chạm vào bạn không?","25"
"25023","151","28 Đi đến căn cứ bí mật","30"
"25048","151","53 Nụ cười thật sự","55"
"25465","156","Chương 9","11"
"25492","154","Chương 1: Bị một gã đồng tính để ý?","3"
"25506","154","Chương 15: “Bạn tốt”","21"
"25509","154","Chương 18: Công chúa quý tộc","25"
"25526","154","Ngoại truyện 3: Thần hạc phượng lông","44"
"25531","154","Chương 36: Bảy tội lỗi chết người","50"
"25533","154","Chương 38: Kỵ binh cánh đế quốc","52"
"25543","154","Chương 47: Dực long bóng tối","62"
"25545","154","Chương 49: Sức mạnh của nhãn dán","64"
"25569","154","Chương 71: Không còn cô đơn","91"
"25587","154","Chương 89: A Nguyệt không sợ","111"
"24464","189","Chương 47: Dùng hiệu ứng đặc biệt chữa bệnh?","49"
"24466","189","Chương 49: Thuốc đầy công lực","51"
"24494","189","Chương 76: Kẻ thích quậy lại đến rồi","80"
"24500","189","Chương 82: Bột xương hôn mê","86"
"24514","189","Chương 96: Giang Thiên Vũ đã gặp Mộc đại nhân","100"
"24549","142","Hán Tín cướp mất người của tôi, phải làm sao đây? Đang chờ trả lời.","2"
"27118","180","Chương 13. Trận chiến đẫm máu trên mái nhà (Phần 2)","23"
"26734","191","005 Tiểu thịt tươi Côn Luân","7"
"26736","191","007 Tôi đã liên kết với Đại Vu Chúc","9"
"26737","191","008 Cuối cùng cũng dùng được năng lực tiên tri","10"
"26738","191","009 Ra mắt vị trí C, đúng là tôi rồi!","11"
"26739","191","010 Trò chơi nguy hiểm","12"
"26740","191","011 Không thể thêm một đồng đồng nào nữa","13"
"26741","191","012 Tôi muốn tất cả!","14"
"26742","191","013 Chào chị dâu!","15"
"26743","191","014 Ai sẽ là người đến cứu bạn trước?","16"
"26744","191","015 Quen với bản thân thật thì không còn chảy máu mũi nữa","17"
"26745","191","016 Lại có người đến tranh với bản thân thật rồi","18"
"26746","191","017 Côn Luân không phải định mệnh của cô ấy","19"
"26748","191","019 Thần Hoang thức tỉnh","21"
"26749","191","020 Chúng ta không còn nợ nhau nữa","22"
"26750","191","021 Kế hoạch gia thân yêu","23"
"26751","191","022 Đúng vậy, tôi chính là Tâm Hồ!","24"
"26753","191","024 Anh ta sẽ ngã xuống","26"
"26754","191","025 Chỉ vậy thôi sao?","27"
"26755","191","026 Đồng cảm kiếm tâm","28"
"26756","191","027 Cô ấy đã bị xâm thực","29"
"26757","191","028 Vậy xin sư huynh cùng ta tu luyện đôi","30"
"26758","191","029 Hướng dẫn sinh sản người và yêu","31"
"26759","191","030 Sự thành toàn của Đại Vu Chúc","32"
"26760","191","031 Phi hoa quyết","33"
"26761","191","032 Hy sinh vì em","34"
"26762","191","033 Bướm béo","35"
"26764","191","034 Tạm biệt! Người bạn của tôi.","37"
"27119","180","Chương 14. Trận chiến đẫm máu trên mái nhà (Phần 3)","25"
"27120","180","Chương 15. Mơ ác mộng nhiều quá rồi cũng thành sự thật","26"
"24816","146","Mối Tình Đầu Sâu Sắc Đến Mức Bị Lãng Quên","4"
"24813","146","Câu Chuyện Tình Yêu Giả Dối","1"
"24580","142","Một Hạ Cốc không chứa được hai người đi rừng.","34"
"27121","180","Chương 16. Dưới đáy biển sâu","28"
"24604","142","Tình bạn! Lời động viên! Nhiệt huyết!","58"
"24605","142","Chuyện vui vẻ thuộc về sân nhà ai?","60"
"27122","180","Chương 17. Thế giới mới bắt đầu từ đây","30"
"27123","180","Chương 18. Lần đầu đến Đảo Vĩnh Hằng","31"
"27124","180","Chương 19. Tự gây rắc rối, tuyệt đối không nhụt chí!","32"
"27125","180","Chương 20. Kẻ phạm luật thường xuyên ở Vùng Cấm Địa","34"
"27126","180","Chương 21. Muốn tìm hiểu về hiến xác không?","36"
"27127","180","Chương 22. Tôi muốn trở thành một Linh Chủ","37"
"27128","180","Chương 23. Tai nạn chưa kết thúc sao?!","39"
"27129","180","Chương 24. Đêm giao hưởng định mệnh (Phần 1)","40"
"27130","180","Chương 25. Đêm giao hưởng định mệnh (Phần 2)","41"
"27131","180","Chương 26. Hội nghị Linh Chủ","42"
"27132","180","Chương 27. Đội ngũ huấn luyện mạnh nhất, không ngọt không lấy tiền","43"
"27133","180","Chương 28. Môn một! Đánh giá năng lực?!","44"
"27134","180","Chương 29. Tân binh bất thường (Phần 1)","45"
"27135","180","Chương 30. Tân binh bất thường (Phần 2)","47"
"27136","180","Chương 31. Dịch vụ đánh thức nửa đêm","48"
"27137","180","Chương 32. Ý đồ sát hại trong rừng rậm","49"
"27138","180","Chương 33. Đứa trẻ lạnh lùng","50"
"27139","180","Chương 34. Đồ chết tiệt, luật sinh tồn của Linh Chủ","51"
"24489","189","Chương 71: Bệnh nhân đầu tiên","74"
"24490","189","Chương 72: Tiểu Phúc nhất định phải chết","75"
"24491","189","Chương 73: Góa phụ bên cạnh ngất xỉu","76"
"24492","189","Chương 74: Nhất định phải cứu anh!","78"
"24493","189","Chương 75: Sao có thể thấy chết không cứu","79"
"24565","142","Cậu còn sống à?!","19"
"24819","146","Nếu Có Kiếp Sau...","8"
"24820","146","Đưa Em Đi Với Anh.","9"
"24821","146","Em Muốn Ở Bên Anh","10"
"24823","146","Đầu Độc","12"
"24566","142","Lịch sử luôn lặp lại một cách đáng kinh ngạc.","20"
"24567","142","Đàn ông im lặng, phụ nữ rơi nước mắt! Hai sát thủ thật...","21"
"24568","142","Đừng lo, tôi không phải người tốt đâu.","22"
"24569","142","Mắt híp toàn quái vật.","23"
"24570","142","Tao sẽ đầu độc mày, tiểu yêu tinh!","24"
"24571","142","Tao là con cá trơn trượt mà mày bắt không được.","25"
"24572","142","Tích kim cương để rút chính mình là kiểu gì vậy?","26"
"24573","142","Đây là xe đi Vương Giả Hạ Cốc.","27"
"24574","142","Một đỏ phải để cho người đi rừng.","28"
"24575","142","Bây giờ để tôi làm cậu khóc.","29"
"24576","142","Cho tôi uống chút nước.","30"
"24577","142","Ở Hạ Cốc, anh trai Trang của cậu người thì dữ, di chuyển thì điệu.","31"
"24578","142","Độc không chết người thì đừng chọn Biện Quốc.","32"
"24579","142","Nữ Oa thu thập đầu người từ ngàn dặm, không thể để họ ra ngoài.","33"
"24581","142","Các cậu là lứa người tệ nhất tôi từng dẫn dắt.","35"
"24582","142","Hát cùng tôi: yêu ghét chỉ trong chớp mắt.","36"
"24583","142","Nhìn cảnh này phải góp tiền rồi.","37"
"24584","142","Bạn ơi, bạn biết GG là gì không?","38"
"24585","142","Đừng cản tôi, tôi muốn xem Tín và Bạch.","39"
"24586","142","Hương vị Vương Giả Hạ Cốc trên đầu lưỡi.","40"
"24587","142","Chiến đấu vì bữa tối của Tín và Bạch!","41"
"24588","142","Tôi đang cho đối phương ăn mạng ở nhà.","42"
"24589","142","Cậu thật sự bán nụ cười để cứu Hán Tín sao?","43"
"24590","142","Trò cười hay nhất từ trước đến nay.","44"
"24591","142","Thật thơm!","45"
"24592","142","Hai người đang làm gì trong bụng tôi vậy?","46"
"24593","142","Tôi sẽ đưa cậu bay lên trời.","47"
"24594","142","Quyết định là cậu! Hảo Thiên Khuyển!","48"
"24595","142","Sự hủy diệt của Vương Giả Hạ Cốc.","49"
"24596","142","Con cá này ngọt chết được.","50"
"24597","142","Hãy chọn đi.","51"
"24598","142","Còn làm sao được, chỉ biết nuông chiều thôi.","52"
"24599","142","Tán dương con cá của tôi!","53"
"24600","142","Chờ một phép màu xuất hiện.","54"
"24601","142","Chim trên cây đều thành đôi.","55"
"24602","142","Tôi nhớ các cậu nhiều lắm!","56"
"24603","142","Sao cậu lại giấu đồ nữ trang?","57"
"27140","180","Chương 35. Kế hoạch sửa chữa đồ bỏ đi","61"
"27141","180","Chương 36. Tái ngộ lần nữa","62"
"27142","180","Chương 37. Sinh tồn hay cái chết","64"
"27143","180","Chương 38. Tuyệt đối không cúi đầu","65"
"27145","180","Chương 40. Sống hướng về cái chết","67"
"27146","180","Chương 41. Kết thúc rồi, vòng hai!","68"
"27147","180","Chương 42. Đây chính là kỳ thi!","69"
"27148","180","Chương 43. Tạm biệt quá khứ","70"
"27149","180","Chương 44. Giật mình nửa đêm","71"
"27150","180","Chương 45. Bất ngờ ngày khai giảng","72"
"27151","180","Chương 46. Đây là cuộc sống học đường sao?!","73"
"27152","180","Chương 47. Thử thách mới! Lớp huấn luyện năng lực","74"
"27153","180","Chương 48. Cố lên, chàng trai!","75"
"27154","180","Chương 49. Lời chào từ người bạn cũ","76"
"27155","180","Chương 50. Ngày tận thế là gì?","77"
"27156","180","Chương 51. Nội lo ngoại họa","79"
"27157","180","Chương 52. Cộng sinh (Phần 1)","80"
"24868","146","Thú Nuốt Tim","62"
"27158","180","[Túi may mắn Tết Nguyên Đán] Bản phác thảo thiết kế công khai","81"
"27159","180","Chương 53. Cộng sinh (Phần 2)","82"
"27160","180","Chương 54. Trở nên mạnh mẽ","83"
"24872","146","Bão Sắp Tới","66"
"27161","180","Chương 55. Khó xử","84"
"27162","180","Chương 56. Danh hiệu Hắc Diệu đã được mở ra!","85"
"27163","180","Chương 57. Trận chiến Ngũ Tinh","86"
"27164","180","Chương 58. Đạo tâm, nhân tâm (Phần 1)","87"
"27165","180","Chương 59. Đạo tâm, nhân tâm (Phần 2)","88"
"27166","180","Chương 60. Thăm dò của Nam Cung (Phần 1)","89"
"27167","180","Chương 61. Thăm dò của Nam Cung (Phần 2)","90"
"27168","180","Chương 62. Thi giữa kỳ","91"
"27169","180","Chương 63. Phân nhóm tinh tế","92"
"27170","180","Chương 64. Kỳ thi đang diễn ra","93"
"27171","180","Chương 65. Quyết định chiến đấu","94"
"27172","180","Chương 66. Tích Ca vs Kumamoto (Phần 1)","95"
"27173","180","Chương 67. Tích Ca vs Kumamoto (Phần 2)","96"
"27174","180","Chương 68. Âm mưu và chiến đấu (Phần 1)","97"
"27177","180","Chương 71. Bí cảnh dưới đáy hồ","100"
"27178","180","Chương 72. Tạm biệt, bạn bè","101"
"27179","180","Chương 73. Cơn thịnh nộ bùng nổ","102"
"27180","180","Chương 74. Sóng chưa yên","103"
"27181","180","Chương 75. Khủng hoảng rình rập","104"
"27182","180","Chương 76. Thủ lĩnh của mọi tội ác","105"
"27183","180","Chương 77. Khách không mời","106"
"27184","180","Chương 78. Đêm không yên","107"
"27186","180","Chương 80. Lời hẹn chia ly","109"
"27187","180","Chương 81. Dòng chảy ngầm","110"
"27188","180","Chương 82. Đứa trẻ được chọn","111"
"27189","180","Chương 83. Biến cố liên tiếp","112"
"27190","180","Chương 84. Đôi mắt đỏ thẫm","113"
"27191","180","Chương 85. Quá khứ tan vỡ","114"
"27193","180","Chương 87. Phá vỡ nghiệp chướng","116"
"27194","180","Chương 88. Chó ba đầu địa ngục","117"
"27195","180","Chương 89. Biến động dữ dội","118"
"27196","180","Chương 90. Vua bóng tối","119"
"27197","180","Chương 91. Gió rơi","120"
"27198","180","Chương 92. Lạc lối","121"
"27199","180","Chương 93. Hoàng tử rơi xuống bụi trần","122"
"27200","180","Chương 94. Cơn thịnh nộ của bão","123"
"27202","180","Chương 96. Đối đầu","125"
"27203","180","Chương 97. Giành lấy thanh đao","126"
"27204","180","Chương 98. Ẩn Kiếm","127"
"25683","164","Chương 10: Lễ khai mạc","15"
"25691","164","Chương 18: Say rượu gây loạn","23"
"27205","180","Chương 99. Truyền Thuyết Vùng Cấm Địa","128"
"27206","180","Chương 100. Đêm Trước Yến tiệc Sư Tâm","129"
"27207","180","Chương 101. Ký Ức Cung Ngũ Tinh","130"
"27208","180","Chương 102. Sứ Mệnh của Edward","131"
"27209","180","Chương 103. Khai Mở Yến tiệc Sư Tâm","132"
"27211","180","Chương 105. Sức Mạnh Cấm Kỵ (Phần 2)","134"
"27212","180","Chương 106. Cuộc Chiến Linh Hồn","142"
"27213","180","Chương 107. Hoàng Tử Trở Về","143"
"27214","180","Chương 108. Mắt Horus","144"
"27215","180","Chương 109. Bị Phản Bội và Bỏ Rơi","147"
"27216","180","Chương 110. Bí Mật của Tích Ca","149"
"27217","180","Chương 111. Ký Ức Bị Phủ Bụi","150"
"27218","180","Chương 112. Quyết Định của Tích Ca","151"
"27220","180","Chương 114. Ký Ức Chu Tước","155"
"27221","180","Chương 115. Đêm Hội Mừng Năm Mới","156"
"27222","180","Chương 116. Sự Lỏng Lẻo của Cấm Chế","161"
"27223","180","[Túi May Mắn Tết Nguyên Đán 1] Tiết Lộ Thiết Lập Phần 2","162"
"27224","180","[Túi May Mắn Tết Nguyên Đán 2] Tiểu Kịch Linh Chủ","163"
"27225","180","[Túi May Mắn Tết Nguyên Đán 3] Tập Đặc Biệt Trò Chơi","164"
"27226","180","Chương 117. Edward Biến Mất","166"
"27227","180","Chương 118. Bí Mật của Kumamoto","167"
"27228","180","Chương 119. Bí Ẩn Vùng Cấm Địa","168"
"27229","180","Chương 120. Biến Cố Bất Ngờ","170"
"27230","180","Chương 121. Sự Phá Hủy","171"
"27231","180","Chương 122. Vết Thương Băng Giá","172"
"27232","180","Chương 123. Khủng Hoảng Đào","173"
"27233","180","Chương 124. Trở Về Quê Hương","174"
"27235","180","Chương 126. Ai Đang Gọi?","176"
"27236","180","Chương 127. Sâu Vào Sương Mù Đen","177"
"27237","180","Chương 128. Trái Tim Được Thức Tỉnh","178"
"27238","180","Tiểu Kịch Linh Chủ 2","179"
"27239","180","Chương 129. Ngươi Là Vua Của Ta","180"
"27240","180","Chương 130. Quá Khứ Bị Che Giấu","181"
"25731","164","Chương 58: Trằn trọc không yên","74"
"27241","180","Chương 131. Chết Và Tái Sinh","182"
"27242","180","Chương 132. Tai Họa Tái Phát","183"
"27243","180","Chương 133. Ràng Buộc Quá Khứ","184"
"27244","180","Chương 134. Thức Tỉnh Muộn Màng","185"
"27245","180","Chương 135. Chiến Đấu Vì Đồng Đội","186"
"27246","180","Chương 136. Chiến Thắng","187"
"27247","180","Chương 137. Nở Rộ","188"
"27248","180","Chương 138. Niềm Tự Hào Và Kiên Trì","189"
"27249","180","Chương 139. Tuyệt Đối Không Phải Ác Ma","190"
"27250","180","Chương 140. Ký Ức của Milo","191"
"27251","180","Chương 141. Ngọn Lửa Bất Tử","192"
"27252","180","Chương 142. Đoàn Cố Vấn Trực Tuyến","193"
"27253","180","Chương 143. Khủng Hoảng Bí Cảnh","194"
"27254","180","Chương 144. Khủng Hoảng Màn Trời","195"
"27255","180","Chương 145. Trận Chiến Bí Cảnh","196"
"27257","180","Chương 147. Ràng Buộc Định Mệnh: Thái Cực Thạch","198"
"27258","180","Chương 148. Nguy Hiểm Cực Độ","199"
"27259","180","Chương 149. Khoảnh Khắc Lật Đổ","200"
"27260","180","Chương 150. Phản Công! Đội Thiếu Niên!","201"
"27262","180","Chương 152. Trận Chiến Kịch Liệt Dưới Bầu Trời","203"
"27263","180","Chương 153. Nỗ Lực Trong Tuyệt Vọng","204"
"27264","180","Chương 154. Phản Công Gian Nan","205"
"27265","180","Chương 155. Khoảnh Khắc Nguy Hiểm Cực Độ","206"
"27266","180","Chương 156. Kẻ Phản Bội","207"
"27267","180","Chương 157. Dấu Hiệu Mất Kiểm Soát","208"
"27268","180","Chương 158. Trái Tim Tan Vỡ","209"
"27269","180","Chương 159. Tiếng Vang Bóng Tối","210"
"26408","177","Chương 71","89"
"25754","164","Chương 81: Mang đi nguyên bộ","100"
"25759","164","Chương 86: Bối rối","105"
"25760","164","Chương 87: Gặp nhau muộn màng","106"
"25767","164","Chương 94: Cãi nhau","113"
"25775","164","Chương 102: Lạc Lõng Suy Tư","121"
"25778","164","Chương 105: Nhặt Hoa Bay Lá","124"
"25802","164","Chương 129: Kêu Reng Vào Tù","148"
"27271","180","[Túi May Mắn Halloween] Tiểu Kịch Linh Chủ","212"
"27272","180","Chương 161. Ác Mộng Quấn Quýt","213"
"27273","180","Chương 162. Dòng Sông Định Mệnh","214"
"27274","180","Chương 163. Sinh Tử Gian (Phần 1)","215"
"27275","180","Chương 164. Sinh Tử Gian (Phần 2)","216"
"27277","180","Chương 166. Biển Đỏ Máu (Phần 1)","218"
"27278","180","Chương 167. Biển Đỏ Máu (Phần 2)","219"
"27279","180","Chương 168. Ánh Sáng Thần Thánh","220"
"27281","180","Chương 170. Người Cứu Chuộc","222"
"27282","180","Chương 171. Bóng Tối Đến Gần","223"
"27283","180","[Rơi Bất Ngờ] Ngoại Truyện Hầm Ngục","224"
"27284","180","Chương 172. Có Tội? Vô Tội?","225"
"27285","180","Chương 173. Lựa Chọn Giữa Hận Thù Và Tình Yêu","226"
"27287","180","[Túi May Mắn Tết Nguyên Đán 1] Ngoại Truyện Độc Lập Diệp Tiểu Tiểu","228"
"27288","180","[Túi May Mắn Tết Nguyên Đán 2] Tiết Lộ Thiết Lập Phần 3","229"
"27289","180","Chương 175. Hành Động, Bắt Đầu!","230"
"27290","180","Chương 176. Mắt Đấu Mắt","231"
"27291","180","Chương 177. Người Bạn Thật Sự (Phần 1)","232"
"27292","180","Chương 178. Người Bạn Thật Sự (Phần 2)","233"
"27293","180","Chương 179. Tuyệt Vọng Và Hy Vọng","234"
"27294","180","Chương 180. Lựa Chọn của Ryman (Phần 1)","235"
"27295","180","Chương 181. Lựa Chọn của Ryman (Phần 2)","236"
"27296","180","Chương 182. Ai Cũng Biết","237"
"27297","180","Chương 183. Dấu Hiệu Sụp Đổ","238"
"27298","180","Chương 184. Cộng Hưởng Thần Binh","239"
"27299","180","Chương 185. Tạo Ra Thần Thể","240"
"26409","177","Chương 72","90"
"25792","164","Chương 119: Cửa Nhà Như Chợ","138"
"25797","164","Chương 124: Tiên Phương Ra Đời","143"
"25804","164","Chương 131: Từ Từ Tháo Gỡ","150"
"25811","164","Chương 138: Trần Trụi Không Che","157"
"27300","180","Chương 186. Tạm Biệt, Đảo Vĩnh Hằng!","241"
"27301","180","Chương 187. Đột Phá Cổng Núi (Phần 1)","242"
"27302","180","Chương 188. Đột Phá Cổng Núi (Phần 2)","243"
"27304","180","Chương 190: Ý Chí Sát Thủ Vô Tận (Phần 2)","245"
"27305","180","Chương 191: Ai Đến Đây? (Phần 1)","246"
"27306","180","Chương 192: Ai Đến Đây? (Phần 2)","247"
"27307","180","Chương 193: Thế Giới Mới (Phần 1)","248"
"27308","180","Chương 194: Thế Giới Mới (Phần 2)","249"
"27309","180","Chương 195: Một Tia Sáng (Phần 1)","250"
"27310","180","Chương 196: Một Tia Sáng (Phần 2)","251"
"27311","180","Chương 197: Tái Ngộ (Phần 1)","252"
"27312","180","Chương 198: Tái Ngộ (Phần 2)","253"
"27314","180","Chương 200: Thần Đông Tây (Phần 1)","255"
"27315","180","Chương 201: Thần Đông Tây (Phần 2)","256"
"27316","180","Chương 202: Thần Đông Tây (Phần 3)","257"
"27317","180","Chương 203: Tâm · Hỏa (Phần 1)","258"
"27318","180","Chương 204: Tâm · Hỏa (Phần 2)","259"
"27319","180","Chương 205: Thề Nguyện (Phần 1)","260"
"27320","180","Chương 206: Thề Nguyện (Phần 2)","261"
"27321","180","Chương 207: Thề Nguyện (Phần 3)","262"
"27322","180","Chương 208: Mặc Ngọc Nhận Chủ","438"
"27323","180","Chương 209: Hoàng Tuyền Tái Khai","456"
"27324","180","Chương 210: Truy Đuổi Ảo Ảnh","473"
"27325","180","Chương 211: Con Đường Của Mình","489"
"27326","180","Chương 212: Nhật Thực (Phần 1)","512"
"27327","180","Chương 213: Nhật Thực (Phần 2)","531"
"27329","180","Chương 215: Những Con Sâu Nhỏ (Phần 1)","563"
"27330","180","Chương 216: Những Con Sâu Nhỏ (Phần 2)","620"
"27331","180","Chương 217: Ý Chí Kiến (Phần 1)","632"
"27332","180","Chương 218: Ý Chí Kiến (Phần 2)","651"
"27333","180","Chương 219: Tần Minh, Ta Đến Đây! (Phần 1)","666"
"27334","180","Chương 220: Tần Minh, Ta Đến Đây! (Phần 2)","682"
"25818","164","Chương 145: Tỉnh Dần","164"
"27335","180","Chương 221: Giữa Sinh Tử","699"
"27336","180","Chương 222: Cái Giá (Phần 1)","716"
"27337","180","Chương 223: Cái Giá (Phần 2)","735"
"24767","149","Phát hành ngày 13 tháng 8, cập nhật mỗi thứ Ba","1"
"24768","149","Không thể nào","2"
"24769","149","Đừng để cảm xúc cá nhân xen vào","3"
"24771","149","Không cần nữa đâu","5"
"24772","149","Không tổ chức sinh nhật","6"
"24773","149","Không phải vì cậu","7"
"24775","149","Không làm kẻ chen chân","9"
"24777","149","Không thể thay thế","11"
"24780","149","Biến mất rồi","14"
"24781","149","Không phải người như thế","15"
"24782","149","Không nhớ rõ lắm","16"
"24785","149","Thông báo sự kiện lật thẻ","19"
"24786","149","Không được","20"
"24787","149","Đừng dùng cảm xúc","21"
"24788","149","Không thể cưỡng lại","22"
"24789","149","Không tự nhiên","23"
"24790","149","Giáng sinh vui vẻ","24"
"24791","149","Không nên nói","25"
"24792","149","Đừng phân tâm","26"
"24793","149","Ngoại truyện SAN SAN LOVE 1","27"
"24794","149","Ngoại truyện SAN SAN LOVE 2","28"
"24795","149","Chúc mừng năm mới","29"
"24796","149","Ngoại truyện SAN SAN LOVE 3","30"
"24797","149","Không tệ","31"
"24798","149","Thông báo","32"
"24800","149","Còn sao nữa?","34"
"24801","149","Đêm không ngủ","35"
"24802","149","Không ở lại với tôi à?","36"
"24805","149","Khá tốt","39"
"24806","149","Không quan tâm","40"
"24807","149","Không được đến gần nữa","41"
"24808","149","Sẽ không chủ động","42"
"24809","149","Không nói với tôi à?","43"
"24810","149","Không phải tôi, không phải tôi","44"
"24811","149","Không đúng rồi","45"
"24812","149","Không tin vào sự trùng hợp","46"
"25852","173","01 Tôi Muốn Xuất Sơn","1"
"25851","164","Chương 176: Cộng Thêm Một","197"
"27338","180","Chương 224: Đạo Tâm · Hỏa Tâm (1)","751"
"27339","180","Chương 230: Xâm Phạm Thục Sơn (Phần 3)","872"
"27340","180","Chương 232: Thời Khắc Nguy Cấp (Phần 1)","906"
"27341","180","Chương 237: Sẽ Không Rời Đi (Phần 1)","998"
"27342","180","Chương 238: Sẽ Không Rời Đi (Phần 2)","1017"
"27343","180","Chương 239: Rời Nhà (Phần 1)","1034"
"27344","180","Chương 240: Rời Nhà (Phần 2)","1047"
"27345","180","Chương 241: Lựa Chọn Của Tích Ca","1068"
"27346","180","Chương 245: Phá Kén (Phần 4)","1137"
"27347","180","Chương 247: Phá Kén (Phần 6)","1170"
"27348","180","Chương 249: Khởi Hành (Phần 1)","1205"
"27349","180","Chương 250: Khởi Hành (Phần 2)","1223"
"27350","180","Chương 253: Lên Núi, Xuống Núi (Phần 2)","1287"
"27351","180","Chương 258: Ảo Ảnh Sư Đà (1)","1394"
"27352","180","Chương 259: Ảo Ảnh Sư Đà (2)","1408"
"27353","180","Chương 265: Cao Thủ","1965"
"27354","180","Chương 267: Gặp Gỡ (Phần 2)","1993"
"27355","180","Chương 272: Thác Tòa Lý Thiên Vương (Phần 1)","2223"
"27356","180","Chương 277: Thủy Triều Thú Hỗn Độn (Phần 1)","2321"
"27357","180","Chương 278: Thủy Triều Thú Hỗn Độn (Phần 2)","2345"
"27358","180","Chương 280: Bí Mật Tạo Hóa (2)","2396"
"27359","180","Chương 281: Bí Mật Tạo Hóa (3)","2415"
"27360","180","Chương 282: Con Đường Tương Lai","2425"
"27361","180","Chương 283: Bí Mật Thánh Điện","2451"
"27362","180","Chương 284: Mở! Cửa Ngàn Yêu (Phần 1)","2464"
"27363","180","Chương 291: Niêm Phong Ban Đầu Giải Thoát (4)","2592"
"27364","180","Chương 293: Ký Ức Đẫm Máu (2)","2626"
"27365","180","Chương 298: Đột Nhập! Cửa Ngàn Yêu (Phần 1)","2699"
"27366","180","Chương 299: Đột Nhập! Cửa Ngàn Yêu (Phần 2)","2719"
"27367","180","Chương 301: Đột Nhập! Cửa Ngàn Yêu (Phần 4)","2767"
"27368","180","Chương 302: Chiến Trận Truyền Tâm (1)","2778"
"27369","180","Chương 305: Sợ Hãi · Vô Sợ (1)","2826"
"27370","180","Chương 306: Sợ Hãi · Vô Sợ (2)","2848"
"27371","180","Chương 312: Áo Nghĩa · Tâm Hỏa Tương Ứng (1)","2958"
"27372","180","Chương 313: Áo Nghĩa · Tâm Hỏa Tương Ứng (2)","2969"
"27373","180","Chương 316: Niêm Phong Cuối Cùng (2)","3012"
"27374","180","Chương 317: Mưu Đồ Kumamoto (1)","3030"
"28188","132","Phê cũng như chó sợ, có cũng như chó.","42"
"28189","132","Xin đừng làm phiền nhân viên.","43"
"28190","132","Rối loạn ám ảnh cưỡng chế tuy nhỏ, nhưng cũng là bệnh.","44"
"28191","132","Bản năng làm mẹ không cần lý do.","45"
"28193","132","Chơi lửa rồi tè lên bếp.","47"
"28194","132","Hải yến là một loài chim tốt.","48"
"28195","132","Năng lượng TUTU!","49"
"28196","132","Nơi nào có nước, nơi đó có Long Vương trú ngụ.","50"
"28198","132","Tiếp tục nối tiếp lần trước.","52"
"28200","132","Ngày đầu năm mới: mỗi năm đều thức khuya tám chuyện và làm chủ mic tại KTV.","54"
"28201","132","Chúc mừng Ngày đầu năm mới!","55"
"28202","132","Về một số kỹ năng ẩn của Đại Quang Tương.","56"
"28204","132","Hàng ngày bị 'ngược' tình cảm.","58"
"28205","132","Ký sự Ngọc Các.","59"
"28207","132","Bốn năm sáu ngẩng đầu lên, bảy tám chín chúng ta lái xe đến mặt trăng.","61"
"28208","132","Trôi, trôi, trôi một cách tự hào.","62"
"28210","132","Chúng tôi sẽ làm bạn rung chuyển","64"
"28211","132","Lạnh.","65"
"28212","132","Diễn xuất.","66"
"28213","132","Vì phải tổ chức họp năm, tôi không nghĩ ra được câu khẩu hiệu.","67"
"28214","132","Niềm vui của việc đổi quà là sự bất ngờ khi mở ra.","68"
"28215","132","Gần đến năm mới, người vui kẻ lo thú.","69"
"25901","173","50 Đánh Nhau Cũng Phải Động Não","56"
"25907","173","56 Cuối Cùng Cũng Nói Ra","65"
"25909","173","58 Đừng Lắc Tôi!","67"
"25912","173","61 Những Kẻ Diễn Xuất","70"
"25922","173","71 Thông Thiên Thành","81"
"25927","173","76 Lợi Ích Trên Hết","86"
"25937","173","86 Mưu Mẹo Của Kẻ Gian Thương","96"
"27952","157","Tài liệu 1: Áp phích","1"
"27953","157","Lời nói khởi động","2"
"27954","157","Mở đầu (Phần trên)","3"
"27956","157","Tập 01 (Phần trên) Kỳ tích K","5"
"27963","157","Tập 06 Máu và hoa","12"
"25935","173","84 Phạm Quy","94"
"25930","173","79 Khu B, Tôi Đến Rồi!","89"
"25940","173","89 Đối Đầu","99"
"25947","173","96 Định Mệnh Của Chúng Ta","106"
"25956","173","105 Tôi hiểu hết rồi!","115"
"25964","173","113 Cảnh sát thần thông tan làm sớm thật","124"
"27955","157","Mở đầu (Phần dưới)","4"
"27957","157","Tập 01 (Phần dưới) Kỳ tích K","6"
"27958","157","Tập 02 (Phần trên) Họp báo","7"
"27959","157","Tập 02 (Phần dưới) Họp báo","8"
"27960","157","Tập 03 Nguy hiểm","9"
"27961","157","Tập 04 Đối đầu","10"
"27962","157","Tập 05 Ký ức vỡ vụn","11"
"27964","157","Tập 07 Dị biến","13"
"27965","157","Tập 08 Người quan trọng nhất","14"
"27966","157","Tập 09 Tây Phư·Bố Lý Sī","15"
"27967","157","Tập 10 Tháp Trắng","16"
"27968","157","Tập 11 Vỏ bọc “Hoàn hảo”","17"
"27969","157","Phúc lợi sự kiện: Áp phích Thất Tịch","18"
"27970","157","Tập 12 Thức tỉnh bí ẩn","19"
"27971","157","Tập 13 Ý chí tự do","20"
"27972","157","Tập 14 Người khác?","21"
"27973","157","Tập 15 Mùi hôi","691"
"27974","157","Tập 16 Người trong gương","704"
"25277","155","Dự báo phát hành ngày 22 tháng 1!","1"
"25278","155","Chương 1: Thức Tỉnh Thần Tức","2"
"25279","155","Chương 2: Bệnh Viện Bị Tấn Công","3"
"25280","155","Chương 3: Bí Ẩn Thân Thế","4"
"25281","155","Chương 4: Bùng Phát Lần Nữa","6"
"25282","155","Chương 5: Ngày Đầu Vào Học Viện","7"
"25283","155","Chương 6: Tại Sao Tôi Phải Chạy?","8"
"25284","155","Chương 7: Ác Yêu Phát Cuồng","9"
"25285","155","Chương 8: Năm Kỳ Thi Huyền Lực","10"
"25286","155","Chương 9: Kỳ Thi Đầu Tiên","11"
"25287","155","Chương 10: Huyền Lực Của Em Gái!","12"
"25288","155","Chương 11: Thế Công Như Bẻ Tre","13"
"25289","155","Chương 12: Một Mạch Tới Đích","14"
"26646","186","Thông báo","3"
"25966","173","115 Bố thật sự giấu nghề","126"
"25967","173","116 Cuộc thảm sát đẫm máu","127"
"25971","173","120 Nói mày ngu mà mày còn mút tay thật","132"
"25977","173","126 Đánh bại thằng em nhỏ của tôi","138"
"25290","155","Chương 13: Tình Huống Đột Biến","15"
"25291","155","Chương 14: Năng Lực Của Em Gái","16"
"25292","155","Chương 15: Tái Ngộ","17"
"25293","155","Chương 16: Bí Ẩn Huyền Lực","18"
"25294","155","Chương 17: Cứu Mỹ Nhân?","19"
"25295","155","Chương 18: Người Trong Giấc Mơ","20"
"25296","155","Chương 19: Trở Lại Nhà Hàng","21"
"25297","155","Chương 20: Mời Quân Vào Bẫy","22"
"25298","155","Chương 21: Lộ Diện Thật","23"
"25299","155","Chương 22: Đại Trí Như Ngu","24"
"25300","155","Chương 23: Tình Thế Đảo Ngược","25"
"25301","155","Chương 24: Cảnh Đẹp Gợi Cảm","26"
"25302","155","Chương 25: Thời Khắc Khủng Hoảng?","27"
"25303","155","Chương 26: Gặp Gỡ Lãng Mạn","28"
"25304","155","Chương 27: Phần Hồ Yêu","30"
"25305","155","Chương 28: Phần Hồ Yêu 2","31"
"25306","155","Đơn Xin Nghỉ","32"
"25307","155","Chương 29: Phần Hồ Yêu 3","33"
"25308","155","Chương 30: Phần Hồ Yêu 4","34"
"25309","155","Chương 31: Phần Hồ Yêu 5","35"
"25310","155","Chương 32: Phần Hồ Yêu 6","36"
"25311","155","Chương 33: Phần Hồ Yêu 7","37"
"25312","155","Chương 34: Phần Hồ Yêu 8","38"
"25313","155","Chương 35: Phần Hồ Yêu 9 - Khủng Hoảng Đến Gần","39"
"25314","155","Chương 36: Phần Hồ Yêu 10 - Đại Yêu Lộ Diện","40"
"25315","155","Chương 37: Phần Hồ Yêu 11 - Đừng Nghĩ Đến Việc Động Vào Anh Ấy","41"
"25316","155","Chương 38: Phần Hồ Yêu 12","42"
"25317","155","Chương 39: Phần Hồ Yêu 13","43"
"25318","155","Chương 40: Phần Hồ Yêu Kết Thúc","44"
"27975","157","Phúc lợi áp phích Trung Thu","716"
"27976","157","Tập 17 Quá khứ","726"
"27977","157","Tập 18 Điềm báo","742"
"27978","157","Tập 20 Mỹ nhân chết người","771"
"27979","157","Tập 21 Lưỡi dao khác biệt (Phần trên)","2351"
"25989","167","Chương 2: Con Đường Không Thể Tránh","2"
"26001","167","Chương 13: Tuyệt Đối Không Thừa Nhận Thua","19"
"26007","167","Chương 18: Kết Quả Khó Phân Định","26"
"28002","168","Chương 22","24"
"28024","168","Chương 44","47"
"26177","175","14 Ai dạy bạn những điều này?","17"
"26056","167","Thần Vũ Chi Linh Chương 61: Tạ Vô Vi và Thủy Nhược Nhược","86"
"28033","168","Chương 53","56"
"28065","168","Chương 85","92"
"28067","168","Chương 87","94"
"26212","175","49 Những đứa trẻ không cha mẹ","55"
"26072","167","Thần Vũ Chi Linh Chương 76: Thần Vũ Chi Linh","102"
"26075","167","Thần Vũ Chi Linh Chương 79: Gian Lận","105"
"26076","167","Thần Vũ Chi Linh Chương 80: Cậu Thắng Rồi","106"
"26079","167","Thần Vũ Chi Linh Chương 83: Hiểu Lầm Bất Đắc Dĩ","109"
"27659","137","Mở đầu: Câu chuyện của chàng trai xa xôi","4"
"27660","137","Chương 1-01: Mặc Lang và Bạch Kỳ","5"
"28100","168","Chương 120","644"
"27661","137","Chương 1-02: Cây Cán Bột","6"
"27663","137","Chương 1-04: Bộ Giáp Chiến Chống Rồng Phi 2.0","8"
"27664","137","Chương 1-05: Đấu Tay Đôi","9"
"27665","137","Chương 1-06: Bạch Long! Phản Công Tuyệt Vọng!","10"
"27666","137","Chương 1-07: Ma Quỷ Huyết Nhẫn U Thung","11"
"27667","137","Chương 1-08: Song Long Đen Trắng","13"
"27668","137","Chương 2-01: Sát Thủ Bí Ẩn","16"
"27669","137","Chương 2-02: Dẫn Khí, Dẫn Lưỡi Kiếm Tiến Lên","17"
"27670","137","Chương 2-03: Sát Thủ Bóng Tối","18"
"27672","137","Chương 2-05: Còn Ai Nữa?","20"
"27673","137","Chương 2-06: Quyết Tâm","21"
"27674","137","Chương 2-07: Bắt Đầu Hành Trình","23"
"27675","137","Trình Diễn Fan Số 1","25"
"27676","137","Chương 3-01: Lần Đầu Đến Nước Bất Ngữ","26"
"27678","137","Chương 3-03: Tạng Ngữ Các","28"
"27679","137","Chương 3-04: Xạ Thủ! Jack Ma!","29"
"27680","137","Chương 3-05: Ta Muốn Đấu Với Ngươi!","30"
"27681","137","Chương 3-06: Người Thành Phố VS Dân Quê","31"
"27682","137","Chương 3-07: Chiến Thuật Của Mặc Lang","32"
"27683","137","Chương 3-08: Ta Sẽ Thắng Cho Ngươi Xem!","33"
"27684","137","Chương 3-09: Một Đao Hai Đoạn","34"
"27685","137","Chương 3-10: Giam Cầm","35"
"27686","137","Chương 3-11: Sức Mạnh Đó...","36"
"27687","137","Trình Diễn Fan Số 2","37"
"27688","137","Chương 4-01: Thiên Ngữ","38"
"27689","137","Chương 4-02: Độc Phát","39"
"27690","137","Chương 4-03: Đệ Tử Thần Y","40"
"27691","137","Chương 4-04: Bí Mật Của Tâm Ngữ","41"
"26095","167","Thần Vũ Chi Linh chương 99: Phụ Vương","127"
"26104","167","Thần Vũ Chi Linh chương 108: Cang Thu qua đời","136"
"27692","137","Chương 4-05: Đại Ấu","42"
"27693","137","Chương 4-06: Bắt Đầu Tu Luyện!","43"
"27695","137","Chương 4-08: Hoang Mang","45"
"27696","137","Chương 4-09: Quyết Tâm Của Bạch Kỳ","46"
"26122","167","Thần Vũ Chi Linh chương 126: Lại thêm 3 người nữa","154"
"27697","137","Chương 4-10: Song Long Đen Trắng VS Thiên Ngữ","47"
"27698","137","Chương 4-11: Tiếp Theo Đến Lượt Ngươi","48"
"27699","137","Chương 4-12: Quán Xoay Tiễn!","49"
"27700","137","Chương 4-13: Tin Xấu Và Hy Vọng","50"
"27701","137","Chương 4-14: Tiến Đến Nước Thần Nông!","51"
"27702","137","Trình Diễn Fan Số 3","52"
"27703","137","Chương 5-01: Chuẩn Đoán Của Thần Y","53"
"27704","137","Chương 5-02: Khủng Hoảng Đến Gần","54"
"27705","137","Chương 5-03: Đặc Công Quốc Gia Sītè","55"
"27706","137","Chương 5-04: Phẫn Nộ! Hắc Long!","56"
"27707","137","Chương 5-05: Dù Không Thể Thắng","57"
"27708","137","Chương 5-06: Đổi Mạng Đời","58"
"27709","137","Chương 5-07: Cuồng Nộ!","59"
"27710","137","Chương 5-08: Đại Pháp Huyết Ma","60"
"27711","137","Chương 5-09: Kỳ Lân","62"
"27712","137","Chương 5-10: Điều Ta Có Thể Làm Cho Ngươi","63"
"27713","137","Trình Diễn Fan Số 4","64"
"27714","137","Tiểu Kịch Trường Kỷ Niệm Một Năm","65"
"27715","137","Chương 6-01: Mặc Lang và Bạch Kỳ","66"
"27716","137","Chương 6-02: Huynh Đệ","67"
"27717","137","Chương 6-03: Mất Kiểm Soát","68"
"27718","137","Chương 6-04: Thảm Sát","69"
"27719","137","Chương 6-05: Đợi Ta Trở Về","70"
"27721","137","Chương 6-07: Trừ Huyết Ma","72"
"27722","137","Chương 6-08: Vì Ta Có Người Cần Bảo Vệ","73"
"27723","137","Chương 6-09: Liên Tàng","74"
"27724","137","Chương 6-10: Liên Hoa Nhất Hiện","75"
"27725","137","Chương 6-11: Tiến Đến Nước Đại Lực","76"
"27726","137","Trình Diễn Fan Số 5","77"
"26247","175","82 Huyệt chết","95"
"26125","167","Thần Vũ Chi Linh chương 129: Tô Mạc tỉnh lại","157"
"26139","167","Chương 143: Hồ Hài thức tỉnh","174"
"27727","137","Chương 7-01: Nước Đại Lực!","79"
"27728","137","Chương 7-02: Hiểu Lầm","80"
"27729","137","Chương 7-03: Tư Cách","15"
"27730","137","Chương 7-04: Mỗi Người Tiến Bước","24"
"27731","137","Chương 7-05: Thất Tình","78"
"27732","137","Chương 7-06: Tuổi Trẻ Thật Tuyệt","81"
"27733","137","Thông Báo Tạm Dừng Cập Nhật","82"
"27734","137","Chương 7-07: Kiểm Tra","83"
"27735","137","Chương 7-08: Lời Mời","84"
"27736","137","Chương 7-09: Đại Hội Võ Thuật","85"
"27737","137","Chương 7-10: Mặc Lang vs Viên Viên Liễm","86"
"27738","137","Chương 7-11: Là Đàn Ông Thì Về Nhà Mà Khóc","87"
"27739","137","Chương 7-12: Quốc Gia Sītè, Tấn Công!","88"
"27740","137","Chương 7-13: Mệnh Lệnh Của Kỳ Lân","89"
"27741","137","Trình Diễn Fan Số 6","90"
"27742","137","Bình Chọn Nhân Khí Song Long Đen Trắng","91"
"27743","137","Chương 8-01: Swin Sen","92"
"27744","137","Chương 8-02: Cứu Hộ Khẩn Cấp","93"
"27745","137","Chương 8-03: Kỳ Lân VS Sen","94"
"27746","137","Chương 8-04: Thắng Bại","95"
"27747","137","Chương 8-05: Lựa Chọn","96"
"26164","175","01 Đến đi, làm tất cả những gì bạn muốn","4"
"26165","175","02 Muốn tôi tha cho anh ta? Khóc và cầu xin tôi đi","5"
"26166","175","03 Trò chơi của người lớn","6"
"26167","175","04 Từ nay trở đi, tôi lại một mình","7"
"26168","175","05 Không được rời xa tôi nửa bước","8"
"26169","175","06 Bạn làm tôi đau rồi!","9"
"26170","175","07 Đây là hình phạt dành cho cô ấy","10"
"26172","175","09 Không... thể chịu được nữa...","12"
"26173","175","10 Trái tim con gái","13"
"26174","175","11 Hương tắm","14"
"26175","175","12 Có thể cân nhắc chút được không?","15"
"26171","175","08 Tại sao bị kẹt vậy?","11"
"26176","175","13 Nghe lời chưa?","16"
"26162","167","Chương 166: Kính chào Điện Hạ!","199"
"27748","137","Chương 8-06: Ngươi Tin Ta Chứ?","97"
"27749","137","Chương 8-07: Sống Sót","98"
"27750","137","Chương 8-08: Sỉ Nhục","527"
"27751","137","Chương 8-09: Thức Tỉnh","539"
"27752","137","Chương 8-10: Hỗn Chiến","550"
"27764","137","Phần 2 Chương 1 Tập 4: Con Đường Báo Thù","2379"
"27765","137","Phần 2 Chương 3 Tập 3: Cạm Bẫy của Lý Dao","2390"
"27767","137","Phần 2 Chương 3 Tập 6: Hy Vọng","2393"
"27768","137","Phần 2 Chương 4 Tập 5: Căn Cứ Thí Nghiệm Phía Bắc","2401"
"27770","137","Phần Phụ 5: Chúc May Mắn Kỳ Thi Đại Học","2416"
"27771","137","Phần 2 Chương 7 Tập 1: Nếu Tôi Không Tồn Tại Thì Tốt Hơn","2714"
"27772","137","Phần 2 Chương 7 Tập 2: Mau Tỉnh Lại","2715"
"27773","137","Phần 2 Chương 7 Tập 5: Lời Hứa","2727"
"28401","148","Chương 2: Kẻ thù hay bạn bè","2"
"28406","148","Chương 7: Người bạn mới","10"
"26188","175","25 Tôi không bao giờ muốn gặp lại bạn!","28"
"26192","175","29 Mối quan hệ của họ quả thật không tầm thường!","32"
"26199","175","36 Cơ thể... không thể cử động...","39"
"26216","175","53 Nửa đời còn lại đã được định sẵn","62"
"26230","175","Gửi đến mọi người thân yêu","76"
"28110","166","Bác","12"
"28113","166","Người đốn củi (Phần 1)","8"
"28138","166","Thần Núi (Phần 2)","36"
"27505","140","Hung Sát Hiện Hành","9"
"27506","140","Ác Chiến Hung Sát","10"
"27507","140","Côn Ngô Kiếm Xuất","11"
"27508","140","Trượng Nghĩa Thí Cứu","12"
"27509","140","Bích Hồ Tỉnh Thức","13"
"27510","140","Chạy Trốn Trong Mưa","14"
"27511","140","Tứ Đại Kiếm Môn","15"
"27512","140","Châm Phong Tương Đối","16"
"27513","140","Mưa Rò Rỉ Càng Tàn Khốc","17"
"27514","140","Họa Khởi Thanh Trữ","18"
"27515","140","Cùng Cực Hung Ác","19"
"27516","140","Sinh Mệnh Treo Trên Sợi Chỉ","20"
"27517","140","Chỉ Thân Dẫn Địch","21"
"27518","140","Quân Tử Thản Đãng","22"
"27519","140","Vô Tình Lạc Vào Cấm Địa","23"
"27520","140","Chỉ Thiên Thệ Nhật","24"
"27521","140","Đao Thi Hiện Thân","25"
"27522","140","Tấm Lòng Cứu Chuộc","26"
"27523","140","Thanh Quỷ Đao Xích Nhãn","27"
"27524","140","Sư Đồ Đoạt Đao","30"
"27525","140","Đột Kích Từ Phía Sau","31"
"27526","140","Thù Sắc Điêu Linh","33"
"27527","140","Phong Hỏa Tuyệt Cảnh","41"
"27528","140","Đao Thi Liên Thủ","45"
"27529","140","Khiên Trường Chi Tơ","47"
"27530","140","Bất Tín Quỷ Thần","48"
"27531","140","Suyuan Ma Tông","49"
"27532","140","Đoạt Xá Đại Pháp","50"
"26249","175","84 Vậy thì, tạm biệt...","98"
"26261","175","96 Xóa ký ức?","112"
"26266","175","101 Vậy anh ấy có từng nói","117"
"27534","140","Khứu Văn Thiết Tâm","52"
"27535","140","Sa Lợi Công Kích","54"
"27536","140","Xưng Huynh Đạo Đệ","55"
"27537","140","Phù Cổ Tương Ứng","56"
"27538","140","Tựu Cận Nhập Thành","58"
"27539","140","Bạch Nhật Lưu Ảnh","60"
"27540","140","Kiếm Bát Nỗ Trương","61"
"27541","140","Ám Hương Phù Động","62"
"27542","140","Chú Yêu Ngưu Nhĩ","63"
"27543","140","Vô Dụng Chi Dụng","64"
"27544","140","Thiện Phòng Bang Công","65"
"27545","140","Tam Phủ Cạnh Phong","67"
"27546","140","Hưởng Hựu Lăng Ba","68"
"27547","140","Tướng Quân Lai Sứ","69"
"27548","140","Bất Giác Vân Thượng","71"
"27549","140","Nông Phu Dữ Xà","73"
"27550","140","Hổ Thiền Sát Tuyệt","74"
"27551","140","Thanh Quỷ Đao Thiên Liệt","76"
"27553","140","Đao Hoàng Truyền Nhân","79"
"27554","140","Bắc Quan Thất Nhật","80"
"27555","140","Cô Diệp Tụ Tập + Thỉnh Giả Thông Báo","81"
"27556","140","Tranh Chúc Tết 2020","83"
"27557","140","Cổ Chi Lộ","84"
"27558","140","Đao Ý Hô Ứng","85"
"27559","140","Vô Song Khoái Trảm","86"
"27560","140","Xông Nhập Thiên Viện","87"
"27561","140","Vô Lễ Thế Tử","88"
"27562","140","Tỷ Đệ Tương Xưng","89"
"27563","140","Đặt Cược Một Ván + Tranh Chúc","90"
"27564","140","Thiên Liệt Chi Độc","92"
"27565","140","Bạt Kiếm Tương Hướng","94"
"27566","140","Tự Thứ Biệt Quá","95"
"27567","140","Hoạt Động: Chủ Bút Hỏi Đáp","96"
"27568","140","Lộc Lập Đinh Châu","97"
"27569","140","Đăng Môn Bái Phỏng","98"
"27570","140","Thù Nhân Kiến Diện","99"
"27571","140","Yên Vũ Phong Vân","100"
"26283","175","119 Hiểu rõ hơn","135"
"26288","175","124 Bạn trông dễ thương hơn khi không đeo kính","140"
"26301","175","137 Cướp hôn lễ?","153"
"27572","140","Thiên Hành Vạn Thừa","101"
"27573","140","Liệt Diễm Chi Nhận","102"
"27574","140","Tất Đoạn Thiên Kiếm","103"
"27575","140","Tất Tử Bảo Chứng","104"
"27576","140","Nội Công Khí Thất","105"
"27577","140","Trà Phố Phục Kích","106"
"27578","140","Thủ Phong Tán Tức","107"
"27579","140","Chân Thực Thực Lực","108"
"27580","140","Khiên Cơ Xích Huyết","109"
"27581","140","Đột Xuất Trọng Vi","110"
"27582","140","Ngân Hoàn Kim Tuyến","111"
"27583","140","Xà Huyết Bách Túc","112"
"27584","140","Mục Hậu Chủ Sỉ","113"
"27585","140","Sách Ảnh Cứu Chủ","114"
"27586","140","Khiêu Thủy Dẫn Địch","115"
"27587","140","Đạo Tông Thánh Khí","116"
"27588","140","Hỏa Bích Đan Tuyệt","117"
"27589","140","Kim Giáp Cấm Tuyệt","118"
"27591","140","Tàng Diệp Ứ Linh","120"
"27592","140","Độn Nhập Hư Tĩnh","121"
"27593","140","Phật Nhập Đông Hải","122"
"27594","140","Tiểu Kịch Trường","123"
"24922","147","Chương 8: Mộ Cổ Gia Tộc Dương","8"
"24923","147","Chương 9: Quan Tài Sấm","9"
"24924","147","Chương 10: Tôi Tên Là Trương Khởi Linh","10"
"24925","147","Chương 11: Lại Xuống Mộ","11"
"24926","147","Chương 12: Lại Xuống Mộ (Phần 2)","12"
"24927","147","Chương 13: Lại Xuống Mộ (Phần 3)","14"
"24928","147","Chương 14: Nguy Hiểm Dưới Mộ (Phần 1)","15"
"24929","147","Chương 14: Nguy Hiểm Dưới Mộ (Phần 2)","17"
"24930","147","Chương 15: Kính Đen","18"
"24931","147","Chương 16: Đừng Nói Nhiều, Cởi Ra.","22"
"24932","147","Chương 17: Nhân Cơ Hội Cắt Dầu","23"
"24933","147","Chương 18: Phá Vỡ Bình Yên","24"
"24934","147","Chương 19: Bộ Ba Sắt Hợp Thể","25"
"24935","147","Chương 20: Ngô Nhị Bạch (Phần 1)","26"
"24936","147","Chương 20: Ngô Nhị Bạch (Phần 2)","27"
"26328","175","165 Lăng Tâm, thật sự là bạn sao?","181"
"27595","140","Thập Phương Chuyển Kinh","124"
"27596","140","Tê Phượng Chi Sở","125"
"24937","147","Chương 21: Về Nhà Với Tôi","28"
"24939","147","Chương 22: Bạn Là Ông Chủ (Phần 2)","30"
"24940","147","Chương 23: Bắt Đầu Kiểm Tra (Phần 1)","32"
"24941","147","Chương 23: Bắt Đầu Kiểm Tra (Phần 2)","33"
"24942","147","Chương 24: Xuất Phát, Đón Cao Nhân! (Phần 1)","34"
"24943","147","Chương 24: Xuất Phát, Đón Cao Nhân! (Phần 2)","36"
"24944","147","Chương 25: “Cao Nhân” Lưu Tang","37"
"24945","147","Chương 26: Khủng Hoảng Bốn Phương","38"
"24946","147","Chương 27: Cổng Mộ","39"
"24947","147","Chương 28: Chôn Sống?!","40"
"24948","147","Chương 29: Tam Diệp (Phần 1)","41"
"24949","147","Chương 29: Tam Diệp (Phần 2)","42"
"24950","147","Chương 30: Làm Giao Dịch (Phần 1)","43"
"24951","147","Chương 30: Làm Giao Dịch (Phần 2)","44"
"24952","147","Chương 31: Tượng Sấm","45"
"24953","147","Chương 32: Bích Họa Kinh Dị","46"
"24955","147","Chương 33: Xác Ướp Phòng Bí Mật (Phần 2)","48"
"27597","140","Tước Phát Nhập Tự","126"
"27598","140","Điều Tra Ban Đêm","127"
"27599","140","Hóa Thân Thành Tu La","128"
"27600","140","Đối Mặt Nỗi Sợ","129"
"27601","140","Thai Tức Bẩm Sinh","130"
"27602","140","Khí Chân Khác","131"
"27603","140","Dịch Cân Hoán Cốt","132"
"27604","140","Ba Ngàn Vũ Vũ","133"
"27605","140","Lăng Vân Luận Chiến","134"
"27607","140","Tật Lệ Quỷ Thủ","136"
"27608","140","Kẻ Thù Gặp Nhau Trên Đường Hẹp","137"
"27609","140","Khủng Hoảng Mới","138"
"27610","140","Gặp Lại Xà Huyết","139"
"27611","140","Nhẫn Nhục Chứa Nỗi Nhục","140"
"27612","140","Bên Trong Bên Ngoài Phòng Bí Mật","141"
"27613","140","Chúc Mọi Người Năm Mới Vui Vẻ!","142"
"27614","140","Đường Cong Khúc","143"
"27615","140","Cứu Người Trong Hỗn Loạn","144"
"27616","140","Dấu Vết Quỷ Vương","145"
"27617","140","Hẹn Gặp Giờ Tý","146"
"27618","140","Song Minh Tụ Hội","147"
"27619","140","Ba Mươi Năm Trước","148"
"27620","140","Sát Thần Thích Máu","149"
"27621","140","Mím Môi Liếm Lưỡi","150"
"27623","140","Tam Tài Tái Hội","152"
"27624","140","Cược Lần Hai","153"
"27625","140","Chân Thân Quỷ Vương","154"
"27627","140","Giải Thích Lần Hai Đau Lòng","156"
"27628","140","Thông Báo Tạm Ngưng Xuất Bản","157"
"27629","140","Chuẩn Bị Tiếp Tục Cập Nhật","158"
"27630","140","Ta Tên Quyền Dư","159"
"27631","140","Khói Khóa Kinh Mạch","160"
"27632","140","Hai Buồng Khí","161"
"27633","140","Sương Mù Hư Tĩnh","162"
"27634","140","Bắt Người Làm Con Tin","163"
"27635","140","Thành Ý Đế Cốc","164"
"27636","140","Chuyện Cũ Năm Đảo","165"
"27637","140","Hợp Tác Thành Công","166"
"27638","140","Mở Rộng Thần Vực","793"
"27639","140","Thần Quân Dạ Hành","1034"
"27640","140","Người Đáng Quý","1097"
"27641","140","Không Lo Trợ Lực","1226"
"27642","140","Mở Tủ Thánh","1355"
"27643","140","Thế Huyết Sôi","1412"
"27644","140","Ta Nguyện Là Lưỡi Đao","1421"
"27645","140","Cùng Ngươi Cộng Sinh","1455"
"27646","140","Tiền Bối Tiêu","1564"
"27647","140","Ngươi Hãy Đi","1577"
"27648","140","Có Thể Gánh Vác Trọng Trách","1595"
"27649","140","Bị Lộ Danh Tính","1695"
"27650","140","Trước Bắt Bùi Liệt","1708"
"27651","140","Thiên Phật Hạ Thế","1888"
"27652","140","Sửa Chữa Thần Thức","1965"
"27654","140","Thế Giới Lý Tưởng","2553"
"27655","140","Thông Báo Xin Nghỉ","2566"
"27656","140","Yến Giật Mình Trong Mưa Gió","2767"
"26382","177","Chương 46","57"
"26390","177","Giấy xin nghỉ","68"
"26392","177","Chương 56","70"
"27657","140","Đoạt Kiếm Sát Nhân","2795"
"27658","140","Đêm Thăm Xích Liên","2910"
"28156","132","Cạo râu","10"
"28171","132","Lễ hội Halloween","25"
"28175","132","Sau buổi lễ hội","29"
"25475","156","Chương 19","21"
"26415","177","Chương 78","96"
"26419","177","Chương 82","100"
"26426","177","Chương 90","108"
"26443","177","Chương 108","127"
"25476","156","Chương 20","22"
"25477","156","Chương 21","23"
"25478","156","Chương 22","24"
"25479","156","Chương 23","25"
"25480","156","Chương 24","26"
"25481","156","Chương 25","27"
"25489","156","Chương 32","36"
"25490","156","Chương Cuối","37"
"24904","146","Chơi Đùa Với Linh Hồn Lạc Lõng","98"
"27389","136","Chương 1 Chương 8 Phần 2","18"
"27390","136","Thông Báo Tạm Dừng Cập Nhật","19"
"27391","136","Chương 1 Chương 9 Phần 1","20"
"27392","136","Chương 1 Chương 9 Phần 2","21"
"27393","136","Chương 1 Chương 9 Phần 3","22"
"25068","150","Bước nhảy 8 — Chương Quân Diễn","12"
"25070","150","Bước nhảy 10 — Chương Quân Diễn","14"
"25099","150","Bước nhảy 39 — Đài Ái","44"
"25131","150","Bước nhảy 71 — Ngô Hạc","77"
"25138","150","Bước nhảy 77 — Cung Kiêu","85"
"25155","150","Bước nhảy 94 — Lý Anh Hồng","102"
"25156","150","Bước nhảy 95 — Lý Anh Hồng","103"
"25164","150","Bước nhảy 103 — Lý Anh Hồng","111"
"25172","150","Bước nhảy 111 — Mạnh Không Sơn","119"
"25187","150","Bước nhảy 126 — Mạnh Không Sơn","134"
"25217","153","Chương 27","31"
"25225","153","Chương 35","39"
"25241","153","Mùa 2 Tập 15: Kẻ tiểu nhân quấy rối","55"
"25242","153","Mùa 2 Tập 16: Tại sao em không dám nhìn anh?","56"
"25261","153","Mùa 2 Tập 35: Khởi đầu ngọt ngào trở lại phim trường","75"
"24907","146","Phân Ly","101"
"28183","132","Không đầu không mặt thật phiền não.","37"
"28186","132","Trời khô và vật dễ cháy.","40"
"25595","154","Chương 97: Thần Nguyệt Hạ Lâm","119"
"25596","154","Chương 98: Giấc Mơ Thành Hiện Thực","120"
"26178","175","15 Tôi nên phạt bạn thế nào đây?","18"
"26179","175","16 Lăng Tâm, mau khỏe lại nhé","19"
"26180","175","17 Tắm chung","20"
"26181","175","18 Anh yêu vợ hay cãi của anh","21"
"26182","175","19 Đừng dùng giọng đó nói với tôi!","22"
"26183","175","20 Biết nghe lời rồi~","23"
"26184","175","21 Lăng Tâm, anh đang mời em","24"
"26185","175","22 Yên tâm, anh sẽ làm cô ấy khóc","25"
"26186","175","23 Anh sẽ nhẹ nhàng mà","26"
"26187","175","24 Ông già 28 tuổi? ... Haha","27"
"26189","175","26 Xin giúp việc gì cũng phải trả giá","29"
"26190","175","27 Người đó không thân thiện","30"
"26191","175","28 Tò mò hại chết mèo","31"
"26193","175","30 Sự dịu dàng của ác quỷ","33"
"26194","175","31 Chúc ngủ ngon, nhím nhỏ của anh","34"
"26195","175","32 Gương mặt cấp SS!","35"
"26196","175","33 Phụ nữ thật phiền phức","36"
"26197","175","34 Đánh cược một ván không?","37"
"26198","175","35 Hy vọng mọi thứ vẫn còn kịp","38"
"26200","175","37 Nhanh vậy mà bạn đã quên tôi rồi","40"
"26201","175","38 Có vẻ bạn ăn no lắm rồi","41"
"26202","175","39 Thức rồi? Công chúa ngủ trong rừng của tôi?","42"
"26203","175","40 Mời thần dễ, tiễn thần khó","43"
"26204","175","41 Sao bạn lại ở trên người tôi?","44"
"26205","175","42 Cố Thiếu Huyền, bạn... cút đi...","48"
"26206","175","43 Bạn đã lấy đi báu vật cuối cùng rồi","49"
"26207","175","44 Dẫn tôi đi chơi đi","50"
"26208","175","45 Sao bạn không bay cùng tôi?","51"
"26209","175","46 Đồ nói dối nhỏ","52"
"26210","175","47 Bạn là người tốt, tôi là kẻ xấu","53"
"26211","175","48 Vào thẳng phần chính luôn nhé?","54"
"26213","175","50 Ngồi xuống, nói chuyện với tôi đi","56"
"26214","175","51 Việc của tôi, bạn không làm được.","57"
"26215","175","52 Bạn rõ ràng lại muốn gây khó dễ cho tôi","59"
"26217","175","54 Tôi không làm thế vì sợ bạn khóc","63"
"26218","175","55 Chuẩn bị chiến trường Tu La!","64"
"26219","175","56 Một cuộc gặp “vui vẻ”","65"
"26220","175","Ngoại truyện: Chúc mừng năm mới!","66"
"26221","175","57 Đế Thiên “Song Đường”","67"
"26222","175","58 Bạn dùng gì để chống lại tôi vậy!","68"
"26223","175","59 Tối nay, bạn phải nghe tôi","69"
"26224","175","60 Lần này tôi nhất định thắng!","70"
"26225","175","61 Đồ ngốc nhỏ","71"
"26226","175","62 Nuông chiều cô ấy thế này sớm muộn cũng có chuyện","72"
"26227","175","63 Cảnh đẹp người đẹp","73"
"26228","175","64 Cảnh·Sắc","74"
"24996","151","1 Hương vị ngọt ngào?","3"
"24997","151","2 Tôi bị bệnh nan y?!","4"
"24998","151","3 Sống chung với thần tượng?","5"
"24999","151","4 Đầy đủ sắc, hương, vị!","6"
"25000","151","5 Livestream thật khó!","7"
"25001","151","6 Kỹ năng vận động tuyệt vời!","8"
"25002","151","7 Đêm hôm đó...","9"
"25003","151","8 Những bánh răng không ngừng quay...","10"
"25004","151","9 Đừng lo lắng khi mở miệng nhé~","11"
"25005","151","10 Thật sự mất ngủ","12"
"25006","151","11 Tắt nó ngay!","13"
"25008","151","13 Thật sự là cái bẫy cho streamer~","15"
"25011","151","16 Vết thương biến mất...","18"
"25012","151","17 Chuyện kỳ lạ còn ít sao?","19"
"25013","151","18 Đã có thể hát lên tiếng!","20"
"25014","151","19 Tôi rất lo cho anh ấy","21"
"25015","151","20 Cho anh ấy chút thời gian","22"
"25016","151","21 Tôi ở bên bạn","23"
"25017","151","22 Giống như viên hồng ngọc","24"
"25019","151","24 Người quan trọng nhất","26"
"25020","151","25 Streamer chim bồ câu","27"
"25021","151","26 Kết thúc chết chóc","28"
"25022","151","27 Hạnh phúc ngây thơ","29"
"25024","151","29 Vậy thì chia tay đi","31"
"25025","151","30 Khởi đầu của sự suy tàn","32"
"25026","151","31 Sẽ không thất vọng!","33"
"25027","151","32 Không được đánh nhau nhé~","34"
"25028","151","33 Anh trai của Tiểu Lạc","35"
"25029","151","34 Truyền thuyết cổ xưa","36"
"25030","151","35 Những thứ xa xỉ","37"
"25031","151","36 Phong cách ngọt ngào dễ thương~","38"
"25032","151","37 Cùng ngủ nhé","39"
"25033","151","38 Ru tôi ngủ đi~","40"
"25034","151","39 Bạn cũng là fan của Anh Xi sao!?","41"
"25035","151","40 Bạn nhìn thấy anh ấy?","42"
"25036","151","41 Linh hồn mới mất","43"
"25037","151","42 Thật sự nhớ anh ấy","44"
"25038","151","43 Chỉ thuộc về tôi","45"
"25039","151","44 Hai Anh Xi","46"
"25040","151","45 Chú ý an toàn nhé","47"
"25041","151","46 Vật được thèm muốn","48"
"25042","151","47 Anh ấy nhìn thấy tôi","49"
"25043","151","48 Trước khi mọi chuyện tệ hơn...","50"
"25044","151","49 Một món hời","51"
"25045","151","50 Anh trai không đến sao?","52"
"25046","151","51 Tôi sẽ rời đi","53"
"25047","151","52 Một phần mười triệu","54"
"25049","151","54 Bộ sưu tập của anh trai","56"
"25050","151","55 Sao bạn đền bù cho tôi?","57"
"25051","151","56 Bạn rất quan tâm đến anh ấy","58"
"25052","151","57 Cơn mưa kết thúc","59"
"25053","151","58 Khởi đầu của cuộc chơi","60"
"25054","151","59 Sự trợ giúp của Lawson","61"
"25055","151","60 Câu chuyện của Mộc Lan","62"
"25056","151","61 Cuộc gọi của mẹ","63"
"25057","151","62 “Rác” lợi hại","64"
"25058","151","63 Ngôi sao dành tặng bạn","65"
"25059","151","64 Khởi đầu hành động","66"
"24956","160","Mở đầu: Định mệnh","1"
"24957","160","Chương 01: Gặp gỡ","2"
"24958","160","Chương 02: Lựa chọn","3"
"24959","160","Chương 03: Lần đầu gặp gỡ","5"
"24960","160","Chương 04: Phán xét","6"
"24961","160","Chương 05: Bắt cóc","7"
"24962","160","Chương 06: Tai nạn","8"
"24963","160","Chương 07: Phòng thủ","9"
"24964","160","Chương 08: Khủng hoảng","10"
"24965","160","Chương 09: Phán xét","11"
"24966","160","Chương 10: Đột nhiên đến thăm","12"
"24967","160","Chương 11: Trận chiến đầu tiên","13"
"24969","160","Chương 13: Không phải như vậy","15"
"24970","160","Chương 14: Tạo dấu ấn","16"
"24971","160","Chương 15: Nói mơ","17"
"24972","160","Ngoại truyện 01","18"
"24974","160","Chương 17: Mất sủng ái","20"
"24975","160","Chương 18: Mối đe dọa cổ đại","21"
"24976","160","Chương 19: Thám hiểm","22"
"24977","160","Chương 20: Thử thách","23"
"24978","160","Chương 21: Triệu tập","24"
"24979","160","Chương 22: Huấn luyện giáp trụ","25"
"24980","160","Chương 23: Quái thú tấn công","26"
"24981","160","Chương 24: Mất lý trí","27"
"24991","160","Chương 33: Quái thú khổng lồ hồi sinh","37"
"24993","160","Chương 35: Không muốn mất thêm lần nữa","39"
"24994","160","Chương 36: Chiến thắng đầu tiên","40"
"24995","160","Chương 37: Về nhà","41"
"26229","175","65 Anh muốn hôn em","75"
"26231","175","66 Đã làm thì làm, đừng lằng nhằng","77"
"26232","175","67 Tôi thích đi thẳng vào vấn đề","79"
"26233","175","68 Tôi có thật sự hài hước vậy không?","80"
"26234","175","69 Tiểu thư, cô phải chịu trách nhiệm với tôi đấy","81"
"26235","175","70 Này! Bạn đang giết chồng mình đấy!","82"
"26236","175","71 Cô ấy là vị hôn thê của tôi!","83"
"26237","175","72 Không được đem giận dỗi với đàn ông khác","84"
"26238","175","73 Tôi luôn luôn giữ bạn ở đây","86"
"26239","175","74 Quán bar 18+?","87"
"26240","175","75 Đi với tôi!","88"
"26241","175","76 Muốn hiểu đàn ông à?","89"
"26242","175","77 Anh muốn em...","90"
"26243","175","78 Mùi chết tiệt này mãi không thoát được","91"
"26244","175","79 Ai cho phép bạn đứng dậy","92"
"26245","175","80 Bạn cũng ở nhà vệ sinh nữ à?","93"
"26246","175","81 Ai nói chúng ta cùng một thuyền?","94"
"26248","175","83 Cẩn thận, cô ấy vẫn là vợ anh ta!","97"
"26250","175","85 Vậy nên tôi phải cứu họ!","99"
"26251","175","86 Yêu em? Hay muốn em?","100"
"26252","175","87 Đừng nhìn tôi như vậy, tôi sẽ không kiềm chế được đâu","101"
"26253","175","88 Nhím nhỏ khó bị bắt hơn cả mẹ nó","102"
"26254","175","89 Anh sẽ luôn luôn bên em","103"
"26255","175","90 Em muốn anh say không?","104"
"26256","175","91 Sao bạn phát điên vậy?","107"
"26257","175","92 Vụ án mạng!?","108"
"26258","175","93 Đứng đó làm gì? Cởi nhanh lên!","109"
"26259","175","94 Bạn đang nhớ tôi tốt với bạn sao?","110"
"26260","175","95 Em gái tôi","111"
"26262","175","97 Quyết định sáng suốt của Cố Thiếu Huyền","113"
"26263","175","98 Bạn là Cố Thiếu Huyền?","114"
"26264","175","99 Còn nhớ, đã quên","115"
"26265","175","100 Anh ấy có bao giờ nói 'Anh yêu em' không?","116"
"26267","175","Cô ấy không còn nhớ bạn nữa","118"
"26268","175","103 Người đàn ông đã viết lại cuộc đời cô ấy","119"
"26269","175","104 Sau đó họ kết hôn và sinh ra bạn","120"
"26270","175","105 Khao khát thật sự là bản năng","121"
"26271","175","106 Tôi nên làm gì đây?","122"
"26272","175","108 Cảm ơn vì lời khen đầu tiên dành cho tôi","124"
"26273","175","109 Sao lại là bạn?","125"
"26274","175","110 Cuối cùng vẫn là chiến thắng của tôi","126"
"26545","181","Dự báo","2"
"28192","132","Ăn lẩu thôi!","46"
"28199","132","Ngày đầu năm mới: mỗi năm đều uống rượu, ăn thịt và tiện thể giết người.","53"
"28203","132","Yutu không phải là một con thỏ, mà là một tổ chức.","57"
"28209","132","Trong món phổi cặp đôi có thật sự có cặp đôi không?","63"
"28221","132","Này, anh em! Lâu rồi không gặp, mày ở đâu vậy?","75"
"28197","132","Tiếp nối phần trước.","51"
"28206","132","Thuốc hay bánh nếp, đó là một câu hỏi.","60"
"28232","132","Những phiền muộn của Hiếu Thiên trẻ tuổi.","86"
"26578","181","032 Nụ Hôn Lỡ Dở","38"
"26579","181","033 Mối Quan Hệ Ngập Tràn Khủng Hoảng","39"
"26580","181","034 An Nặc Kẻ Gây Rối","40"
"26581","181","035 Đôi Tai Kỳ Lạ","41"
"26582","181","036 Âm Mưu Tại Buổi Tiệc","42"
"26583","181","037 Sự Mập Mờ Trong Xe","43"
"26584","181","038 Sự Tồn Tại Đáng Sợ Nhất","44"
"26585","181","039 Quá Trình Điều Trị Đầy Khó Khăn","45"
"26586","181","040 Sự Thay Đổi Dưới Sự Đồng Hành","46"
"26587","181","041 Sóng Gió Lại Nổi Lên","47"
"26588","181","042 Rò Rỉ Tư Liệu Gốc","48"
"26589","181","043 Người Vô Phương Cứu Chữa","49"
"26590","181","044 Tuyệt Đối Không Bỏ Cuộc","50"
"26591","181","045 Người Máy Có Cảm Xúc","51"
"26592","181","046 Ảo Mộng Tương Lai","52"
"26593","181","047 Đêm U Ám Mây Đen","53"
"26594","181","048 Tôi Đồng Ý","54"
"28251","132","con cáo nói.","106"
"28240","132","Tôi sẽ không chơi game otome nữa.","94"
"28252","132","Tình yêu tồi tệ.","107"
"28260","132","Quan Âm đi đâu vậy?","115"
"28244","132","Dẫn bạn lên trời, dẫn bạn bay.","98"
"25067","150","Bước nhảy 7 — Chương Quân Diễn","11"
"25069","150","Bước nhảy 9 — Chương Quân Diễn","13"
"25071","150","Bước nhảy 11 — Chương Quân Diễn","15"
"26616","182","026 Cậu muốn biết cách quay về không?","26"
"26617","182","027 Cậu mới là người nói nhiều","27"
"26637","182","048 Cậu sẽ chọn ai đây?","48"
"26675","186","Rùa - Phần 2","35"
"28272","132","Không giống như bình thường.","128"
"28273","132","Phần tiếp theo không giống như bình thường.","129"
"26662","186","Hoa - 2","20"
"26672","186","Nhà Thuê - Phần 1","32"
"26673","186","Nhà Thuê - Phần 2","33"
"25628","161","06 Điềm báo","9"
"25629","161","07 Bữa tối","10"
"25630","161","08 Thi thể","11"
"25631","161","09 Cuộc gọi điện thoại","12"
"25632","161","10 Nghi ngờ","13"
"25633","161","11 Liên minh","14"
"25634","161","12 Giao tiếp","15"
"25635","161","13 Bí ẩn","16"
"25636","161","14 Cuộc gọi thứ hai","17"
"25637","161","15 Lời khuyên","18"
"25638","161","16 Tan chảy","19"
"25639","161","17 Khám phá","20"
"25640","161","18 Nhật ký","21"
"25641","161","19 Đối sách","22"
"25642","161","20 Sinh tồn","23"
"25643","161","21 Nhận diện khuôn mặt","24"
"25644","161","22 Quấy rối","25"
"25645","161","23 Kén","26"
"25646","161","24 Hộp sọ","27"
"25648","161","26 Điều tra","29"
"25649","161","27 10 Mộng du Tiểu Hung","30"
"25650","161","28 David","31"
"25651","161","29 Cách xử lý xúc xắc","32"
"25652","161","30 Trời tối rồi, xin nhắm mắt","33"
"25653","161","31 Lật bài","34"
"25654","161","32 Công việc","35"
"25655","161","33 Tình thế khó khăn","36"
"25656","161","34 Tương lai","37"
"25657","161","35 Thay thế","38"
"25658","161","36 ""Bạn bè""","39"
"25659","161","37 '11'","40"
"25660","161","38 Giảm biên chế","41"
"25661","161","39 Đối sách","42"
"25662","161","40 Lối thoát","43"
"25663","161","41 Đồ đạc di chuyển","44"
"25664","161","42 Biệt thự kiểu Tây dần mất kiểm soát","45"
"25665","161","43 Lối thoát","46"
"25666","161","44 ""Lẻ loi""","47"
"25072","150","Bước nhảy 12 — Chương Quân Diễn","16"
"25074","150","Bước nhảy 14 — VIVIAN","18"
"25075","150","Bước nhảy 15 — VIVIAN","19"
"25076","150","Bước nhảy 16 — VIVIAN","20"
"25077","150","Bước nhảy 17 — VIVIAN","21"
"25078","150","Bước nhảy 18 — VIVIAN","23"
"25079","150","Bước nhảy 19 — Kim Phong","24"
"25080","150","Bước nhảy 20 — Kim Phong","25"
"25081","150","Bước nhảy 21 — Kim Phong","26"
"25082","150","Bước nhảy 22 — Vu Lôi","27"
"25083","150","Bước nhảy 23 — Vu Lôi","28"
"25084","150","Bước nhảy 24 — Vu Lôi","29"
"25085","150","Bước nhảy 25 — Vu Lôi","30"
"25086","150","Bước nhảy 26 — Vu Lôi","31"
"25087","150","Bước nhảy 27 — Vu Lôi","32"
"25088","150","Bước nhảy 28 — Hắc Đông Bảo, Lữ Thập Bát","33"
"25089","150","Bước nhảy 29 — Hắc Đông Bảo, Lữ Thập Bát","34"
"25090","150","Bước nhảy 30 — Hắc Đông Bảo, Lữ Thập Bát","35"
"25091","150","Bước nhảy 31 — Hắc Đông Bảo, Lữ Thập Bát","36"
"25092","150","Bước nhảy 32 — Hắc Đông Bảo, Lữ Thập Bát","37"
"25093","150","Bước nhảy 33 — Cố Tình Hạ","38"
"25094","150","Bước nhảy 34 — Cố Tình Hạ","39"
"25096","150","Bước nhảy 36 — Cố Tình Hạ","41"
"25097","150","Bước nhảy 37 — Đài Ái","42"
"25098","150","Bước nhảy 38 — Đài Ái","43"
"25100","150","Bước nhảy 40 — Đài Ái","45"
"25101","150","Bước nhảy 41 — Đài Ái","46"
"25102","150","Bước nhảy 42 — Đài Ái","47"
"25103","150","Bước nhảy 43 — Đài Ái","48"
"25104","150","Bước nhảy 44 — Trần Chính","49"
"25105","150","Bước nhảy 45 — Trần Chính","50"
"25106","150","Bước nhảy 46 — Trần Chính","51"
"25107","150","Bước nhảy 47 — Trần Chính","52"
"25108","150","Bước nhảy 48 — Trần Chính","53"
"25109","150","Bước nhảy 49 — Trần Chính","54"
"25110","150","Bước nhảy 50 — Trần Chính","55"
"25111","150","Bước nhảy 51 — Trần Chính","56"
"25112","150","Bước nhảy 52 — Trần Chính","57"
"25113","150","Bước nhảy 53 — Lôi Lôi","58"
"25114","150","Bước nhảy 54 — Lôi Lôi","59"
"25115","150","Bước nhảy 55 — Lôi Lôi","60"
"25116","150","Bước nhảy 56 — Lôi Lôi","61"
"25117","150","Bước nhảy 57 — Tống Phát","62"
"25118","150","Bước nhảy 58 — Tống Phát","63"
"25119","150","Bước nhảy 59 — Tống Phát","64"
"25120","150","Bước nhảy 60 — Tống Phát","65"
"25121","150","Bước nhảy 61 — Tống Phát","66"
"25122","150","Bước nhảy 62 — Tống Phát","67"
"25123","150","Bước nhảy 63 — Lâm Thu Sư","68"
"25124","150","Bước nhảy 64 — Lâm Thu Sư","69"
"25125","150","Bước nhảy 65 — Lâm Thu Sư","70"
"25126","150","Bước nhảy 66 — Lâm Thu Sư","71"
"25127","150","Bước nhảy 67 — Lâm Thu Sư","72"
"25128","150","Bước nhảy 68 — Lâm Thu Sư","73"
"25129","150","Bước nhảy 69 — Lâm Thu Sư","75"
"25130","150","Bước nhảy 70 — Ngô Hạc","76"
"25132","150","Bước nhảy 72 — Ngô Hạc","78"
"25133","150","Tranh Chúc Mừng Năm Mới","80"
"25134","150","Bước nhảy 73 — Ngô Hạc","81"
"25135","150","Bước nhảy 74 — Cung Kiêu","82"
"25136","150","Bước nhảy 75 — Cung Kiêu","83"
"25137","150","Bước nhảy 76 — Cung Kiêu","84"
"25139","150","Bước nhảy 78 — Cung Kiêu","86"
"25140","150","Bước nhảy 79 — Hắc Đông Bảo","87"
"25141","150","Bước nhảy 80 — Hắc Đông Bảo","88"
"25142","150","Bước nhảy 81 — Hắc Đông Bảo","89"
"25143","150","Bước nhảy 82 — Hắc Đông Bảo","90"
"25144","150","Bước nhảy 83 — Hắc Đông Bảo","91"
"25145","150","Bước nhảy 84 — Hắc Đông Bảo","92"
"25146","150","Bước nhảy 85 — Hắc Đông Bảo","93"
"25147","150","Bước nhảy 86 — Hắc Đông Bảo","94"
"25148","150","Bước nhảy 87 — Lý Anh Hồng","95"
"25149","150","Bước nhảy 88 — Lý Anh Hồng","96"
"25150","150","Bước nhảy 89 — Lý Anh Hồng","97"
"25151","150","Bước nhảy 90 — Lý Anh Hồng","98"
"25152","150","Bước nhảy 91 — Lý Anh Hồng","99"
"25153","150","Bước nhảy 92 — Lý Anh Hồng","100"
"25154","150","Bước nhảy 93 — Lý Anh Hồng","101"
"25157","150","Bước nhảy 96 — Lý Anh Hồng","104"
"25158","150","Bước nhảy 97 — Lý Anh Hồng","105"
"25159","150","Bước nhảy 98 — Lý Anh Hồng","106"
"25160","150","Bước nhảy 99 — Lý Anh Hồng","107"
"25161","150","Bước nhảy 100 — Lý Anh Hồng","108"
"25162","150","Bước nhảy 101 — Lý Anh Hồng","109"
"25163","150","Bước nhảy 102 — Lý Anh Hồng","110"
"25165","150","Bước nhảy 104 — Lý Anh Hồng","112"
"25166","150","Bước nhảy 105 — Mạnh Không Sơn","113"
"25167","150","Bước nhảy 106 — Mạnh Không Sơn","114"
"25168","150","Bước nhảy 107 — Mạnh Không Sơn","115"
"25169","150","Bước nhảy 108 — Mạnh Không Sơn","116"
"25170","150","Bước nhảy 109 — Mạnh Không Sơn","117"
"25171","150","Bước nhảy 110 — Mạnh Không Sơn","118"
"25173","150","Bước nhảy 112 — Mạnh Không Sơn","120"
"25174","150","Bước nhảy 113 — Mạnh Không Sơn","121"
"25175","150","Bước nhảy 114 — Mạnh Không Sơn","122"
"25176","150","Bước nhảy 115 — Mạnh Không Sơn","123"
"25177","150","Bước nhảy 116 — Mạnh Không Sơn","124"
"25178","150","Bước nhảy 117 — Mạnh Không Sơn","125"
"25179","150","Bước nhảy 118 — Mạnh Không Sơn","126"
"25180","150","Bước nhảy 119 — Mạnh Không Sơn","127"
"25181","150","Bước nhảy 120 — Mạnh Không Sơn","128"
"25182","150","Bước nhảy 121 — Mạnh Không Sơn","129"
"25183","150","Bước nhảy 122 — Mạnh Không Sơn","130"
"25184","150","Bước nhảy 123 — Mạnh Không Sơn","131"
"25185","150","Bước nhảy 124 — Mạnh Không Sơn","132"
"25186","150","Bước nhảy 125 — Mạnh Không Sơn","133"
"25667","161","45 Giai đoạn ba","48"
"25668","161","46 Thử nghiệm táo bạo","49"
"25669","161","47 Con chó","50"
"25670","161","48 Tầm nhìn","51"
"25671","161","49 Gặp gỡ","52"
"25672","161","50 Lời hứa","53"
"28310","132","Ô Bá","170"
"25188","153","Chương 1: Anh ấy có thể nhìn thấy tôi","1"
"26697","190","Dự báo","1"
"26712","190","Niềm vui của người độc thân","19"
"25189","153","Người và ma đi hai lối","3"
"25190","153","Nhớ mang tôi về nhà","4"
"25191","153","Thật ra, tôi từng như bạn","5"
"25192","153","A-Kiệt, lâu rồi không gặp","6"
"25193","153","Chương 6","7"
"25194","153","Chương 7","8"
"25196","153","Chương 9","10"
"25197","153","Chương 10","11"
"25198","153","Chương 11","12"
"25199","153","Chương 12","13"
"25200","153","Chương 13","14"
"25201","153","Chương 14","15"
"25202","153","Chương 15","16"
"25203","153","Chương 16","17"
"25204","153","Chương 17 Phần 1","18"
"25205","153","Chương 17 Phần 2","19"
"25206","153","Chương 18","20"
"25207","153","Thông báo","21"
"25208","153","Ngoại truyện: Lời tán tỉnh quê mùa","22"
"25209","153","Chương 19","23"
"25210","153","Chương 20","24"
"25211","153","Chương 21","25"
"25212","153","Chương 22","26"
"25213","153","Chương 23","27"
"25214","153","Chương 24","28"
"25216","153","Chương 26","30"
"25218","153","Chương 28","32"
"25219","153","Chương 29","33"
"25220","153","Chương 30","34"
"25221","153","Chương 31","35"
"25222","153","Chương 32","36"
"25223","153","Chương 33","37"
"25224","153","Chương 34","38"
"25226","153","Mùa 2 Tập 1: Ký ức lạc lối","40"
"25227","153","Mùa 2 Tập 2: Chỉ có mỗi bạn","41"
"25228","153","Mùa 2 Tập 3: Tin sốc","42"
"25229","153","Mùa 2 Tập 4: Dựa vào ông chủ tài trợ","43"
"25230","153","Thông báo trì hoãn cập nhật","44"
"25231","153","Mùa 2 Tập 5: Gặp nhau trên con đường hẹp","45"
"25232","153","Mùa 2 Tập 6: Linh thể mới","46"
"25233","153","Mùa 2 Tập 7: Tiếp xúc gần","47"
"25234","153","Mùa 2 Tập 8: Người yêu không thể chạm tới","48"
"25235","153","Mùa 2 Tập 9: Giao thoa giữa hiện thực và ký ức","49"
"25236","153","Mùa 2 Tập 10: Ký ức bản năng quá khứ","50"
"25237","153","Mùa 2 Tập 11: Hãy thân mật nào!","51"
"25238","153","Mùa 2 Tập 12: Em thích anh đúng không?","52"
"25239","153","Mùa 2 Tập 13: Hehe, anh định làm loạn với em à?","53"
"25240","153","Mùa 2 Tập 14: Anh sẽ chịu trách nhiệm với em","54"
"25243","153","Mùa 2 Tập 17: Tại sao trái tim lại đập?","57"
"25244","153","Mùa 2 Tập 18: Đau lòng trước khi rung động","58"
"25245","153","Mùa 2 Tập 19: Bắt cóc có chủ ý","59"
"25246","153","Mùa 2 Tập 20: Họ đang làm gì ở khách sạn?","60"
"25247","153","Mùa 2 Tập 21: Sống sót sau tai họa","61"
"25248","153","Mùa 2 Tập 22: Người làm em đau sẽ phải","62"
"25249","153","Mùa 2 Tập 23: Sự ấm áp tựa trên lưng em","63"
"25250","153","Mùa 2 Tập 24: Không bao giờ rời bỏ","64"
"25251","153","Mùa 2 Tập 25: Cuộc đời em không có nếu như","65"
"25252","153","Mùa 2 Tập 26: Trở lại diễn xuất: Cảnh ngọt ngào","66"
"25253","153","Mùa 2 Tập 27: Anh biết hết những điều tốt của em","67"
"25254","153","Mùa 2 Tập 28: Thuốc độc của tình yêu","68"
"25255","153","Mùa 2 Tập 29: Muốn thì đến mà giành đi!","69"
"25256","153","Mùa 2 Tập 30: Định mệnh quấn quýt sinh tử","70"
"25257","153","Mùa 2 Tập 31: Cứu anh ấy, tôi phải làm sao?","71"
"25258","153","Mùa 2 Tập 32: Chúng ta đã chết bao nhiêu lần rồi?","72"
"25259","153","Mùa 2 Tập 33: Tạm biệt hiểm nguy","73"
"25260","153","Mùa 2 Tập 34: Tràn ngập không khí mập mờ","74"
"25262","153","Mùa 2 Tập 36: Người quen cũ, tình xưa","76"
"25263","153","Mùa 2 Tập 37: Thật sự hỗn loạn","77"
"25264","153","Mùa 2 Tập 38: Hãy tạo chút tin đồn đi","78"
"25265","153","Mùa 2 Tập 39: Bảo vật yêu quý của em","79"
"25266","153","Mùa 2 Tập 40: Anh ghen rồi!!","80"
"25267","153","Mùa 2 Tập 41: Đàn ông, anh là của em","81"
"25268","153","Mùa 2 Tập 42: Người thứ ba chen vào?","82"
"25269","153","Mùa 2 Tập 43: Em đang tìm ma gì giữa đám đông?","83"
"25270","153","Mùa 2 Tập 44: Em không muốn đi cùng anh","84"
"25271","153","Mùa 2 Tập 45: Thân mật hơn nữa","85"
"25272","153","Mùa 2 Tập 46: Vậy thì, đừng trách tôi","86"
"25273","153","Mùa 2 Tập 47: Ký ức về em bị đánh cắp","87"
"25274","153","Mùa 2 Tập 48: Em đã hứa sẽ ở bên tôi","88"
"26504","134","01 Bộ Trần Biên Mở Đầu","2"
"26505","134","02 Bộ Trần Biên Đường Núi (Phần 1)","3"
"26506","134","03 Bộ Trần Biên Đường Núi (Phần 2)","4"
"26507","134","04 Bộ Trần Biên Chồn Trắng (Phần 1)","5"
"26508","134","05 Bộ Trần Biên Chồn Trắng (Phần 2)","6"
"26509","134","06 Bộ Trần Biên Ảo Cảnh (Phần 1)","7"
"26510","134","07 Bộ Trần Biên Ảo Cảnh (Phần 2)","8"
"26511","134","08 Bộ Trần Biên Vệ Đạo (Phần 1)","9"
"26512","134","09 Bộ Trần Biên Vệ Đạo (Phần 2)","10"
"26513","134","10 Bộ Trần Biên Làng Chết (Phần 1)","11"
"26514","134","11 Bộ Trần Biên Làng Chết (Phần 2)","12"
"26515","134","12 Bộ Trần Biên Mộ Phù Thủy (Phần 1)","13"
"26516","134","13 Bộ Trần Biên Mộ Phù Thủy (Phần 2)","14"
"26517","134","14 Bộ Trần Biên Chó Sắt (Phần 1)","15"
"26518","134","15 Bộ Trần Biên Chó Sắt (Phần 2)","16"
"26519","134","16 Bộ Trần Biên Che Mặt Trời (Phần 1)","17"
"26520","134","17 Bộ Trần Biên Che Mặt Trời (Phần 2)","18"
"26521","134","18 Bộ Trần Biên Hồng Viêm (Phần 1)","19"
"26522","134","19 Bộ Trần Biên Hồng Viêm (Phần 2)","20"
"26523","134","20 Bộ Trần Biên Sương Tuyết (Phần 1)","21"
"26524","134","21 Bộ Trần Biên Sương Tuyết (Phần 2)","22"
"26525","134","22 Bộ Trần Biên Bóng Râm Hoàng Liên (Phần 1)","536"
"26526","134","23 Bộ Trần Biên Bóng Râm Hoàng Liên (Phần 2)","576"
"26527","134","24 Bộ Trần Biên Tu Sĩ (Phần 1)","618"
"26528","134","25 Bộ Trần Biên Tu Sĩ (Phần 2)","642"
"26529","134","26 Bộ Trần Biên Mực Giác Long (Phần 1)","668"
"26530","134","27 Bộ Trần Biên Mực Giác Long (Phần 2)","690"
"26531","134","28 Bộ Trần Biên Rơi Bụi (Phần 1)","719"
"26532","134","29 Bộ Trần Biên Rơi Bụi (Phần 2)","741"
"26533","134","31 Lân Vụ Biên Hồng Lăng (Phần 1)","826"
"26534","134","39 Lân Vụ Biên Yến Huyết (Phần 1)","1380"
"26535","134","40 Lân Vụ Biên Yến Huyết (Phần 2)","1421"
"26536","134","44 Lân Vụ Biên Thần Hê (Phần 2)","1544"
"26537","134","50 Lân Vụ Biên Ấn Tín (Phần 2)","1758"
"26538","134","51 Lân Vụ Biên Tù Lồng (Phần 1)","2061"
"26539","134","53 Lân Vụ Biên Nguyệt Ảnh (Phần 1)","2129"
"26540","134","59 Linh Hư - Ngoại truyện: Câu Ếch (Phần 1)","2356"
"26541","134","60 Linh Hư - Ngoại truyện: Câu Ếch (Phần 2)","2357"
"26542","134","68 Lân Vụ Biên Kết Thúc (Phần 1)","2958"
"26544","134","76 Lân Vụ Biên Phong Lân (Phần 1)","3272"
"25495","154","Chương 4: Thiên thần giáng lâm","6"
"25496","154","Chương 5: Hoa Hồng nở rộ","7"
"25497","154","Chương 6: Bạo loạn! Bạch Tiểu Thiên","8"
"25498","154","Chương 7: Tạm biệt, Tiểu Trần","9"
"25504","154","Chương 13: Hiệp sĩ anh hùng","19"
"25505","154","Chương 14: Kỳ thi năng lực","20"
"25507","154","Chương 16: Ác ma dung nham","23"
"25508","154","Chương 17: Ta tên là Thánh Thiên Y","24"
"25510","154","Chương 19: Vera và Nana","26"
"25511","154","Chương 20: Coppola quý tộc","28"
"25512","154","Chương 21: Giáp thép","29"
"25513","154","Chương 22: Hiền giả sáu cánh","31"
"25514","154","Chương 23: Ma hỏa đen","32"
"25515","154","Chương 24: Ai là chủ nhân?","33"
"25516","154","Chương 25: Thanh tẩy ma thần hóa","34"
"25517","154","Chương 26: Ánh sáng vàng","35"
"25518","154","Chương 27: Cửa bốn tượng","36"
"25520","154","Chương 29: Tôi đã đậu!","38"
"25521","154","Chương 30: Nóng lòng","39"
"26735","191","006 Cựu hồ không phát uy","8"
"28324","132","Bị ốm là cơ hội tốt để trêu ghẹo các cặp đôi.","185"
"28339","132","Nghe nói trượt patin nghệ thuật đang thịnh hành gần đây.","200"
"28341","132","Hổ rơi xuống đồng bằng sẽ biến thành mèo.","202"
"28347","132","Ba anh em trong một nhà.","208"
"26733","191","Giới thiệu nhân vật","6"
"26747","191","018 Có vẻ như điểm đến của cô ấy là tôi","20"
"26752","191","023 Chúng ta mới là một đôi trời sinh","25"
"26763","191","Thông báo","36"
"26765","176","001 Ấp Trứng","1"
"25522","154","Chương 31: Cái gọi là ma lực","40"
"25523","154","Chương 32: Sách pháp trận","41"
"25524","154","Ngoại truyện 1: Truyền thuyết thần ma","42"
"25525","154","Ngoại truyện 2: Đế ma hoàng quyền","43"
"25527","154","Ngoại truyện 4: Con của thần ma","45"
"25528","154","Chương 33: Bí mật đồng hóa","46"
"25529","154","Chương 34: Tổng tư lệnh tối cao","48"
"25530","154","Chương 35: Sách vương giả","49"
"25532","154","Chương 37: Xâm lược toàn diện","51"
"25535","154","Chương 40: Tiên phong thép","54"
"25536","154","Chương 41: Cô gái đại bác","55"
"25537","154","Chương 42: Nguy hiểm nhất","56"
"25538","154","Chương 43: Thành phố ngầm","57"
"25539","154","Tiểu kịch Giáng Sinh","58"
"25540","154","Chương 44: Muốn đi? Không được","59"
"25541","154","Chương 45: Mục tiêu thật sự","60"
"25542","154","Chương 46: Kẻ tố cáo","61"
"25544","154","Chương 48: Gặp lại Isar!","63"
"25546","154","Chương 50: Hoa Hồng tàn phai","65"
"25547","154","Chương 51: Tha thứ cho tôi","66"
"25548","154","Chương 52: Quốc gia chết chóc sao?","67"
"25549","154","Chương 53: Phẫn nộ! Phẫn nộ!","68"
"25550","154","Tuyên bố quỳ gối","69"
"25551","154","Chương 54: Phản công của Thánh Thiên Y","70"
"25552","154","Chương 55: Cố gắng vô ích","71"
"25553","154","Chương 56: Tôi muốn tất cả","72"
"25554","154","Chương 57: Giáp huyết long","73"
"25555","154","Chương 58: Mọi người, xin lỗi","74"
"25556","154","Chương 59: Phản bội của Adele","76"
"25557","154","Chương 60: Lục trần dạ nhẫn","77"
"25558","154","Chương 61: Thương long chân chính","78"
"25559","154","Chương 62: Người thương yêu","79"
"25560","154","Chương 63: Quá khứ của Bạch Tiểu Thiên","80"
"25561","154","Chương 64: Ký ức của lời hứa","81"
"25562","154","Chương 65: Ta đây!","82"
"25564","154","Chương 66: Lời cầu xin của Trác Cách","84"
"25565","154","Chương 67: Ánh sáng duy nhất","86"
"25566","154","Chương 68: Quét sạch chiến trường","87"
"25567","154","Chương 69: Thần long bất diệt","88"
"25568","154","Chương 70: Ngày thứ không","89"
"25570","154","Chương 72: Tiểu Thiên tỉnh lại","92"
"25571","154","Chương 73: Áo La Tinh rực rỡ","93"
"25572","154","Chương 74: Thần điện cổ xưa","94"
"25573","154","Chương 75: Núi Nhật Nguyệt","95"
"25574","154","Chương 76: Vân Đằng giàu nhất","96"
"25575","154","Chương 77: Cáo dễ thương tai to","97"
"25576","154","Chương 78: Trở lại trường học?","98"
"25577","154","Chương 79: Gặp nhau trong cái chết","101"
"25578","154","Chương 80: Linh hồn nuốt mộng","102"
"25579","154","Chương 81: Mảnh vỡ Sách vương giả","103"
"25580","154","Chương 82: Thần võ nguyệt","104"
"25581","154","Chương 83: Đập viên gạch của tôi","105"
"25582","154","Chương 84: Lừa nhãn dán, tung chiêu lớn!","106"
"25583","154","Chương 85: Đánh cược quyết tâm!","107"
"25584","154","Chương 86: Người đợi bạn","108"
"25586","154","Chương 88: Ta chọn cái chết","110"
"25588","154","Chương 90: Ước mơ của kẻ ngốc","112"
"25589","154","Chương 91: Bảo vệ suốt đời","113"
"25590","154","Chương 92: Mười hai trụ ma thần","114"
"25591","154","Chương 93: Đòn Đánh Phiền Phức","115"
"25592","154","Chương 94: Tiếng Gọi Của Em","116"
"25593","154","Chương 95: Vòng Lặp Ác Mộng","117"
"25594","154","Chương 96: Sinh Tử Do Ta","118"
"25597","154","Chương 99: Kết Thúc. Ma Thần Vương","121"
"25598","154","Chương 100: Kết Thúc. Nỗi Nhớ","122"
"25599","154","Chương 101: Căn Phòng Trống Khóa Cửa","124"
"25600","154","Chương 102: Chiến Vô Viêm","125"
"25601","154","Chương 103: Máu Đền Máu","126"
"25602","154","Chương 104: Cơn Giận Của Tiểu Trần","128"
"25603","154","Chương 105: Đại Đao Tụ Hỏa","129"
"25604","154","Chương 106: Người Ẩn Giấu","130"
"25605","154","Chương 107: Như Ý Muốn","131"
"25606","154","Chương 108: Tội Lỗi Của Cơn Giận","132"
"25607","154","Bất Ngờ Nhỏ · Mùng Năm","133"
"25608","154","Chương 109: Lưỡi Dao Lửa Ma","135"
"25609","154","Chương 110: Thực Hiện Giao Dịch","136"
"25610","154","Chương 111: Trời Cao Đất Dày","137"
"25611","154","Chương 112: Ba Lời Hứa","138"
"25612","154","Chương 113: Bị Tù Đày Bởi Tâm Niệm","140"
"25613","154","Chương 114: Thả Em Tự Do","142"
"25614","154","Chương 115: Nguồn Gốc Cơn Giận","143"
"25615","154","Chương 116: Rất Rất Thích Em","144"
"25616","154","Chương 117: Hóa Thân Thành Lưỡi Dao","145"
"25617","154","Chương 118: Cuồng Hỏa Isar","146"
"26275","175","111 Bạn đang ép tôi à?","127"
"26276","175","112 Tâm huyết của cha","128"
"26277","175","113 Thư ký riêng của tôi","129"
"26278","175","114 Cô ấy là vị hôn thê của tôi","130"
"26279","175","115 Không kết hôn!","131"
"26280","175","116 Bộ trưởng là người trầm lặng nhưng nóng bỏng","132"
"26281","175","117 Muốn biết không?","133"
"26282","175","118 Mỗi cử động của bạn đều quyến rũ đến vậy","134"
"26284","175","120 Bạn sẽ chẳng thu được gì","136"
"26285","175","121 Quên mất điều quan trọng nhất","137"
"26286","175","122 Hiểu đàn ông","138"
"26287","175","123 Rốt cuộc tôi đang nghĩ gì?","139"
"26289","175","125 Bạn thật sự là sao xui của tôi","141"
"26290","175","126 Đừng hét, nếu không tôi sẽ phạt đấy~","142"
"26291","175","127 Bạn nghĩ tôi giống thú dữ à?","143"
"26292","175","128 Tôi không bao giờ tin lời hứa của đàn ông","144"
"26293","175","129 Rốt cuộc tôi là...?","145"
"26294","175","130 Tôi chỉ yêu bạn","146"
"26295","175","131 Người đàn ông đó!","147"
"26767","176","003 Suy Nghĩ","4"
"26774","176","010 Quét Mặt","11"
"28376","132","Kết thúc nuôi thú của Thái tử Na Tra","416"
"26766","176","002 Đổi Màu","3"
"28105","166","Lời mở đầu","1"
"28106","166","Dẫn nhập (Phần 1)","4"
"28107","166","Dẫn nhập (Phần 2)","10"
"28108","166","Sát thủ (Phần 1)","16"
"28109","166","Sát thủ (Phần 2)","5"
"28111","166","Hiệp khách (Phần 1)","6"
"28112","166","Hiệp khách (Phần 2)","7"
"28114","166","Người đốn củi (Phần 2)","9"
"28115","166","Manh mối (Phần 1)","11"
"28116","166","Manh mối (Phần 2)","13"
"28117","166","Manh mối (Phần 3)","14"
"28118","166","Thầy thuốc (Phần 1)","15"
"28119","166","Thầy thuốc (Phần 2)","17"
"28120","166","Bố cục (Phần 1)","18"
"28121","166","Bố cục (Phần 2)","19"
"26809","176","045 Khi Vừa Buồn Vừa Lạnh Phải Làm Sao","47"
"26831","176","067 Trồng Dâu Tây","71"
"28389","132","Không lười biếng lúc làm, bệnh nghề nghiệp sau giờ làm","741"
"28394","132","Ngoại truyện · Thủy Điệu Ca Đầu","1608"
"28395","132","Hạt sen mới hái là ngon nhất","1810"
"28418","148","Chương 17: Lửa địa ngục (Phần 1)","26"
"28419","148","Chương 18: Lửa địa ngục (Phần 2)","27"
"28420","148","Chương 19: Kết thúc chiến dịch","29"
"28426","148","Món quà nhỏ","37"
"28421","148","Chương 20: Bước sóng ca hát","31"
"28435","148","Chương 32: Người nuôi heo","47"
"28449","148","Chương 46: Trái tim lạnh lùng","62"
"28460","148","Chương 57","73"
"25453","145","Đơn Xin Nghỉ","2298"
"28482","148","Chương 79: Chuồn chuồn rung cây","96"
"28483","148","Chương 80: Sư tử bắt thỏ","97"
"28485","148","Chương 82: Quan Công mở mắt","99"
"28493","148","Chương 90: Anh hùng quý anh hùng","107"
"28500","148","Chương 97: Người được chọn","114"
"28510","148","Chương 107: Mời ngài vào bình","124"
"28484","148","Chương 81: Binh giả quỷ đạo","98"
"28511","148","Chương 108: Lưỡi dao nở hoa","125"
"27775","138","Chương 1 Phần 1","1"
"27776","138","Chương 1 Phần 2","3"
"27777","138","Chương 2 Phần 1","4"
"27779","138","Chương 3 Phần 1","6"
"27780","138","Chương 3 Phần 2","7"
"27781","138","Chương 4 Phần 1","8"
"27783","138","Chương 4 Phần 3","10"
"27784","138","Chương 5 Phần 1","11"
"27785","138","Chương 5 Giữa","12"
"27787","138","Dự báo","14"
"27788","138","Chương 6 Phần 1","15"
"27789","138","Chương 6 Phần 2","16"
"27791","138","Chương 7 Giữa","18"
"27792","138","Chương 7 Phần 3","19"
"27793","138","Chương 8 Phần 1","20"
"27794","138","Chương 8 Phần 2","21"
"27795","138","Chương 9 Phần 1","22"
"27796","138","Chương 9 Giữa","23"
"27797","138","Chương 9 Phần 3","24"
"27798","138","Chương 10 Phần 1","25"
"28557","148","Chương 154: Tái ngộ ánh sáng","171"
"28122","166","Lục phủ (Phần 1)","20"
"28123","166","Lục phủ (Phần 2)","21"
"28124","166","Mưa Núi","22"
"28125","166","Lục Tích (Phần 1)","23"
"28126","166","Lục Tích (Phần 2)","24"
"28127","166","Lục Tích (Phần 3)","25"
"28128","166","Cái chết của Nha Lang","26"
"28129","166","Đền Thần Núi","27"
"28130","166","Người bí ẩn (1)","28"
"28131","166","Người bí ẩn (2)","29"
"28132","166","Người bí ẩn (3)","30"
"28133","166","Người bí ẩn (4)","31"
"28134","166","Người bí ẩn (5)","32"
"28135","166","Người bí ẩn (6)","33"
"28136","166","A Hương","34"
"28137","166","Thần Núi (Phần 1)","35"
"28139","166","Từ Công","37"
"28140","166","Vương phủ (Phần 1)","38"
"28141","166","Vương phủ (Phần 2)","39"
"28142","166","Tiểu chủ Tương Tương (1)","660"
"28143","166","Tiểu chủ Tương Tương (2)","686"
"28144","166","Tiểu chủ Tương Tương (3)","716"
"28145","166","Phạt (Phần 1)","1532"
"28146","166","Lưu Sa Hà (Phần 2)","2289"
"28147","166","Ninh Viên","2329"
"28148","166","Đại chiến Sa Ngộ Tĩnh (Phần 1)","2379"
"28149","166","Ký ức Núi Long Hổ","2688"
"28216","132","Quan tâm đến Năm Thú quý hiếm, từ chối pháo hoa và pháo nổ.","70"
"28217","132","Uống nước lạnh để trấn tĩnh, lì xì để xua đuổi năm cũ.","71"
"28218","132","Xích Thành Chiêu Huệ anh linh thánh, hiển hóa vô biên hiệu Nhị Lang.","72"
"28219","132","Chú và con lông xù.","73"
"28220","132","Trên người bạn có mùi chó của hắn, đó là lỗi của mũi tôi.","74"
"28222","132","Tam Bảo may mắn","76"
"28223","132","Sự biến mất của Anh Ba Mắt.","77"
"28224","132","Ba Mắt Áo Nghĩa!","78"
"28225","132","Huấn luyện chim kiểu Dương","79"
"27799","138","Chương 10 Phần 2","26"
"27800","138","Chương 11 Phần 1","27"
"27801","138","Chương 11 Phần 2","28"
"27802","138","Chương 12 Phần 1","29"
"27803","138","Chương 12 Giữa","30"
"27805","138","Chương Phụ","32"
"27806","138","Chương 13 Phần 1","33"
"27807","138","Chương 13 Giữa","34"
"27808","138","Chương 13 Phần 3","35"
"27809","138","Chương 14 Phần 1","36"
"27811","138","Chương 15 Phần 1","38"
"27812","138","Chương 15 Phần 2","39"
"27813","138","Chương 16 Phần 1","40"
"27814","138","Chương 16 Phần 2","41"
"27815","138","Chương 17 Phần 1","42"
"27817","138","Chương 18 Phần 1","45"
"27818","138","Chương 18 Phần 2","46"
"27819","138","Chương 19","47"
"27820","138","Chương 20","48"
"27823","138","Chương 23","51"
"27824","138","Chương 24","52"
"27825","138","Chương 25","53"
"27826","138","Đặc Biệt Trung Thu","54"
"27828","138","Chương 27","56"
"27829","138","Chương 28","57"
"27830","138","Chương 29","58"
"27831","138","Chương 30","59"
"27832","138","Chương 31","60"
"27833","138","Chương 32","61"
"27834","138","Chương 33","62"
"27835","138","Chương Đặc Biệt: Nhân Vật và Bối Cảnh","63"
"27836","138","Chương 34","64"
"27837","138","Chương 35","65"
"27841","138","Chương 39","69"
"27842","138","Chương 40","70"
"27843","138","Chương 41","71"
"27844","138","Chương 42","72"
"27845","138","Chương 43","73"
"27019","176","Thầy ơi, phong bao lì xì ngày Nhà Giáo đây ạ.","268"
"27846","138","Chương 44","75"
"27847","138","Chương 45 Phần 1","76"
"27849","138","Chương 46","78"
"27850","138","Chương 47","79"
"27851","138","Chương Đặc Biệt 9","80"
"27852","138","Chương 48","81"
"27853","138","Chương 49","82"
"27854","138","Chương Đặc Biệt 10","83"
"27855","138","Chương 50 Phần 1","84"
"27856","138","Chương 50 Phần 2","85"
"27858","138","Chương 50 Phần 4","88"
"27859","138","Chương 50 Phần 5","89"
"27860","138","Chương Đặc Biệt 11","90"
"27862","138","Chương 51 Phần 1","92"
"27863","138","Chương 51 Phần 2","93"
"27864","138","Chương 52 Phần 1","94"
"27865","138","Chương 52 Phần 2","95"
"27866","138","Đơn Xin Nghỉ","96"
"27867","138","Chương 53","97"
"27868","138","Chương 54 Phần 1","98"
"27869","138","Chương 54 Phần 2","99"
"27870","138","Chương 55 Phần 1","100"
"27871","138","Chương 55 Phần 2","101"
"27872","138","Thông Báo Tạm Nghỉ","102"
"27873","138","Chương 56 Phần 1","103"
"27874","138","Chương 56-2","104"
"27875","138","Chương 56-3","105"
"27876","138","Chương 57","106"
"27878","138","Truyện Bốn Khung Thật Giả","108"
"27879","138","Chương 59","109"
"27880","138","Chương 60","110"
"27881","138","Chương 61","111"
"27882","138","Chương 62","112"
"27883","138","Chương 63-1","113"
"27884","138","Chương 63-2","114"
"27885","138","Dự Báo","115"
"27886","138","Chương 64","116"
"27887","138","Chương 65-1","117"
"27888","138","Chương 65-2","118"
"27889","138","Chương 65-3","119"
"27890","138","Chương Đặc Biệt 12","120"
"27891","138","Chương 66-1","121"
"27892","138","Chúc Mừng Năm Mới","122"
"27893","138","Chương 66-2","123"
"27894","138","Chương 66-3","125"
"27895","138","Chương 67","126"
"27896","138","Chương 68-1","127"
"27897","138","Chương 68-2","128"
"27898","138","Chương 69","129"
"27899","138","Chương 70","130"
"27900","138","Chương 71-1","131"
"27901","138","Chương 71-2","132"
"27902","138","Chương 72","133"
"27903","138","Chương 73","134"
"27904","138","Chương Phụ (1)","135"
"27905","138","Chương 74-1","136"
"27906","138","Chương 74-2","137"
"27907","138","Chương 75-1","138"
"27908","138","Chương 75-2","139"
"27909","138","Chương 76","141"
"27910","138","Tuần Này Nghỉ Phát Hành","143"
"27911","138","Chương 77-1","144"
"27912","138","Chương 77-2","145"
"27913","138","Chương 78","146"
"27914","138","Chương 79","148"
"27916","138","Lời Tác Giả","150"
"27917","138","Chương 81","151"
"27918","138","Chương 82","152"
"27919","138","Chương 83-1","153"
"27920","138","Chương Đặc Biệt 14","154"
"27921","138","Chương 83-2","155"
"27922","138","Chương 84","156"
"27923","138","Chương Đặc Biệt 15","157"
"27924","138","Chương 85","158"
"27925","138","Chương 86-1","159"
"27926","138","Chương 86-2","160"
"27093","176","Không sợ cuộc sống gặp chướng ngại, chỉ sợ một mình khó khăn","1672"
"27927","138","Chương 87","161"
"27928","138","Chương 88","162"
"27929","138","Chương 89-1","163"
"27930","138","Chương 89-2","164"
"27931","138","Chương 90","165"
"27932","138","Chương 91","166"
"27933","138","Chương 92","167"
"27934","138","Chương 93","168"
"24410","100","00 Khởi động","61306"
"24411","100","00 Dự báo","62180"
"26453","178","Dự báo","3"
"26454","178","Dự báo Hai","4"
"26456","178","Tập 2: Khách không mời (1)","6"
"26457","178","Tập 2: Khách không mời (2)","7"
"26458","178","Tập 3: Cậu đang theo dõi tôi?!","8"
"26459","178","Tập 4: Cô ấy khác với những người khác","9"
"26460","178","Tập 5: Khúc dạo đầu của cơn bão","10"
"26461","178","Tập 6: Cơn bão ập đến","11"
"26462","178","Chúc mừng năm mới!","12"
"26463","178","Tập 7: Lời mời giả tạo","13"
"26464","178","Tập 8: Cô ấy vẫn là một Thỏ Ngọc!?","15"
"26465","178","Tập 9: Tham gia tiệc trang phục hầu gái?!","16"
"26466","178","Tập 10: Ở lại ăn tối nay nhé?","17"
"26467","178","Tập 11: Sự thật bộc lộ sau khi say","18"
"26468","178","Tập 12: Sự quyến rũ của đồng phục Thiên Nhất~","19"
"26469","178","Tập 13: Cảm ơn vì đêm qua...","20"
"26470","178","Tập 14: Ai sẽ... cứu tôi?","21"
"26471","178","Tập 15: Sự cứu giúp của Long Quán!","22"
"26472","178","Tập 16: Đây chính là cảm giác thích","28"
"26473","178","Tập 17: Cuộc chiến rách mặt","26"
"26474","178","Tập 18: Tao bắt mày quỳ xuống!","29"
"26475","178","Tập 19: Cuối cùng mày sẽ tự gánh hậu quả","31"
"27935","138","Chương 94","169"
"27937","138","Chương 96","171"
"27938","138","Chương 97","172"
"27939","138","Chương 98","173"
"27940","138","Chương 99","174"
"27941","138","Chương 100","175"
"26476","178","Tập 20: Trái tim của sự biến đổi","32"
"26477","178","Tập 21: Lặng lẽ dõi theo phía sau cậu","33"
"26478","178","Tập 22: Buổi hẹn hò ba người","34"
"26479","178","Tập 23: Tôi sẽ không để cậu bị tổn thương","35"
"26480","178","Tập 24: Sự chiếm hữu khó hiểu","36"
"26481","178","Tập 25: Anh ta làm tôi hơi điên rồi","38"
"26482","178","Tập 26: Lời nói dối để nổi tiếng","39"
"26483","178","Tập 27: Sự ghen tị đáng sợ","40"
"26484","178","Tập 28: Đồ chó theo mốt","41"
"26485","178","Tập 29: Luôn bị giẫm đạp như vậy sao?","43"
"26486","178","Tập 30: Chúng ta chỉ là bạn thôi","44"
"26487","178","Tập 31: Cuộc gọi đầy nước mắt","45"
"26488","178","Tập 32: Sự hèn nhát cuối cùng","46"
"26489","178","Tập 33: Cảm giác bị giẫm đạp","48"
"26490","178","Tập 34: Phản công giận dữ","49"
"26491","178","Tập 35: Phía sau chiếc mặt nạ","50"
"26492","178","Tập 36: Mùi vị của sự ghen tị","51"
"26493","178","Tập 37: Tiếng kêu cứu từ xa","52"
"26495","178","Tập 39: Quy tắc ngầm","54"
"26496","178","Tập 40: Cuộc đời khó lường","55"
"26497","178","Tập 41: Cô ấy đang từng bước thay thế tôi sao?","56"
"26498","178","Tập 42: Một đêm chìm đắm","57"
"26499","178","Tập 43: Tình bạn tan vỡ","58"
"26500","178","Tập 44: Sự bảo vệ của ông Mèo","59"
"26501","178","Tập 45: Bị sỉ nhục trước đám đông","60"
"26502","178","Tập 46: Hãy làm bạn gái tôi","61"
"26503","178","Tập 47: Mối tình giấu kín","62"
"27144","180","Chương 39. Cánh cửa","66"
"27185","180","Chương 79. Lời nói dối","108"
"27175","180","Chương 69. Âm mưu và chiến đấu (Phần 2)","98"
"27176","180","Chương 70. Bùng nổ tiềm năng","99"
"27192","180","Chương 86. Ý đồ sát hại ẩn giấu","115"
"27201","180","Chương 95. Ký ức bị phong ấn","124"
"27210","180","Chương 104. Sức Mạnh Cấm Kỵ (Phần 1)","133"
"27219","180","Chương 113. Đối Đầu","154"
"27234","180","Chương 125. Gặp Phải Phục Kích","175"
"27256","180","Chương 146. Nguyện Ước Bảo Vệ","197"
"27261","180","Chương 151. Trợ Giúp Hỗn Loạn","202"
"27270","180","Chương 160. Cơn Ác Mộng Tấn Công","211"
"27276","180","Chương 165. Canh Bạc Sinh Tử","217"
"27942","138","Chương 101","176"
"27280","180","Chương 169. Tình Yêu Đầu Tiên","221"
"27286","180","Chương 174. Ác Mộng Thức Tỉnh","227"
"27303","180","Chương 189. Ý Chí Sát Thủ Vô Tận (Phần 1)","244"
"27313","180","Chương 199: Kẻ Sa Ngã","254"
"27328","180","Chương 214: Quá Khứ Như Gió","548"
"26296","175","132 Khuyên bạn đừng động vào tôi","148"
"26297","175","133 Không, một nụ hôn chúc ngủ ngon?","149"
"26298","175","134 Lăng Tâm ngày càng thú vị hơn","150"
"26299","175","135 Đêm dài vô tận, chơi hai ván thế nào?","151"
"26300","175","136 Bông hồng nhuốm máu","152"
"26302","175","138 Đế Thiên đổi chủ?!","154"
"26303","175","139 Âm mưu phía sau đám cưới?","155"
"26304","175","140 Cố Thiếu Huyền rốt cuộc có kế hoạch gì?","156"
"26305","175","141 Sự trả thù của ác ma","157"
"26306","175","142 Hừ! Tôi không muốn nói chuyện với bạn!","158"
"26307","175","143 Đường Hoán, bạn thật sự ngây thơ dễ thương","159"
"26308","175","144 Từ chối = cái chết","160"
"26309","175","145 Bạn nghĩ tôi sẽ không giết bạn sao?","161"
"26310","175","146 Tha thứ","162"
"26311","175","147 Chúng ta đều đang ở địa ngục","163"
"26312","175","148 Uống cà phê với người đàn ông khác?","164"
"26313","175","150 Bí mật của ngàn con hạc giấy","166"
"26314","175","151 Tôi rất muốn tìm lại ký ức đã mất","167"
"26315","175","152 Tôi là Tô Lăng Tâm?!","168"
"26316","175","153 Anh ta mới là cơn ác mộng của tôi","169"
"26317","175","154 Buồn nôn, muốn ói","170"
"26318","175","155 Tôi muốn độc chiếm tất cả cảm xúc của cô ấy","171"
"26319","175","156 Phi ngựa bay","172"
"26320","175","157 Tôi sẽ không bao giờ buông tay","173"
"26321","175","158 Nỗi buồn của đêm","174"
"26322","175","159 Quyết định cuối cùng?","175"
"26323","175","160 Tiểu thư, bình tĩnh đi!","176"
"26324","175","161 Nhắm mắt lại đi","177"
"26325","175","162 Những gì tôi nợ bạn, cuối cùng đã trả xong","178"
"26326","175","163 Nơi không có Lăng Tâm mới là địa ngục","179"
"26327","175","164 Thầy Tô","180"
"26329","175","166 Tôi sẽ không chờ nữa","182"
"26330","175","167 Anh ta lại muốn can thiệp vào cuộc đời tôi","183"
"25319","145","Sắp ra mắt, hãy chờ đợi","1"
"25320","145","1 Ngọn Lửa Rực Cháy","2"
"25321","145","2 Âm Dương Ma Sư 1","3"
"25322","145","3 Âm Dương Ma Sư 2 Phần 1","4"
"25323","145","3 Âm Dương Ma Sư 2 Phần 2","5"
"25324","145","4 Lễ Khai Giảng Đặc Biệt Phần 1","6"
"25325","145","4 Lễ Khai Giảng Đặc Biệt Phần 2","7"
"25326","145","5 Cấp 1 Bính Đinh Song Hỏa Đệ Tử Phần 1","8"
"25327","145","5 Cấp 1 Bính Đinh Song Hỏa Đệ Tử Phần 2","9"
"25328","145","6 Hoa Sen Lửa Nổi Lên Phần 1","10"
"25329","145","6 Hoa Sen Lửa Nổi Lên Phần 2","11"
"25330","145","7 Hoa Sen Đỏ Trên Ngực Phần 1","12"
"25331","145","7 Hoa Sen Đỏ Trên Ngực Phần 2","13"
"25332","145","8 Món Quà Ngọn Lửa Rực Cháy Phần 1","14"
"25333","145","8 Món Quà Ngọn Lửa Rực Cháy Phần 2","15"
"25334","145","9 Song Hỏa Tối Thượng Phần 1","16"
"25335","145","9 Song Hỏa Tối Thượng Phần 2","17"
"25336","145","10 Kỳ Thi Cuối Kỳ Phần 1","18"
"25337","145","10 Kỳ Thi Cuối Kỳ Phần 2","19"
"25338","145","11 Ngưng Tụ Âm Dương Miện Phần 1","20"
"25339","145","11 Ngưng Tụ Âm Dương Miện Phần 2","21"
"25340","145","12 Song Sinh Quân Vương Phần 1","22"
"25341","145","12 Song Sinh Quân Vương Phần 2","23"
"25342","145","13 Một Tiếng Kinh Người Phần 1","24"
"25343","145","13 Một Tiếng Kinh Người Phần 2","25"
"25344","145","14 Kẻ Xấu Xa Phần 1","26"
"25345","145","14 Kẻ Xấu Xa Phần 2","27"
"25346","145","15 Chín Ngày Địa Ngục Phần 1","28"
"25347","145","15 Chín Ngày Địa Ngục Phần 2","29"
"25348","145","16 Khởi Hành Cho Cuộc Sống Mới Phần 1","30"
"25349","145","16 Khởi Hành Cho Cuộc Sống Mới Phần 2","31"
"25350","145","17 Vương Sói Mộc Thanh Phần 1","32"
"25351","145","17 Vương Sói Mộc Thanh Phần 2","33"
"25352","145","18 Dãy Núi Băng Giá Phần 1","34"
"25353","145","18 Dãy Núi Băng Giá Phần 2","35"
"27943","138","Chương 102","177"
"25355","145","19 Rồng Khổng Lồ Băng Tuyết 1 Phần 2","37"
"25356","145","20 Rồng Khổng Lồ Băng Tuyết 2 Phần 1","38"
"25358","145","21 Nữ Hoàng Ngọn Lửa Rực Cháy Phần 1","40"
"25359","145","21 Nữ Hoàng Ngọn Lửa Rực Cháy Phần 2","41"
"25365","145","24 Dực Xạ Cửu Nhật Phần 2","47"
"25366","145","25 Kinh Ngạc Bốn Phương Phần 1","48"
"25367","145","25 Kinh Ngạc Bốn Phương Phần 2","49"
"25368","145","26 Kỳ Thi Đánh Giá Tân Sinh Viên 1 Phần 1","50"
"25369","145","26 Kỳ Thi Đánh Giá Tân Sinh Viên 1 Phần 2","51"
"25370","145","27 Kỳ Thi Đánh Giá Tân Sinh Viên 2 Phần 1","52"
"25371","145","27 Kỳ Thi Đánh Giá Tân Sinh Viên 2 Phần 2","53"
"25372","145","28 Kỹ Thuật Ma Thuật Kết Hợp Của Ngũ Vương Đại Tông Sư Phần 1","54"
"25373","145","28 Kỹ Thuật Ma Thuật Kết Hợp Của Ngũ Vương Đại Tông Sư Phần 2","55"
"25374","145","29 Thương Tổn Nặng Do Trùng Hợp Phần 1","56"
"25375","145","29 Thương Tổn Nặng Do Trùng Hợp Phần 2","57"
"25381","145","32 Kim Miện Thượng Phẩm Phần 2","63"
"25382","145","Phát Quà Khai Giảng!","64"
"25383","145","33 Kỹ Thuật Kết Hợp, Tứ Tấu Phần 1","65"
"25384","145","33 Kỹ Thuật Kết Hợp, Tứ Tấu Phần 2","66"
"25385","145","34 Lục Địa Ngũ Hành Ánh Sáng và Bóng Tối Phần 1","67"
"25386","145","34 Lục Địa Ngũ Hành Ánh Sáng và Bóng Tối Phần 2","68"
"25387","145","35 Thử Thách Hoàng Đế Sấm Sét Phần 1","69"
"25388","145","35 Thử Thách Hoàng Đế Sấm Sét Phần 2","70"
"25389","145","36 Tiên Nữ Cửu Thiên Hạ Phàm Phần 1","71"
"25390","145","36 Tiên Nữ Cửu Thiên Hạ Phàm Phần 2","72"
"25392","145","37 Thiên Thượng Nhân Gian Phần 2","74"
"25393","145","38 Thăng Cấp Hai Vương Miện Phần 1","75"
"25394","145","38 Thăng Cấp Hai Vương Miện Phần 2","76"
"25395","145","39 Ba Đòn Liên Tiếp Của Mặt Trời Rực Cháy Phần 1","77"
"25396","145","39 Ba Đòn Liên Tiếp Của Mặt Trời Rực Cháy Phần 2","78"
"25397","145","40 Long Thiên Tím Sấm Sét Phần 1","79"
"25398","145","40 Long Thiên Tím Sấm Sét Phần 2","80"
"25399","145","41 Lần Đầu Vào Dãy Núi Địa Linh Phần 1","81"
"25400","145","41 Lần Đầu Vào Dãy Núi Địa Linh Phần 2","82"
"25401","145","42 Dị Biến, Ma Vương Hắc Hỏa Phần 1","83"
"25402","145","42 Dị Biến, Ma Vương Hắc Hỏa Phần 2","84"
"25403","145","43 Bí Pháp Đốt Cháy Ma Lực Phần 1","85"
"25407","145","45 Bính Hỏa Thổ Cốt, Chu Tước Phần 1","89"
"25408","145","45 Bính Hỏa Thổ Cốt, Chu Tước Phần 2","640"
"25409","145","46 Giúp Đỡ Vô Tư, Lửa Chu Tước Phần 1","650"
"25411","145","47 Hoàn Thành Kỳ Thi Sơ Bộ Phần 1","669"
"25412","145","47 Hoàn Thành Kỳ Thi Sơ Bộ Phần 2","679"
"25413","145","48 Thái Âm Âm Chiêu Hợp Nhất Phần 1","688"
"25414","145","48 Thái Âm Âm Chiêu Hợp Nhất Phần 2","697"
"25415","145","49 Hồng Liên Bản Mệnh Phần 1","709"
"25416","145","49 Hồng Liên Bản Mệnh Phần 2","716"
"25418","145","50 Thông Báo Dạ Vũ Giao Lưu Phần 1","737"
"25426","145","58 Ma Quỷ? Ma Vương? Phần 1","975"
"25427","145","59 Thần Y Chỉ Muốn Tiền Phần 1","998"
"25429","145","60 Thiên Cơ Chỉ Dẫn Phần 2","1191"
"25430","145","62 Tổ Hợp Gỗ-Hỏa Tối Thượng Mạnh Mẽ Phần 2","1236"
"25432","145","65 Pháp Trận Truyền Tống Phần 1","1407"
"25433","145","66 Giáp Mộc Tối Thượng Vạn Thương Phần 1","1540"
"25434","145","66 Giáp Mộc Tối Thượng Vạn Thương Phần 2","1560"
"25435","145","68 Biến Thân, Thân Hình Vua Lửa Phần 2","1660"
"25436","145","Đơn Xin Nghỉ","1672"
"25444","145","Đơn Xin Nghỉ","1924"
"25445","145","74 Bạn Có Biết Nữ Hoàng Hỏa Diễm? Phần 2","1980"
"25446","145","Đơn Xin Nghỉ","2029"
"25447","145","77 Bước Vào Chiến Trường Thánh Tà Phần 1","2099"
"25448","145","77 Bước Vào Chiến Trường Thánh Tà Phần 2","2111"
"25449","145","78 Phượng Vũ Huyền Yên Băng Phần 1","2124"
"25450","145","Đơn Xin Nghỉ","2187"
"25451","145","81 Thánh Đồ Hắc Quý Thủy","2217"
"25452","145","82 Quyết Định Của Hỏa Diễm","2226"
"25454","145","84 Thánh Thiên Can Quang Minh","2333"
"25455","145","85 Sư Đoàn Sư Tử Hỏa Diễm","2394"
"25456","145","86 Tự Sáng Tác! Lục Trọng Chú Sát","2470"
"26331","175","168 Ý nghĩa của sự tồn tại của tôi","184"
"26332","175","169 Lăng Tâm, bạn quả thật vẫn thích anh ấy","185"
"26333","175","170 Ghét tôi thì bắn thêm phát nữa đi","186"
"27415","136","Chương 1 Chương 20 Phần 1","44"
"27419","136","Thông Báo Tạm Dừng Cập Nhật!","48"
"27428","136","Phần Một Chương 25 Phần 2","57"
"27429","136","Phần Một Chương 26 Phần 1","58"
"27442","136","Phần Một Chương 32 Phần 2","71"
"27449","136","Phần Một Chương 35 Phần 1","78"
"27472","136","Phần Một Ngoại Truyện Chương 6 Phần 1","625"
"27498","140","Thảm Họa Thanh Quỷ Đao","2"
"27499","140","Phong Ấn You Ning","3"
"27500","140","Thiếu Niên Bùi Liệt","4"
"27501","140","Kiếm Danh Côn Ngô","5"
"27502","140","Thủy Nguyệt Đình Hiên","6"
"27503","140","Bất Ngờ Thảm Án","7"
"27504","140","Vạn Lý Phong Giang","8"
"27533","140","Sách Mã Cuồng Ca","51"
"27552","140","Đường Thượng Chỉ Qua","78"
"27590","140","Thảo Khởi Sự Đoạn","119"
"27606","140","Tam Tài Tam Ác","135"
"27622","140","A Di Đà Phật","151"
"27626","140","Thông Báo Xin Nghỉ & Thu Thập Hỏi Đáp Chủ Bút","155"
"26455","178","Tập 1: Khiêu khích chia rẽ","5"
"26494","178","Tập 38: Khi tôi cần cậu, thì cậu lại...","53"
"24814","146","Người Đàn Ông Không Có Linh Thể","2"
"24817","146","Em Có Thấy Anh Không?","5"
"24818","146","Tất Cả Những Gì Tôi Gặp Phải","7"
"24826","146","Cánh Hoa Tàn","15"
"24827","146","Bó Hoa Đó","16"
"24828","146","Khủng Hoảng Bất Biến Đen Trắng","17"
"24830","146","Bát Quái Trận","20"
"24831","146","Tình Huống Ngoài Dự Kiến","21"
"24832","146","Sự Sụp Đổ Của Ngôi Sao","22"
"24833","146","Chuyến Leo Núi","23"
"24834","146","Ước Nguyện Cuối Cùng","24"
"24835","146","Tuần Này Nghỉ Ra Truyện","25"
"24837","146","Em Là Ánh Sáng Xua Tan Bóng Tối Của Anh","27"
"24838","146","Nếu Không Phải Em","28"
"24839","146","Người Anh Muốn Bảo Vệ Nhất Chính Là Em","29"
"24840","146","Hoa Bỉ Ngạn Xanh","30"
"24841","146","Lời Hứa Với Em","31"
"24842","146","Anh Cũng Rất Muốn Đi Xem","32"
"24843","146","Món Quà Tiễn Biệt","33"
"24844","146","Cùng Đi Xem Tuyết Nhé","34"
"24845","146","Tất Cả Là Lỗi Của Tôi","36"
"24846","146","Không Được Đụng Vào Anh Ấy!!!","37"
"24847","146","Này, Tôi Có Gì Đó Tặng Bạn","38"
"24848","146","Hoa Hồng Tím","39"
"24849","146","Chảy Máu Não","40"
"24850","146","Tội Ác Không Thể Tha Thứ","42"
"24851","146","Quà Tết! Bỏ Phiếu Tháng Để Mở Gacha~","44"
"24852","146","Mạnh Bà Đại Nhân Thật Sự","46"
"24853","146","Tuần Này Nghỉ Ra Truyện","47"
"27653","140","Cuối Cung Nỏ Mạnh","2498"
"24854","146","Người Khi Gặp Là Vui","48"
"24856","146","Thế Giới Bên Ngoài","50"
"24857","146","Cây Thần","51"
"24858","146","Ngục Tối Tăm Tối","52"
"24859","146","Em Không Nhớ Anh Sao?","53"
"24860","146","Oán Linh","54"
"24861","146","Vô Cứu!!!","55"
"24862","146","Hóa Ra, Ma Cũng Có Thể Chết...","56"
"24863","146","Chúng Ta Không Thể Bỏ Qua Ai!","57"
"24865","146","Con Mèo Bị Bỏ Rơi","59"
"24866","146","Tôi Muốn Ở Lại Đây","60"
"24867","146","Các Người Nói Dối","61"
"24869","146","Phải Cứu Nó!","63"
"24870","146","Hồn Cháy","64"
"24871","146","Tôi Sẽ Không Thua!","65"
"24873","146","Ai Dám Bắt Nạt Tiểu Thư!","67"
"24874","146","Chủ Động Đến Gặp","68"
"24875","146","Em Khác Anh Sao?","69"
"24876","146","Bầu Trời Sao Thành Phố","70"
"24877","146","Ngoại Truyện Trung Nguyên Tiết","71"
"24878","146","Xin Để Tôi Thay Anh Ấy","72"
"24880","146","Xác Thể","74"
"24881","146","Chúng Ta Cũng Nên Về Nhà","75"
"24882","146","Tiến Vào Khu Cấm","76"
"24883","146","Buông Anh Ấy Ra!","77"
"24884","146","Tranh Chúc Mừng Quốc Khánh","78"
"24885","146","Tìm Thấy Em Rồi","79"
"24886","146","Chúng Ta Không Phải Anh Em Sao","80"
"24887","146","Các Người Sẽ Gặp Báo Ứng!","81"
"24888","146","Người Dẫn Đường","82"
"24889","146","Tôi Xúc Phạm Gì Vậy?!","83"
"24890","146","Gỡ Bỏ Giới Hạn","84"
"24891","146","Anh Em Bi Thảm","85"
"24892","146","Gánh Nặng Nặng Nề","86"
"24893","146","Em Có Cảm Thấy Có Lỗi Với Anh Ấy Không?","87"
"24894","146","Bắt Anh Ấy!","88"
"24895","146","Chuyện Này Không Có Thật!","89"
"24896","146","Anh Ấy Muốn Thành Toàn Cho Em Hơn","90"
"24897","146","Quái Vật Khó Nhằn Nhất","91"
"24898","146","Buổi Đại Hội Bắt Đầu","92"
"24900","146","Tranh Chúc Mừng Tết Nguyên Đán","94"
"24901","146","Quy Tắc Địa Phủ","95"
"24902","146","Là Tôi Gây Hại Cho Họ","96"
"24903","146","Hai Chị Em Mạnh","97"
"24905","146","Thí Nghiệm Thất Bại","99"
"24906","146","Các Người Không Có Lòng","100"
"24908","146","Trở Thành Ma Tâm","102"
"24909","146","Dấu Hiệu Ma Tâm Xuất Hiện","103"
"24910","146","Sự Tồn Tại Giả Tạo","104"
"24911","146","Tất Cả Là Vì Tốt Cho Em","105"
"24912","146","Rất Muốn Ở Bên Nhau","106"
"24913","146","Phục Hồi Ký Ức","107"
"27662","137","Chương 1-03: Xuất Phát! Không Ai Được Cản Tôi!","7"
"27671","137","Chương 2-04: Thiên Địa Khác Biệt","19"
"27677","137","Chương 3-02: Cô Gái Tâm Ngữ","27"
"27694","137","Chương 4-07: Dị Biến","44"
"27720","137","Chương 6-06: Lang Quyền","71"
"27753","137","Chương 8-11: Cảm Ơn Ngươi","560"
"27754","137","Chương 8-12: Kết Thúc","579"
"27755","137","Kỷ Niệm Hoàn Thành","600"
"24609","144","Chương 3: Tôi Thật Sự Bị Ma Nữ Nhập Thể?","12"
"27757","137","Công Bố Kết Quả Bình Chọn Nhân Khí Song Long Đen Trắng","625"
"27758","137","Tranh Chúc Mừng Hoàn Thành","710"
"27759","137","Phần Phụ: Hoa Hồng Đỏ (Phần 1)","737"
"27760","137","Lễ Kỷ Niệm 2 Năm","765"
"27761","137","Phần 2, Dự Báo!","1483"
"27762","137","Phần 2! Vui lòng tìm kiếm ""Song Long Đen Trắng 2""","1509"
"27763","137","Phần 2 Chương 1 Tập 2: Quê Hương","2377"
"27766","137","Phần 2 Chương 3 Tập 5: Sự Thật","2392"
"27756","137","Trình Diễn Fan Số 7","616"
"27769","137","Phần 2 Chương 5 Tập 4: Điều Ước của Bạch Kỳ","2412"
"27944","138","Chương 103","178"
"27945","138","Chương 104","179"
"27947","138","Chương 106","181"
"27948","138","Chương 107","182"
"27950","138","Chương 113 Đế Vương Chi Mộng","2508"
"27951","138","Chương 115 Luân Hồi","2695"
"28226","132","Đi thủy cung thôi~","80"
"28227","132","Hoạt động thể thao hàng ngày của Hiếu Thiên.","81"
"28228","132","Ngay cả thần tiên cũng phải học trung học.","82"
"28229","132","Các bạn là lớp tệ nhất mà tôi từng dạy.","83"
"28230","132","Tuổi trẻ mà không chút ngông cuồng thì uổng phí.","84"
"28231","132","Bệnh trung niên và con nhà giàu thế hệ hai.","85"
"28233","132","Mời thần dễ, tiễn thần khó.","87"
"24635","144","Chương 29: Xã Hội Anh Biao, Lời Nói Đanh Lạnh...","36"
"28234","132","Nghệ thuật bắt nguồn từ cuộc sống và cao hơn cuộc sống.","88"
"28235","132","Còn nhớ cô gái này không?","89"
"28236","132","Cô gái linh năng và người không đầu.","90"
"28237","132","Đại Bảo, gặp lại mỗi ngày.","91"
"28238","132","Cổng truyền chuyển không chắc chắn.","92"
"28239","132","Dễ thương là năng suất sản xuất hàng đầu!","93"
"28241","132","Họa sĩ linh hồn.","95"
"28242","132","Nguồn gốc của Rangze, chảy về đông bắc vào Thái Trì.","96"
"28243","132","Làm UP chủ cũng không dễ dàng.","97"
"28245","132","Xem phim phải chú ý lễ nghi.","99"
"28246","132","Dị ứng mùa xuân.","100"
"28247","132","Làm như Cố Du, ai mà không biết?","101"
"28248","132","Cửu Thiên Tiên Nữ hạ xuống Dao Trì, Chang'e rời Ngọc Các.","102"
"28249","132","Có những chuyện chỉ nên nghĩ vậy thôi.","103"
"28250","132","Tất cả chúng ta đều là động vật.","104"
"24654","144","Chương 48: Tiểu Di? Dì","51"
"28253","132","Tử khí đông lai.","108"
"28254","132","Tôi tím tái rồi, cũng hói đầu luôn.","109"
"28255","132","Chơi xếp hạng à? Cho tôi tham gia với.","110"
"28256","132","Trò chơi này cân bằng quá tệ.","111"
"64","7","Tác phẩm mới ra mắt ngày 26 tháng 7","105998"
"65","7","Giới thiệu nhân vật","105999"
"66","7","Dự báo: Câu chuyện tình thuần khiết","107179"
"27980","168","Chương 0","1"
"27981","168","Chương 1","2"
"27982","168","Chương 2","3"
"27983","168","Chương 3","4"
"27984","168","Chương 4","5"
"27985","168","Chương 5","6"
"27986","168","Chương 6","7"
"27987","168","Chương 7","8"
"27988","168","Chương 8","10"
"27989","168","Chương 9","11"
"27990","168","Chương 10","12"
"27991","168","Chương 11","13"
"27992","168","Chương 12","14"
"27993","168","Chương 13","15"
"27994","168","Chương 14","16"
"27995","168","Chương 15","17"
"27996","168","Chương 16","18"
"27997","168","Chương 17","19"
"24681","144","Chương 75: Giương Cờ Lớn","76"
"27998","168","Chương 18","20"
"24683","144","Chương 77: Thế Chấp","77"
"27999","168","Chương 19","21"
"28000","168","Chương 20","22"
"28001","168","Chương 21","23"
"28003","168","Chương 23","25"
"28004","168","Chương 24","26"
"28005","168","Chương 25","27"
"28006","168","Chương 26","28"
"28007","168","Chương 27","29"
"28008","168","Chương 28","30"
"28009","168","Chương 29","31"
"28010","168","Chương 30","32"
"28011","168","Chương 31","33"
"24665","144","Chương 59: Ma Làng","62"
"28012","168","Chương 32","34"
"28013","168","Chương 33","35"
"28014","168","Chương 34","36"
"28015","168","Chương 35","38"
"28016","168","Chương 36","39"
"28017","168","Chương 37","40"
"28018","168","Chương 38","41"
"28019","168","Chương 39","42"
"28020","168","Chương 40","43"
"28021","168","Chương 41","44"
"28022","168","Chương 42","45"
"24701","144","Chương 95: Tàn Chi","95"
"28023","168","Chương 43","46"
"28025","168","Chương 45","48"
"28026","168","Chương 46","49"
"24705","144","Chương 99: Quyết Tâm","99"
"28027","168","Chương 47","50"
"28028","168","Chương 48","51"
"28029","168","Chương 49","52"
"28030","168","Chương 50","53"
"28031","168","Chương 51","54"
"28032","168","Chương 52","55"
"28034","168","Chương 54","57"
"28035","168","Chương 55","58"
"28036","168","Chương 56","59"
"28037","168","Chương 57","60"
"28038","168","Chương 58","61"
"28039","168","Chương 59","62"
"28040","168","Chương 60","63"
"28041","168","Chương 61","64"
"28042","168","Chương 62","65"
"28043","168","Chương 63","66"
"28044","168","Chương 64","67"
"28045","168","Chương 65","68"
"28046","168","Chương 66","69"
"28047","168","Chương 67","70"
"28048","168","Chương 68","71"
"28049","168","Chương 69","72"
"28050","168","Chương 70","73"
"24731","144","Chương 125: Khoảnh Khắc Sinh Tử","124"
"28051","168","Chương 71","74"
"28052","168","Chương 72","75"
"28053","168","Chương 73","76"
"28054","168","Chương 74","77"
"24700","144","Chương 94: Trảm Long","94"
"28055","168","Chương 75","78"
"28056","168","Chương 76","79"
"28057","168","Chương 77","80"
"28058","168","Chương 78","81"
"28059","168","Chương 79","82"
"28060","168","Chương 80","87"
"28061","168","Chương 81","88"
"28062","168","Chương 82","89"
"28063","168","Chương 83","90"
"28064","168","Chương 84","91"
"28066","168","Chương 86","93"
"28068","168","Chương 88","97"
"28069","168","Chương 89","98"
"28070","168","Chương 90","99"
"28071","168","Chương 91","106"
"28072","168","Chương 92","109"
"28073","168","Chương 93","110"
"28074","168","Chương 94","111"
"28075","168","Chương 95","112"
"28076","168","Chương 96","113"
"24746","144","Chương 140: Khó Chịu Nhất Là Ân Tình Mỹ Nhân","141"
"28077","168","Chương 97","114"
"28078","168","Chương 98","116"
"24749","144","Chương 143: Tà Linh","144"
"28079","168","Chương 99","119"
"28080","168","Chương 100","121"
"28081","168","Chương 101","122"
"28082","168","Chương 102","123"
"28083","168","Chương 103","124"
"28084","168","Chương 104","127"
"28085","168","Chương 105","128"
"28086","168","Chương 106","129"
"28087","168","Chương 107","130"
"28088","168","Chương 108","131"
"28089","168","Chương 109","132"
"24763","144","Chương 157: Phù Thủy Iceland","158"
"28090","168","Chương 110","133"
"28091","168","Chương 111","134"
"28092","168","Chương 112","135"
"28093","168","Chương 113","136"
"27774","135","Dự báo phần hai Kiếm Dựa Trời chương 01","2328"
"24736","144","Chương 130: Khủng Hoảng Người Khổng Lồ","131"
"24737","144","Chương 131: Sóng Chưa Lặng, Sóng Lại Dâng","132"
"24738","144","Chương 132: Khủng Hoảng Lâu Đài","133"
"24739","144","Chương 133: Cất Cánh","134"
"24753","144","Chương 147: Bẫy Tiền","148"
"28094","168","Chương 114","137"
"28095","168","Chương 115","138"
"28096","168","Chương 116","518"
"28097","168","Chương 117","546"
"28098","168","Chương 118","591"
"28099","168","Chương 119","619"
"28101","168","Chương 121","712"
"28102","168","Chương 137","2187"
"24606","144","Chương 0: Sao Cậu Không Mặc Quần? (Phần 1)","10"
"24607","144","Chương 1: Sao Cậu Không Mặc Quần? (Phần 2)","126"
"24608","144","Chương 2: Tây Thi Bán Hàng Trong Rừng Cây","11"
"24610","144","Chương 4: Gặp Ma Ba Hoa Trên Đường","13"
"24611","144","Chương 5: Tối Nay! Vui Quá!","14"
"24613","144","Chương 7: Phí Qua Đường Mất Năm Mươi Triệu?","16"
"24614","144","Chương 8: Tây Thi Bán Hàng Gặp Rắc Rối","17"
"24615","144","Chương 9: Đây Là Khả Năng Gì?!","18"
"24616","144","Chương 10: Chiêu Cuối Bị Né Thành Công","19"
"24617","144","Chương 11: Quần Áo Cậu... Rách Rồi","20"
"24618","144","Chương 12: Đầu Ma Dao Bầu Xanh Mướt","21"
"24619","144","Chương 13: Vu Tây Sư Nổi Giận Đối Đầu Ma Dao Bầu","22"
"24620","144","Chương 14: Em Hiểu Biết Lắm Đấy, Em Trai Nhỏ?","23"
"24621","144","Chương 15: Biến Hình Đi, Dao Bầu Nhỏ!","24"
"24623","144","Chương 17: Sự Thật Kiều Tiểu Mẫn Che Giấu","6"
"24624","144","Chương 18: Diệp Lam Dũng Cảm Đột Nhập Cửa Hàng Cổ Vật","25"
"24625","144","Chương 19: Hehehe, Tiểu Yêu Tinh Ở Đâu...","26"
"24626","144","Chương 20: Uống Đại Lực Ra Phép Màu","27"
"24627","144","Chương 21: Đừng Trốn Bên Trong Im Lặng!","28"
"24628","144","Chương 22: Con Rắn Đẹp Nhất Cả Phố","29"
"24629","144","Chương 23: Kỹ Năng Rắn Linh Đại Công Bố","30"
"24630","144","Chương 24: Vui Vẻ Kéo Tóc Với Mary","31"
"24631","144","Chương 25: Ghi Chép Bắt Bloody Mary","32"
"24632","144","Chương 26: Đêm Thăm Sóng Lớn","33"
"24633","144","Chương 27: Sóng Lớn Đã Chết Từ Lâu, Không...","34"
"24634","144","Chương 28: Đột Kích Lục Hợp Sơn Trang Đêm","35"
"24636","144","Chương 30: Mỹ Nhân Rơi Từ Trời Xuống","127"
"24637","144","Chương 31: Ma Nữ Cứu Mỹ Nhân","37"
"24638","144","Chương 32: Thuật Nổ Hậu Môn","38"
"24639","144","Chương 33: Sao Lại Là Cậu?","39"
"24640","144","Chương 34: Gì?!","1"
"24642","144","Chương 36: Bị Kẹt Trong Kết Giới","41"
"24644","144","Chương 38: Sức Mạnh Của 007","42"
"24645","144","Chương 39: Kiều Tiểu Mẫn Trong Trận Đấu","43"
"24646","144","Chương 40: Đặc Vụ Thiên Giới","44"
"24648","144","Chương 42: Thiên Quỷ","46"
"24649","144","Chương 43: Cơn Giận Của Thiên Quỷ","47"
"24650","144","Chương 44: Không Nhận Bất Kỳ Người Thân Nào","8"
"24651","144","Chương 45: Phương Pháp Xử Lý Hậu Quả","48"
"24652","144","Chương 46: Khoảnh Khắc Chia Tay","49"
"24653","144","Chương 47: Trốn Khỏi Lục Hợp Sơn Trang","50"
"24656","144","Chương 50: Nơi Khởi Nguồn","53"
"24657","144","Chương 51: Người Giàu Nhất Huyện Mới","54"
"24658","144","Chương 52: Tin Nóng Giới Pháp Giới","55"
"24659","144","Chương 53: Phiền Muộn Của Lưu Thủ Phú","56"
"24660","144","Chương 54: Rắn Nhỏ Xã Hội","57"
"24661","144","Chương 55: Nạp Linh Bảo","58"
"24663","144","Chương 57: Người Da Vàng Đến Nhà","60"
"24664","144","Chương 58: Bát Quan Đinh Hồn","61"
"24667","144","Chương 61: Đường Đạo Lạ","64"
"24668","144","Chương 62: Binh Sĩ Xác Chết","65"
"24669","144","Chương 63: Binh Sĩ Yêu Hóa","9"
"24670","144","Chương 64: Sư Thúc","66"
"24671","144","Chương 65: Thanh Long Địa Khí","67"
"24672","144","Chương 66: Thoát Thân","68"
"24673","144","Chương 67: Bán Lần Nữa","69"
"24674","144","Chương 68: Quả Ngọc Đen","70"
"24675","144","Chương 69: Bí Mật Chuyển Sinh","71"
"24676","144","Chương 70: Cậu, Bạn Cùng Bàn","72"
"24677","144","Chương 71: Hồ Tiên Nhi","73"
"24678","144","Chương 72: Vô Tình","74"
"24679","144","Chương 73: Thần Núi Mini","2"
"24680","144","Chương 74: Khóa Long Già","75"
"24682","144","Chương 76: Mộ Trong Mộ","3"
"24686","144","Chương 80: Đại Họa","80"
"24687","144","Chương 81: Thiếu Chủ Hắc Thạch","81"
"24688","144","Chương 82: Dương Linh","82"
"24689","144","Chương 83: Sạc Điện","83"
"24690","144","Chương 84: Đầu Đồng Trán Sắt","84"
"24691","144","Chương 85: Lửa Niết Bàn","85"
"24692","144","Chương 86: Sấm Sét Kinh Động Long","86"
"24694","144","Chương 88: Đạo Sĩ Bí Ẩn","88"
"24695","144","Chương 89: Cậu Nhìn Gì Vậy?","89"
"24696","144","Chương 90: Cậu Muốn Làm Gì?","90"
"24697","144","Chương 91: Lực Sĩ Khăn Vàng","91"
"24698","144","Chương 92: Tiên Trong Tranh","92"
"24699","144","Chương 93: Diệp Lam Là 'Đại Biến Thái'","93"
"24702","144","Chương 96: Ma Vật","96"
"24703","144","Chương 97: Khủng Hoảng","97"
"24704","144","Chương 98: Ngõ Cụt","98"
"24706","144","Chương 100: Tuyệt Cảnh","100"
"24707","144","Chương 101: Dịu Dàng Hạ Xuống","101"
"24708","144","Chương 102: Dịu Dàng Hay Không Dịu Dàng?","102"
"24709","144","Chương 103: Đe Dọa","103"
"24710","144","Chương 104: Kẻ Lừa Đảo Đá Đen","104"
"24711","144","Chương 105: Thập Phương Thông","105"
"24712","144","Chương 106: Mục Nô Thông Minh","106"
"24713","144","Chương 107: Ràng Buộc","107"
"24714","144","Chương 108: Tinh Chất Gà","108"
"24715","144","Chương 109: Đại Hồng Lĩnh A Lục","109"
"24717","144","Chương 111: Trường Quái Vật","111"
"24718","144","Chương 112: Điểm Đổi Thật Sự Có Giá","112"
"24719","144","Chương 113: Địa Hỏa Giáp","113"
"24720","144","Chương 114: Mua Bán Lại Nhiều Hơn Rất Nhiều","114"
"24721","144","Chương 115: Chủ Tớ Khế Ước","115"
"24722","144","Chương 116: Đào Sâu Tận Gốc","116"
"24723","144","Chương 117: Đi Tìm Lão Lưu Đầu","117"
"24724","144","Chương 118: Khách Sạn Thiên Đình","118"
"24725","144","Chương 119: Giao Dịch Thành Công","119"
"24727","144","Chương 121: Rắc Rối! Bị Phát Hiện Rồi","121"
"24728","144","Chương 122: Bắt Rùa Trong Bình","4"
"24729","144","Chương 123: Biến Hình Giai Đoạn Hai","122"
"24730","144","Chương 124: Phong Ấn Pháp Khí","123"
"24732","144","Chương 126: Tiểu Mèo Nương","125"
"24733","144","Chương 127: Tử Vong Nê Quái","128"
"24734","144","Chương 128: Thạch Bà Bà","129"
"24735","144","Chương 129: Nguy Hiểm Đến Gần","130"
"24740","144","Chương 134: Nói Ra Là Pháp","135"
"24741","144","Chương 135: Thoát Khỏi Nhanh Chóng","136"
"24742","144","Chương 136: Thoát Khỏi Nhanh Chóng","137"
"24743","144","Chương 137: Bán Thân","138"
"24744","144","Chương 138: Mối Hận Mới Và Oán Thù Cũ","139"
"24745","144","Chương 139: Quá Nhiều Người Quen","140"
"24747","144","Chương 141: Trừ Tà","142"
"24748","144","Chương 142: Đại Thiếu Gia Tinh Nghịch","143"
"24750","144","Chương 144: Đại Uy Thiên Long","145"
"24751","144","Chương 145: Ấm Áp Một Chút Dịu Dàng","146"
"24754","144","Chương 148: Công Ty Mặt Trời","149"
"24755","144","Chương 149: Trưởng Phòng","150"
"24757","144","Chương 151: Thật Sự Đẫm Máu","152"
"24758","144","Chương 152: Đánh Đập Bloody Mary","153"
"24759","144","Chương 153: Ngàn Linh Quan Giám","154"
"24760","144","Chương 154: p Ác Linh","155"
"24761","144","Chương 155: Cổ Danh Chuyết","156"
"24762","144","Chương 156: Bổn Mệnh Linh Khí","157"
"24764","144","Chương 158: Mặt Nạ Đen","159"
"24765","144","Chương 159: 乔小敏 Quay Lại","160"
"24766","144","Chương 160: Bắt Đầu Lại","161"
"28103","168","Chương 139","2283"
"28104","168","Chương 141","2643"
"1318","11","001 Chạy thì sẽ bị ngắt ở đây","107467"
"24988","160","Chương 31: Cấp S","34"
"28150","132","Ngày xửa ngày xưa, có một con hồ ly chín đuôi.","4"
"28151","132","Chín cái đuôi thật khó khăn.","5"
"28152","132","Xin đừng sử dụng chức năng phun nước mà không báo trước.","6"
"28153","132","Sâu trong tâm hồn mãnh liệt là một biển cả trong sáng.","7"
"28154","132","Đừng cố đoán suy nghĩ của phụ nữ (hay yêu quái?).","8"
"26779","176","015 Cho Anh Ấy Một Ngôi Nhà","16"
"26780","176","016 Ăn Đất","17"
"26781","176","017 Ly Hôn","18"
"26782","176","018 Đi Dã Ngoại","19"
"26783","176","019 Bánh Trung Thu","20"
"26784","176","020 Vòng Bạn Bè Trong Tủ Lạnh (Phiên Bản Quốc Khánh)","21"
"26785","176","021 Ngã Không Sợ!","22"
"26786","176","022 ""Cậu Bé Hạt Dẻ Tán Gái"" Khởi Động","23"
"26787","176","023 Lời Nói Ngọt Ngào","24"
"26788","176","024 Bất Ngờ","25"
"26789","176","025 Tre 1","26"
"26790","176","026 Tre 2","27"
"26791","176","027 Tiệc Hóa Trang Halloween","28"
"26792","176","028 Hoảng Sợ","29"
"26793","176","031 Lập Đông","30"
"26794","176","029 Chờ Đợi","31"
"26795","176","030 Động Vật Cực “Đóng Băng Nhanh” Khởi Động","32"
"26796","176","032 Sợ Đến Mức Tiểu Ra Quần","33"
"26797","176","033 Sáng Tác","34"
"26798","176","034 Qua Đông","35"
"26799","176","035 Hình Nền Chim Cánh Cụt Bé Thức Dậy Mùa Đông","36"
"26800","176","036 Hệ Thống Sưởi Ấm","37"
"26801","176","037 Tuyển Chọn Hình Nền Tủ Lạnh","38"
"26802","176","038 Người Tuyết","39"
"26803","176","039 Bài Học (Ngày 12/12 Lại Đến...)","40"
"26804","176","040 Bạn Sợ Gì? Bạn Biết Mình Là Ai Không?","41"
"26805","176","041 So Sánh","42"
"26806","176","042 Tên (Gungun Có Tên Rồi~)","43"
"26807","176","Khởi Động ""Cậu Bé Hạt Dẻ Tán Gái"" ""Giáng Sinh Đại Chiến""","44"
"26808","176","044 ""Cậu Bé Hạt Dẻ Tán Gái"" ""Giáng Sinh Đại Chiến""","45"
"26810","176","046 Ước Nguyện Năm Mới + Xin Chào 2018~","49"
"26811","176","047 Năm Mới Không Muốn Động Đậy + Ảnh Đại Diện 2018","50"
"26812","176","048 Đồ Chơi Lật Đật","51"
"26813","176","049 Gấu Tuyết","52"
"26814","176","050 Thần Thi Bảo Hộ, Đại Cát Đại Lợi","53"
"26815","176","051 Chiêu Thức Bị Rớt Thi","54"
"26816","176","052 Trễ, Chiến Thuật Cứu Vãn Của A Trực","55"
"26817","176","053 Rất Muốn Có Một Người Cha Như Thế","56"
"26818","176","054 Bộ Phim Dài Nhất","58"
"26819","176","055 Khuyết Điểm","59"
"26820","176","056 Cãi Nhau","60"
"26821","176","057 Hướng Dẫn Trang Điểm Kỳ Tư Năm Rắn Phát Tài Phát Lộc","61"
"26822","176","058 Valentine Trắng Thẳng Thắn Nhất","62"
"26823","176","059 Năm Rắn Vang Vang Vang","63"
"26824","176","060 Chúc Mừng Phát Tài Phát Lộc!","64"
"26825","176","061 Vòng Bạn Bè Trong Tủ Lạnh Phiên Bản Tết","65"
"26826","176","062 Cẩn Thận Đèn Lồng Giả Đáng Ghét!","66"
"26827","176","063 Kỹ Năng Mới Để Lươn Lách","67"
"26828","176","064 Ếch Con Tìm Mẹ 01","68"
"26829","176","065 Ếch Con Tìm Mẹ 02","69"
"26830","176","066 Anh Ấy Ra Đi Vào Valentine Trắng","70"
"26832","176","068 Thực Phẩm Bổ Sung","72"
"26833","176","069 Hình Nền Ảnh Đại Diện Mùa Xuân Mới","73"
"26834","176","070 Ếch Con Tìm Mẹ 03","74"
"26835","176","071 Ngày Cá Tháng Tư Chống Chiêu Thức Và Chống Chống Chiêu Thức","75"
"26836","176","072 Cách Tiêu Hóa Bánh Thanh Trùng","76"
"26837","176","073 Nguyên Tắc Làm Gấu","77"
"26838","176","074 Về Sự Khác Biệt Bản Chất Giữa Người Độc Thân Và Người Thích Ăn","78"
"26839","176","075 Mưa Sinh Ra Mọi Loài, Trồng Gấu Để Có Gấu","79"
"26840","176","076 Hình Nền Ảnh Đại Diện Dễ Thương Năng Lượng Cao Cuối Xuân","80"
"26841","176","077 Chuyển Giao Xuân Hạ, Em Bé To Bón Phân","81"
"26842","176","078 Nguồn Gốc Ngày Lao Động","82"
"26844","176","080 Gấu Ở Phuket Phần “Gấu Thái” 02","85"
"26845","176","081 Chúc Những Người Yêu Nhau Giấc Mơ Đẹp Thành Hiện Thực","86"
"26846","176","082 Kim Cương Của Tôi Không Thể Làm Được Việc Sứ Của Bạn","87"
"26847","176","083 Chúng Ta Có Thể Không Đánh Cùng Một Loại Muay Thái","88"
"26848","176","084 Gieo Hy Vọng, Gặt Ánh Sáng!","89"
"26849","176","085 Tôi Độc Nhưng Tôi Dịu Dàng","90"
"26850","176","086 Bạn Không Học Được Cách Làm Giàu Của Tôi","91"
"26852","176","088 Bạn Trông Như Một Quả Bóng Mà Vẫn Đá Bóng","93"
"26853","176","089 Thơ Vần World Cup","94"
"26854","176","090 Đá Bóng","95"
"26855","176","091 Người Này Đánh Đầu Làm Ban Tổ Chức Sợ","98"
"26856","176","092 Độc Dược Của Thủ Môn","99"
"26857","176","093 Cảnh Giả Vờ Thất Bại","100"
"26858","176","094 Trứng Bị Lạnh Chết Như Thế Nào (Phần 1)","101"
"26859","176","095 Trứng Bị Lạnh Chết Như Thế Nào (Phần 2)","102"
"26861","176","097 Đúng Rồi, Quả Trứng Này Là Trứng Thật","104"
"26862","176","099 Lời Chúc Đám Cưới Trong Mơ","108"
"26863","176","100 Thua Rồi, Thua Hoàn Toàn...","109"
"26864","176","101 Trung Nguyên Tiết Kỳ Tư Hùng Sinh Khủng Hoảng Lớn Nhất","110"
"26865","176","102 Đàn Ông Thật Sự, Đàn Ông Khó Khăn","111"
"26866","176","103 Bài Học Đầu Tiên Của Kỳ Học Mới","112"
"26867","176","104 Bộ Sưu Tập Biểu Tượng Mùa Thu","113"
"26868","176","105 Chúc Mừng Ngày Nhà Giáo!","114"
"26869","176","106 Bão Không Thể Cuốn Bay Sự Ngây Thơ Của Tôi","115"
"26870","176","107 Ngày Yêu Răng","116"
"26871","176","108 Rạp Nhỏ Tủ Lạnh - Trăng Tròn Trung Thu","117"
"26872","176","109 Chiến Lược Lạnh Lùng Dễ Thương Ngày Quốc Khánh","118"
"26873","176","110 Ngày Động Vật Thế Giới - Gấu Trắng Nhỏ Có Một Giấc Mơ","119"
"26874","176","111 Chia Sẻ 'Đầu' Cá Chép May Mắn Này","120"
"26875","176","112 Tết Trùng Cửu, Tình Yêu Nặng Trĩu~","121"
"26876","176","113 Tôi Là Đèn Thần, Đến Để Thay Đổi Cuộc Đời Cá Của Bạn","122"
"26877","176","114 Rạp Nhỏ Tủ Lạnh - Tây Du Ký: Đền Đất","123"
"26878","176","115 Ý Nghĩa Của Cuộc Sống - Triết Lý Kỳ Tư","124"
"26879","176","116 Xin Trả Lại Tôi Một Ngày 11/11 Thuần Khiết","125"
"26880","176","Kế Hoạch Vui Vẻ Mùa Đông","126"
"26881","176","118 Kỹ Thuật Selfie: Phơi Sáng","127"
"26882","176","119 Nhịp Tim Của Bạn Đã Phản Bội Bạn","128"
"26883","176","120 Gấu Xã Hội","129"
"26884","176","121 A Trực Kem Thông Báo Đăng Ký~","131"
"26885","176","122 Cùng Bạn Xem Mưa Sao Băng","132"
"26886","176","123 Tại Sao Hải Vương Có Thể Trở Thành Hải Vương","133"
"26887","176","124 Đông Chí","134"
"26888","176","125 Hình Nền Quả Cầu Pha Lê Giáng Sinh","135"
"26889","176","126 Tất Giáng Sinh","136"
"26890","176","127 Chú Ý! Lần Này Thật Sự Hạ Nhiệt","137"
"26891","176","128 Năm Mới Phải Có Không Khí Trang Trọng~","138"
"26892","176","129 Bạch Tuyết Dễ Thương Nhất","139"
"26893","176","130 Tín Hiệu Vũ Trụ Ngoài Ánh Năm Ánh Sáng","140"
"26894","176","131 Khi Bạn Ngước Nhìn Bầu Trời Sao","141"
"26895","176","132 Lớp Học Tình Yêu A Trực Bài 1","142"
"26896","176","133 Bộ Sưu Tập Hình Nền 24 Tiết Khí","143"
"26897","176","134 Cậu Bé Bán Diêm","144"
"26898","176","135 Cuộc Đời Gấu Của Tôi Cần Thơ Và Chốn Xa","145"
"26899","176","136 Về Nhà Dịp Tết, Bố Mẹ Không Nhận Ra Tôi Nữa...","146"
"26900","176","137 Chúc Mừng Năm Mới!","147"
"26901","176","138 Để Tôi Kể Bạn Một Câu Chuyện Kinh Dị","148"
"26902","176","139 Món Quà Valentine Đầy Màu Sắc Khoa Học Viễn Tưởng Nhất","149"
"26903","176","140 Tối Nay, Tôi Sẽ Bao Bọc Bạn~","150"
"26904","176","141 Lớp Học Tình Yêu A Trực Bài 2","151"
"26905","176","142 Làm Sao Để Vượt Qua Kỳ Thi Đột Xuất Khi Mới Vào Học","152"
"26906","176","143 Nữ Hoàng Nghỉ Lễ, Rồng Ngẩng Đầu","153"
"26907","176","144 Tình Yêu Đẹp Nhất Hóa Ra Lại Thảm Khốc Như Thế","154"
"26908","176","145 Tiên Nữ Kỳ Tư Bói Duyên","155"
"26909","176","146 Đại Sư Kỳ Không Lừa Bạn: Yêu Đến Đầu Bạc","156"
"26910","176","147 Làm Sao Thoát Khỏi Khó Khăn Cuộc Đời","157"
"26911","176","148 Có Một Thư Tình Gửi Bạn, Xin Vui Lòng Kiểm Tra","158"
"26912","176","149 Không Khí Thanh Minh Phải Đậm Đà~","159"
"26913","176","150 Gấu Như Tôi Khó Mất Kiểm Soát","160"
"26914","176","151 Bạn Không Biết Gì Về Hố Đen Cả","161"
"26915","176","152 Bí Kíp Selfie Của Thầy Cheese","162"
"26916","176","153 Mưa Sinh Trăm Loại Thóc, Mùa Hạ Đang Đến","163"
"26917","176","154 Có Những Lời Tôi Chỉ Giữ Trong Tim","164"
"26918","176","155 Cho Tôi Một Lối Ra, Tôi Dù Sao Cũng Là Thần Khí","165"
"26920","176","157 Nghe Nói Ai Cũng Có Một Người Mẹ Như Vậy","168"
"26921","176","158 Bộ Hình Nền Khóa + Màn Hình Chính Tháng 5 Dễ Thương","169"
"26922","176","159 Lớp Học Tình Yêu A Trực Bài 3","170"
"26923","176","160 Bài Tập Học Sinh Tiểu Học Bây Giờ Thật Khó","171"
"26924","176","161 Tôi Nghĩ Tôi Vẫn Có Thể Cứu Vãn","172"
"26925","176","162 Hôm Nay, Tất Cả Chúng Ta Phải Là Những Đứa Trẻ Vui Vẻ","173"
"26926","176","163 Bánh Chưng Đoan Ngọ Hợp Hơn Với Kỳ Thi Đại Học~","174"
"26927","176","164 Tôi Chỉ Cách Mẹ Một Cuộc Gọi","175"
"26928","176","165 Cách Mở Rộng Tình Yêu Của Cha Đúng Đắn","176"
"26929","176","166 Không Sợ Kẻ Trộm Ăn Cắp, Chỉ Sợ Kẻ Trộm Lỗi Bug","177"
"26931","176","168 Tôi Đến Để Sắp Xếp Lại Vị Trí Của Bạn~","179"
"26932","176","169 Sự Quan Tâm Thật Sự Là Cho Bạn Thẻ Của Tôi","180"
"26933","176","170 Tặng Hình Nền Giảm Nhiệt Mùa Tam伏","181"
"26934","176","171 Một Trại Hè Định Sẵn Toàn Chỗ Hố Bẫy","182"
"26935","176","172 Những Công Trình Vĩ Đại Đều Có Mùi Riêng","183"
"26936","176","173 So Sánh Xem Ai Sợ Ai Hơn?","184"
"26937","176","174 Tiến Công Thung Lũng Thợ Săn, Chiến Dịch Bắt Lấy Trái Tim","185"
"26938","176","175 Hãy Giữ Lấy Mối Tình Rộn Ràng Này","186"
"26939","176","176 Tin Vào Bản Thân, Bạn Là Người Béo Nhất","187"
"26940","176","177 Tết Ma! Họ Đã Đến!","188"
"26941","176","178 Hôm Nay Thật Sự Bị Cá Voi Đánh Bại","189"
"26942","176","179 Vua Thú Không Ai Khác Ngoài Bạn","190"
"26943","176","180 Luôn Độc Thân, Luôn Vui Vẻ","191"
"26944","176","181 Không Ai Nói Tôi Chuột Lại To Như Vậy...","192"
"26945","176","182 Học Sinh Nên Hiểu Chuyện Như Vậy","193"
"26946","176","183 Bạn Ngắm Trăng, Tôi Ngắm Bạn","194"
"26948","176","185 Dọn Dẹp Đón Quốc Khánh, Bắt Đầu Lại Từ Đầu","196"
"26949","176","186 Phụ Nữ Gánh Vác Một Nửa Bầu Trời","197"
"26950","176","187 Rõ Ràng Có Thể Dựa Vào Ngoại Hình Để Sống...","198"
"26951","176","188 Kỳ Nghỉ Này Bạn Chơi Điện Thoại Ở Đâu?","199"
"26952","176","189 Xuất Hiện Loài Mới Vào Tết Trùng Cửu","200"
"26953","176","190 Dạy Bạn Một Kỹ Năng Kiểm Soát Thời Gian","201"
"26954","176","Bạn Có Màu Nền Gì?","202"
"26955","176","192 Đêm Halloween, Dạy Bạn Bói Tương Lai Người Ấy","203"
"26956","176","193 Đây Là Tiêu Chuẩn Chọn Bạn Gần Đây Của Tôi","204"
"26957","176","194 Niềm Vui Thật Sự Của Con Gái Là Gì?","205"
"26958","176","195 Nghe Nói 80% Người Có Bệnh Này","206"
"26959","176","196 Bạn Nên Ở Trong Xe, Không Phải Dưới Gầm Xe","207"
"26960","176","197 Hai Năm Thay Đổi Thật Lớn","208"
"26962","176","199 Xin Lỗi, Tôi Là Gấu Trúc!","210"
"26963","176","200 Thói Quen Này Cần Phải Thay Đổi","211"
"26964","176","Hôm nay, để anh cho em thấy tay nghề của anh.","212"
"26965","176","Nhận quà Giáng Sinh thì nhất định phải cẩn thận.","213"
"26966","176","Món điểm tâm Giáng Sinh mới ra lò đây!","214"
"26967","176","Không ngờ em lại là kiểu heo như vậy.","215"
"26968","176","Cầu nguyện cho các loài động vật trong đám cháy rừng Úc.","216"
"26969","176","Làm sao để biết mình có cơ địa dễ béo hay không.","217"
"26970","176","Vé về quê dịp Tết đã sắp tới rồi.","218"
"26971","176","Tiền của bạn đi đâu rồi?","219"
"26972","176","Bộ sưu tập avatar và hình nền năm mới Năm Chuột.","220"
"26973","176","Có những sự ngu dốt cũng cần phải cách ly.","221"
"26974","176","Nâng cấp nhận thức về đèn lồng và câu đố Tết Nguyên Tiêu.","222"
"26975","176","Mong rằng những người yêu nhau trên thế gian cuối cùng sẽ thành gia đình.","223"
"26976","176","Mèo gấu dễ thương Daxian đang xem bói trực tuyến.","224"
"26977","176","Một triết lý sống giác ngộ vào ngày mùng 2 tháng 2 âm lịch.","225"
"26978","176","Anh chính là người chữa lành tâm hồn em.","226"
"26979","176","Xin tha lỗi cho đời tôi phóng khoáng và buông thả quá mức, vì nó quá hấp dẫn.","227"
"26980","176","Chúc mừng Ngày Nữ Hoàng~","228"
"26981","176","Thêm chút xanh cho thế giới.","229"
"26982","176","Hiện trường lớp học trực tuyến của thầy Yuanbao bị lỗi.","230"
"26983","176","Gấu di chuyển thì sống, cây di chuyển thì chết.","231"
"26984","176","Tính khí của con voi hôm nay trở nên rất nóng nảy.","233"
"26985","176","Giảm cân vẫn phải tìm đúng người mới được~","234"
"26986","176","Hướng dẫn phòng tránh lừa đảo ngày Cá Tháng Tư.","235"
"26987","176","Thanh Minh truyền thống nhưng đổi mới cách tổ chức.","236"
"26988","176","Bơi lội và tập thể dục, tìm hiểu thử đi.","237"
"26989","176","Không gì có thể ngăn bước chân của mùa xuân.","238"
"26990","176","Xem ra bạn không phải gấu bản địa.","239"
"26991","176","Đừng hiểu lầm, tôi không phải gấu bình thường đâu...","240"
"26992","176","Lớp học tình yêu của A Trực Bài 4","241"
"26993","176","Một mẹo để giải quyết vấn đề mặt to.","242"
"26994","176","Mỗi đứa trẻ đều là thiên thần hoặc thần thú của mẹ.","243"
"26995","176","Bạn đã hoàn thành __% mục tiêu năm nay chưa?","244"
"26996","176","Sự thay đổi bắt đầu lặng lẽ từ khoảnh khắc này.","245"
"26997","176","Màu sắc bạn thích nhất là gì?","246"
"26998","176","Tôi không hiểu sao các bạn lại nghĩ tôi hiểu.","247"
"26999","176","Hãy nói về Ngày Trẻ Em theo cách người lớn.","248"
"27000","176","Người đi trước đừng quá phóng túng, để lại chút cho người đi sau.","249"
"27001","176","Tại sao muỗi luôn cắn bạn?","250"
"27002","176","Trong giới động vật có quy luật sắt đá: ai chiếm ưu thế sẽ thua~","251"
"27003","176","Chúc ông quý ông đẹp trai này một kỳ nghỉ vui vẻ!","252"
"27004","176","Mọi người cùng gói bánh chưng hình gấu trúc nhé~","253"
"27005","176","Uống chén rượu雄黄 này, chúng ta vẫn là bạn tốt.","254"
"27006","176","Điểm mạnh của bạn có đủ sức cạnh tranh không?","255"
"28155","132","Thần ma quỷ quái gì vậy?","9"
"27007","176","Mỗi khi nắng nóng và mưa lớn, tôi không thể không cầm dù cho bạn.","256"
"27008","176","Đây là một đòn đánh giảm chiều kích giữa mùa hè.","257"
"27010","176","Cưỡi gió phá sóng đi phiêu lưu; gặp tình yêu, nhưng cô ấy không ngọt ngào.","259"
"27011","176","Môn thể thao này mát mẻ, thanh lịch, và làm da hồng hào.","260"
"27012","176","Mùa hè nóng bức lại có một nhóm động vật mất đi ước mơ.","261"
"27013","176","Chịu chút khổ không sao; quan trọng là không bị thiệt thòi.","262"
"27014","176","Chỉ người đúng mới tìm được kho báu của bạn.","263"
"27015","176","Trước đây hợp nhau thế, giờ lại thấy buồn cười.","264"
"27016","176","Ra ngoài xã hội, không có chút kỹ năng thì sao được!","265"
"27017","176","Cuộc sống là thế, của bạn rồi cũng sẽ là của bạn.","266"
"27018","176","Sáng Trung Nguyên Tiết tôi chứng kiến một chuyện rất kinh khủng.","267"
"27020","176","Kỳ nghỉ này đã được sắp xếp rõ ràng từ trước.","269"
"27021","176","Có những bộ phim không nên hiểu, mà phải cảm nhận...","270"
"27022","176","Sau lễ hội, trăng từ tròn đến khuyết, bánh trung thu từ khuyết đến tròn.","271"
"27023","176","Chỉ cần tư tưởng không trượt dốc, cách làm luôn nhiều hơn khó khăn.","272"
"27024","176","Tự tin đầy mình, dịp lễ nào cũng thổi phong cách Trung Hoa.","273"
"27025","176","Đây là bữa ăn chùa không để lại dấu vết nhất tôi từng thấy.","275"
"27026","176","Dù ngắn hay dài, miễn là gấu đủ ấm~","276"
"27027","176","Bộ sưu tập avatar mùa đông ấm áp.","277"
"27028","176","Tôi vẫn là cậu bé tuần trước, không hề thay đổi.","278"
"27029","176","Phương pháp giảm cân thực sự hiệu quả.","279"
"27030","176","Bạn có vị trí không nhẹ trong lòng bạn bè!","280"
"27031","176","Năm 2021 chính là như thế này!","283"
"27032","176","Xem mục tiêu nhỏ năm mới của bạn đã làm ai đau lưng~","284"
"27033","176","Cưỡi trâu lên đường gập ghềnh, giữ vững cho đến khi mây tan kho đầy tiền.","285"
"27036","176","Chỉ một bức ảnh, cuộc sống trở nên sôi động~","288"
"27037","176","Đội không khí Tết bắt đầu làm việc! Avatar và hình nền lên đường~","289"
"27038","176","Sự ấm áp của mẹ hơn cả ánh nắng mùa xuân...","290"
"27039","176","Tết đoàn viên đến, cha hiền con ngoan vui Tết Nguyên Tiêu.","291"
"27040","176","Có gấu làm việc chăm chỉ mùa xuân, có gấu đã thu hoạch xong.","292"
"27041","176","Ngày Nữ Hoàng: Giỏ hàng của bạn đã được dọn sạch chưa?","293"
"27042","176","Mỗi mảng bóng xanh là kết quả lao động vất vả của người đi trước.","294"
"27043","176","Quần áo mùa xuân năm ngoái đều co lại vì lạnh...","295"
"27044","176","Động vật chết người nhất thế giới là gì?","296"
"27045","176","Phân khỉ vốn do trời định; từ xưa kẻ thắng thường thắng dễ dàng.","297"
"27046","176","Mẹo nhỏ để loại bỏ quầng thâm mắt.","298"
"27048","176","Chỉ cần đầu óc nhanh nhạy, đâu đâu cũng có tình yêu thật.","300"
"27049","176","Làm sao để bình yên vượt qua tuần trước ngày Quốc tế Lao động.","302"
"27050","176","Tình mẹ như dòng sông, từng giọt báo đáp không bao giờ cạn~","303"
"27051","176","Bí kíp cứu mạng, thuốc độc giết người.","304"
"27052","176","Chúc các em học sinh bình tĩnh ứng phó và thi đạt điểm cao.","305"
"27053","176","Nhà có hai bảo bối, bố ngất xỉu.","306"
"27054","176","Cười sau cùng không bằng xếp cuối cùng.","307"
"27055","176","Con trai không dũng cảm hơn con gái, chỉ là biết giấu thôi!","308"
"27056","176","Có món ăn nhẹ như lông, có người mê ăn nặng hơn núi.","309"
"27057","176","Tình cha vô hình nhưng có dấu vết~","310"
"27058","176","Bạn có nghe tiếng reo hò từ trên trời không?","319"
"27060","176","Niềm vui của bố, bạn không thể tưởng tượng được~","321"
"27061","176","Gấu con mới sinh không sợ hổ; làm ma không khổ bằng làm người.","322"
"27062","176","Có khó khăn thì vẫn phải gọi cảnh sát!","461"
"27063","176","Lao động vất vả, cuối cùng tôi nhận được kết quả thế này.","465"
"27064","176","Một ngày của học sinh tiểu học và trung học sau khi chính sách Giảm Đôi được thực hiện","476"
"27065","176","Trăng tròn ngày mười lăm mười sáu, bánh trung thu của bạn là năm nào?","494"
"27066","176","Có vẻ như Quốc Khánh cũng mang hương vị Trung Thu","510"
"27067","176","Uống rượu của chúng tôi, mặt không đổi sắc, đi ngang ngạo nghễ!","527"
"27068","176","Bạn may mắn vậy, chắc cũng chịu không ít thiệt thòi đúng không?","532"
"27069","176","Mọi tranh cãi đều có ngòi nổ, thường xuất phát từ nhà vệ sinh nam","546"
"27071","176","Dễ thương đến phát sợ, Halloween đã đến rồi!","561"
"27072","176","Gặp được chú gấu thú vị, ăn trái cây cũng trở nên kích thích","562"
"27073","176","Chỉ cần mình đủ ngọt, độc thân không đáng thương!","571"
"27074","176","Bản thân thật sự chính là bản thân tốt nhất!","575"
"27075","176","Nhà nhà đều có quyển kinh đôi tiêu chuẩn","584"
"27076","176","Lãng mạn thường đi kèm với khó khăn nối tiếp nhau~","599"
"27077","176","Một năm vất vả làm cong lưng, tốt hơn là thay đổi mục tiêu nhỏ hơn","611"
"27078","176","Không so sánh không biết, một so là 'ồ chao'~","625"
"27079","176","Hãy tin vào bản thân, bạn cũng có siêu năng lực!","635"
"27081","176","Chúng ta những người đi làm, mục tiêu phải rõ ràng~","729"
"27082","176","Trên đường giảm cân, luôn có sợi dây vướng chân không thể nhảy qua","770"
"27083","176","Ngày mùng hai tháng hai, rồng ngẩng đầu, một cú giật tỉnh táo tinh thần~","787"
"27084","176","Idol đang hot tiết lộ bí mật thành nhóm~","916"
"27085","176","Hỏi tình là gì trên đời khiến người ta phải xuống lầu làm xét nghiệm","944"
"27086","176","Muốn biết vì sao trăng tròn trăng khuyết lại thành vòi phun không?","1061"
"27087","176","Có thể với lấy trăng trên chín tầng mây, hoặc tìm báu trong đá sỏi~","1302"
"27088","176","Trời mang đi kỳ nghỉ nhưng lại làm rớt mất con cá","1546"
"27090","176","Cục cưng hói đầu / muốn có một em lông xù","1594"
"27091","176","Mục tiêu nhỏ nói chơi, cả lớp đều cúi đầu!","1648"
"27092","176","Tâm hồn gấu của tôi bị dập tắt rồi!","1667"
"27094","176","Khám bác sĩ chuyên khoa đắt có lý do...","1780"
"27095","176","Tổng hợp các kiểu tóc thịnh hành trong giới gấu trúc~","2069"
"27096","176","Chỉ cần chịu hiến thân, nghệ thuật sẽ thăng hoa!","2126"
"27097","176","Giảm cân nhất định phải tìm đúng người đồng hành","2220"
"27098","176","Nóng mùa hè có thể tránh, bạn bè ngốc nghếch thì không thể tránh...","2285"
"27099","176","Bạn bè như thế nào mới đáng tin cậy?","2298"
"27100","176","Mô tả cảm nhận của tôi về thời tiết gần đây...","2356"
"27101","176","Tổ tiên sẽ ban phước cho bạn~","2366"
"27102","176","Tình bạn nóng bỏng, không bao giờ nguội lạnh!","2492"
"27103","176","Gặp tri kỷ uống nghìn chén vẫn thấy ít, gặp người lạ nửa chén đã say","2526"
"28157","132","Long nhãn","11"
"28158","132","Quan Âm Đại Đại","12"
"28159","132","Cắt tóc","13"
"28160","132","Vi sóng lực rồng","14"
"28161","132","Đi nhờ xe","15"
"28162","132","Gọi điện thoại","16"
"28163","132","Tết Trung Thu","17"
"28164","132","Hình Thiên","18"
"28165","132","Xem phim","19"
"28166","132","Xe buýt sớm 1","20"
"28167","132","Xe buýt sớm 2","21"
"28168","132","Đi hội chợ truyện tranh","23"
"28169","132","Vấn đề kiểu tóc","22"
"28170","132","Canh củ sen","24"
"28172","132","Kích thích không khí","26"
"28173","132","Đầu bí ngô","27"
"28174","132","Tẩy lông","28"
"28176","132","Chó dễ thương và kẻ biến thái chỉ cách nhau một ranh giới mỏng manh.","30"
"28177","132","Tình yêu là một bản năng.","31"
"28178","132","My Little Pony","32"
"28179","132","Gia tộc thần tiên","33"
"28180","132","Cuộc sống củ sen như một vở kịch.","34"
"28181","132","Áp lực là nguyên nhân gây hói đầu.","35"
"28182","132","Mùa đông của Hình Thiên thật phiền phức.","36"
"28184","132","Uống nước phải cẩn thận.","38"
"28185","132","Tộc rồng là một đại gia đình.","39"
"28187","132","Công viên giải trí là nơi tuyệt vời để tăng cường tình bạn.","41"
"28258","132","Muốn biết họ thật của con ma này, tên vang vọng ngàn thu là Hồng Nhi.","113"
"28259","132","Từ xưa đến nay, đỏ và xanh.","114"
"28261","132","Tết Đoan Ngọ đến rồi, mọi người cùng nhau gói bánh chưng đi!","116"
"28262","132","Tết Đoan Ngọ đã qua, nhưng vẫn phải chèo thuyền rồng.","117"
"28263","132","Em họ tôi không thể nào như thế này ____.","118"
"28264","132","Bạn không phải cá, sao biết cá sợ gì?","119"
"28265","132","Hẹn gặp ai đó, rồi chia tay.","120"
"28266","132","À bạn ơi, tạm biệt nhé, tạm biệt nhé, tạm! biệt!","121"
"28267","132","Chỉ muốn vẽ Hiếu Thiên thật ngầu thôi.","122"
"28268","132","Hãy chân thành lên, chàng trai trẻ!","123"
"28269","132","Duyên, diệu kỳ không thể tả.","124"
"28270","132","Anh ta đã bị bạn mê hoặc, giữ lại làm gì.","126"
"28271","132","Long Nữ là con gái út của Long Vương Đông Hải.","127"
"28274","132","Tôi nói là người nhỏ, các bạn nghĩ gì vậy?","130"
"28275","132","Trên đời chỉ có mẹ là tốt.","131"
"28276","132","Hồng minh long thủ, Vân ủng phượng ức.","132"
"28277","132","Phong cốt thần dị, Linh tuý nhuyễn khiết.","133"
"28278","132","Ngọc ngàn vàng nhất định ở vực sâu chín tầng.","134"
"28279","132","Miệng có biển thì dễ bắt cá.","135"
"28280","132","Long châu là thứ tốt, hy vọng bạn cũng có một viên.","136"
"28281","132","Bãi biển, sóng biển, xương rồng, và một thuyền trưởng già.","137"
"28282","132","Chúng tôi không còn cách nào, chỉ có thể lấy đầu để trả lương.","138"
"28283","132","""Ê? Đầu của bạn?"" ""Không, là đầu của cậu.""","139"
"28284","132","Dưới cổ toàn là chân.","140"
"28285","132","Muốn hát trên cây chân trần~","141"
"28286","132","Ăn nhiều cà rốt thì khỏe.","142"
"28287","132","Hiếu Thiên một tuần.","145"
"28288","132","Không hiểu mày chó.","146"
"28289","132","Hiếu Thiên thứ Sáu.","147"
"28290","132","Thầy ơi, bài tập của em bị chó ăn mất rồi.","148"
"28291","132","Càng gãi càng ngứa, càng ngứa càng gãi.","149"
"28292","132","Tớ là một chàng trai đích thực~","150"
"28293","132","Tai hồ cầu phúc, bạn xứng đáng sở hữu.","151"
"28294","132","Bạn thông minh đã nhìn thấy kết thúc rồi.","152"
"28295","132","Trên đời chỉ có mẹ là tốt, có mẹ con như báu vật.","153"
"28296","132","Sức mạnh của gen.","154"
"28297","132","Nấu ăn thì quan trọng nhất là vui vẻ.","155"
"28298","132","Thật sự không đau đâu, thêm chút nữa là xong rồi.","156"
"28299","132","Người ta càng vui khi gặp chuyện vui, trăng càng sáng vào Tết Trung Thu.","157"
"28300","132","Ai cũng yêu Tiểu Toàn Năng.","158"
"28301","132","Đây là văn chống tà để ghi lại.","159"
"28302","132","Tôi tên là Bạch Trạch, là một thần thú.","161"
"28303","132","Bông tai","162"
"28304","132","Đừng nhìn người qua kính màu.","163"
"28305","132","Nhận nuôi","164"
"28306","132","Mộng du","165"
"28307","132","Dân du cao cấp rất khó làm.","166"
"28308","132","Nỗi kinh hoàng từng bị Tiểu Ngọc thống trị.","168"
"28309","132","Bạn giống như ngọn lửa đó.","169"
"28311","132","Giảm cân","171"
"28312","132","Có nhiều cách giảm cân, nhưng bạn không hợp cách nào.","172"
"28313","132","Phương pháp giảm cân này rất phi khoa học, rồng không chuyên xin đừng thử.","173"
"28314","132","Bạn còn nhớ năm ngoái Halloween họ làm gì không?","174"
"28315","132","Tháng Mười Một, tháng Mười Một đã đến.","175"
"28316","132","Phe tam giác? Phe tứ giác?","177"
"28317","132","Cuộc biến đổi trò đùa.","178"
"28318","132","Tán gái không thành luôn là lỗi của đàn ông.","179"
"28319","132","Mấy cái trận đòn hôm nay đều do suy nghĩ lúc tắm.","180"
"28320","132","Duang một cái, rất sáng, rất mềm.","181"
"28321","132","Điều đáng sợ là người thực vật biến thành cây.","182"
"28322","132","Trong sách có nhà vàng, trong sách có nhan sắc như ngọc.","183"
"28323","132","Bạch Trạch chiếm tổ cáo.","184"
"28325","132","BMW","186"
"28326","132","Lấy cái kêu của tôi, giờ đi thôi.","187"
"28327","132","Chỉ tặng bản thân những thứ không muốn thôi.","188"
"28328","132","Đan len không đơn giản, giao tiếp còn khó hơn.","189"
"28329","132","Đừng nghĩ trẻ con không hiểu gì.","190"
"28330","132","Kỳ lân có thể hái sen, lá sen xanh mướt.","191"
"28331","132","Ngày xửa ngày xưa","192"
"28332","132","Đừng nhắc chuyện cũ, cuộc đời cáo đã nhiều bão giông.","193"
"28333","132","Kẻ xấu đến rồi, chạy nhanh.","194"
"28334","132","Một ngày bi thảm của chim én biển.","195"
"28335","132","Xe đẩy siêu thị, một phương tiện giao thông dân dụng hàng ngày.","196"
"28336","132","Giáng sinh vui vẻ","197"
"28337","132","Đến đúng lúc còn hơn đến sớm.","198"
"28338","132","Ngày đầu năm mới","199"
"28340","132","Không bay thì thôi, đã bay là bay cao.","201"
"28342","132","Đi trên con đường trở thành nô lệ mèo, chúng ta hát nhiều lắm.","203"
"28343","132","Năm mới","204"
"28344","132","Từ tiếng Anh","205"
"28345","132","Một con gà tay trái, một con cá tay phải.","206"
"28346","132","Bia, nước uống, nước khoáng.","207"
"28348","132","Anh trai là một sinh vật kỳ diệu.","209"
"28349","132","Hôm nay là chương 200!","210"
"28350","132","Chỉ cần đẹp trai, đầu trọc cũng không sợ.","211"
"28351","132","Chuyên gia tháo rồng.","212"
"28352","132","Kỳ lân bơi ở Thố Bạch Trạch.","213"
"28353","132","Đi đâu cũng phải điều tra kỹ trước.","214"
"28354","132","Thần tiên cũng phiền phức khi ốm.","215"
"28355","132","Ăn cam không được nhả vỏ.","216"
"28356","132","Không được cho thỏ ăn đồ ăn vặt lạ nhé.","217"
"28357","132","Các bạn nghĩ Bạch Trạch chỉ có một con sao?","218"
"28358","132","Cẩn thận an toàn thú cưng, đề phòng người lạ mang đi","219"
"28359","132","Yêu một con rồng không mặc quần","220"
"28360","132","Yêu hổ mực","221"
"28361","132","Thẩm mỹ kỳ lạ","222"
"28362","132","Ô Bá không thể phá hỏng","223"
"28363","132","Tổng Yu, bạn dễ thương nhất","224"
"28364","132","Toàn là tài xế lão luyện","226"
"28365","132","Hàng ngày chơi khăm chị em là vui nhất","227"
"28366","132","Nhân vật mới xuất hiện","228"
"28367","132","Hãy thành thật về chiều cao","229"
"28368","132","Kim cương khoan","230"
"28369","132","Tránh xa đứa trẻ quậy phá Ô Bá","231"
"28370","132","Nhân vật mới xuất hiện!","232"
"28371","132","Lý tưởng vĩ đại","233"
"28372","132","Giác hơi? Giác hơi? Giác hơi","234"
"28373","132","Pipi Pikachu","235"
"28374","132","Mùa hè thật khó chịu","236"
"28375","132","Ngôi nhà mới","237"
"28377","132","Con gái yêu của Tháp Đỡ Thiên Vương","492"
"28378","132","Dụng cụ cổ vũ phải đúng","505"
"28379","132","Gió xuân không đổi sóng xưa.","509"
"28380","132","Bánh trung thu vàng!","524"
"28381","132","Cùng nhau ăn nào...","541"
"28382","132","512","542"
"28383","132","Ông già Noel là c","553"
"28384","132","Quán Cà Phê Nhị Lang Thần","571"
"28385","132","Nợ có chủ, không trả sớm muộn cũng xong","583"
"28386","132","Kéo củ cải, kéo củ cải, này ô này ô, kéo củ cải","603"
"28387","132","Nhân bánh chưng không quan trọng, ngon mới là quan trọng","725"
"28388","132","Tình yêu ở đâu, tình yêu ở đâu?","726"
"28390","132","Trời lạnh là muốn ăn đồ nóng","849"
"28391","132","Lâu ngày ở giang hồ, khó tránh gặp kẻ tìm thù","1032"
"28392","132","Đừng bao giờ tin thợ cắt tóc nói 'cắt ngắn hơn chút'","1150"
"28393","132","Sinh vật biển đủ loại kỳ lạ","1595"
"28396","132","Phát triển đồ uống mới là một công việc kỹ thuật","1964"
"28397","132","Lúc bay lúc nào cũng hơi căng thẳng","2567"
"28398","132","Mười ngón tay không bao giờ đều nhau hoàn hảo.","2715"
"28399","132","Cây già ra cành mới — hoa nở lần hai","2910"
"25357","145","20 Rồng Khổng Lồ Băng Tuyết 2 Phần 2","39"
"25360","145","22 Trứng Rồng Lửa Phần 1","42"
"25362","145","23 Thử Thách Phong Môn Phần 1","44"
"25404","145","43 Bí Pháp Đốt Cháy Ma Lực Phần 2","86"
"25405","145","44 Kỹ Thuật Kết Hợp Ba Hệ Và Truyền Tống Định Hướng Phần 1","87"
"25406","145","44 Kỹ Thuật Kết Hợp Ba Hệ Và Truyền Tống Định Hướng Phần 2","88"
"25410","145","46 Giúp Đỡ Vô Tư, Lửa Chu Tước Phần 2","662"
"25428","145","60 Thiên Cơ Chỉ Dẫn Phần 1","1022"
"25431","145","63 Cánh Cổng Đá Kỳ Lạ Phần 1","1250"
"25438","145","69 Tam Đại Tối Thượng Phần 2","1713"
"26543","134","69 Lân Vụ Biên Kết Thúc (Phần 2)","2969"
"26843","176","079 Gấu Ở Phuket Phần “Gấu Thái” 01","84"
"26851","176","087 Đây Là Một Đoan Ngọ Thuộc Về Các Người Cha","92"
"26860","176","096 Phá Vỡ Vỏ Trứng","103"
"26919","176","156 Điều Quan Trọng Nhất Trong Cuộc Sống","166"
"26930","176","167 Trại Hè Đông Lạnh Dễ Thương Chuyến Đi Úc (Khởi Động)","178"
"26947","176","184 Kế Hoạch Đổ Bộ Mặt Trăng Kỳ Tư","195"
"26961","176","198 Phương Pháp Thức Dậy Linh Hồn Hiệu Quả","209"
"27009","176","Trẻ con không được nói dối nhưng người lớn trưởng thành thì có thể.","258"
"27034","176","Trên đường trưởng thành, không thể thiếu sự nâng đỡ của bậc tiền bối~","286"
"27035","176","Chìa khóa chiến thắng là nắm vững công nghệ cốt lõi!","287"
"27047","176","Mùa xuân, rủ bạn tốt cùng đi thả diều nhé~","299"
"27059","176","Thất Tịch đến rồi, để tôi dạy mọi người một bài học!!","320"
"27070","176","Có những chú gấu xã hội đã chết, nhưng vẫn nghĩ mình còn sống","552"
"27080","176","Đánh lớn ở cửa Quan Công, chơi mưu kế trước mặt Kỳ Tư","647"
"27089","176","Ngôi nhà ma kinh dị nhất lịch sử, hỏi xem có phục không~","1583"
"28400","148","Chương 1: Sống sót","1"
"28402","148","Chương 3: Xung đột","4"
"28403","148","Chương 4: Một đánh năm","7"
"28404","148","Chương 5: Ràng buộc nghĩa là gì?","8"
"28405","148","Chương 6: Không được chết!","9"
"28407","148","Chương 8: Khúc dạo đầu xung đột","11"
"28408","148","Chương 9: Cuồng loạn","12"
"28409","148","Chương 10: Hy vọng","13"
"28410","148","Chương 11: Thật là lừa đảo!","14"
"28411","148","Chương 12: Thu hẹp vòng tròn, chạy trốn độc","15"
"28412","148","Chương 13: Liên minh","16"
"28413","148","Chương 14: Cuộc chiến bắt đầu","17"
"28414","148","Chương 15: Ra mắt rực rỡ","18"
"28415","148","Ngoại truyện - Tập đặc biệt Giáng Sinh","20"
"28416","148","Chương 16: Đợi lâu rồi","22"
"28417","148","Ngoại truyện - Tập đặc biệt Tết Dương Lịch","23"
"28422","148","Chương 21: Vùng đất mới","33"
"28423","148","Chương 22: Tình hình hẻm núi","34"
"28424","148","Chương 23: Chuẩn bị chiến đấu","35"
"28425","148","Chương 24: Trận chiến cam go","36"
"28427","148","Chương 25: Trốn thoát","38"
"28428","148","Chương 26: Mùa xuân đến rồi","39"
"28429","148","Chương 27: Mùi chua của tình yêu","40"
"28430","148","Chương 28 (Phần 1): Quyết chiến quân lãnh chúa","41"
"28431","148","Chương 28 (Phần 2): Quyết chiến thành lãnh chúa","43"
"28432","148","Chương 29: Trận chiến thay đổi thiên hạ","44"
"28433","148","Chương 30: Tự tin ngút trời","45"
"28434","148","Chương 31: Hy vọng","46"
"28436","148","Chương 33: Bí mật của Tiểu Như","49"
"28437","148","Cảm ơn mọi người","50"
"28438","148","Chương 34: Trung Hoàng","51"
"28439","148","Chương 35: Bí mật của Tâm Ca","52"
"28440","148","Chương 36: Vị thần khác biệt","53"
"28441","148","Chương 38: Mười hai lãnh chúa","54"
"28442","148","Chương 39: Hãy như Lữ Phụng Tiên","55"
"28443","148","Chương 40: Không sợ hãi","56"
"28444","148","Chương 41: Thay đổi trong chớp mắt","57"
"28445","148","Chương 42: Giang hồ tái ngộ","58"
"28446","148","Chương 43: Song sát đen trắng","59"
"28447","148","Chương 44: Triệu hồi sư mạnh nhất lịch sử","60"
"28448","148","Chương 45: Đánh tráo trời đất","61"
"28450","148","Chương 47: Chuyến đi xa","63"
"28451","148","Chương 48: Vô quyền ở Tiên Vực","64"
"28452","148","Chương 49: Tình thế bế tắc","65"
"28453","148","Chương 50: Bắt đầu khoe khoang","66"
"28454","148","Chương 51: Đường quay đầu","67"
"28455","148","Chương 52: Thế giới động vật","68"
"28456","148","Chương 53: Phá xiềng xích","69"
"28457","148","Chương 54: Lưỡng lự","70"
"28458","148","Chương 55: Kiếm rút cung căng","71"
"28459","148","Chương 56: Dòng chảy ngầm dâng trào","72"
"28461","148","Chương 58: Công cao chấn chủ","74"
"28462","148","Chương 59: Phá nồi đắm thuyền","75"
"28463","148","Chương 60: Tiền đồ tiêu tan","76"
"28464","148","Chương 61: Lén lút qua Trần Thương?","77"
"28465","148","Chương 62: Vô tội lương tâm?","78"
"28466","148","Chương 63: Vào hang hổ","79"
"28467","148","Chương 64: Học không ngừng","80"
"28468","148","Chương 65: Phong tục thuần hậu","81"
"28469","148","Chương 66: Mắt đứt hồn tan","82"
"28470","148","Chương 67: Áo phẫn Long sầu","83"
"28471","148","Chương 68: Bí ẩn chồng chất","84"
"28472","148","Chương 69: Tuyệt vời không thể tả","85"
"28473","148","Chương 70: Thần kỳ phi thường","87"
"28474","148","Chương 71: Quân lĩnh thiên hạ","88"
"28475","148","Chương 72: Đại quân áp sát","89"
"28476","148","Chương 73: Nhìn vật nhớ người","90"
"28477","148","Chương 74: Vật còn người đổi","91"
"28478","148","Chương 75: Giả công tế tư","92"
"28479","148","Chương 76: Gặp lại sau thời gian dài","93"
"28480","148","Chương 77: Kẹp thiên nữ","94"
"28481","148","Chương 78: Thế như phá trúc","95"
"28486","148","Chương 83: Khoảnh khắc ấm áp","100"
"28487","148","Chương 84: Vi vòng công Triệu","101"
"28488","148","Chương 85: Sinh ra làm người","102"
"28489","148","Chương 86: Hai quân đối đầu","103"
"28490","148","Chương 87: Quyền trung thọc sa","104"
"28491","148","Chương 88: Mượn gió đông","105"
"28492","148","Chương 89: Vạn vật đều là cờ","106"
"28494","148","Chương 91: Dùng kế đối kế","108"
"28495","148","Chương 92: Lần sau biết gặp đâu","109"
"28496","148","Chương 93: Đông phong bất thuận Chu Lang","110"
"28497","148","Chương 94: Sinh mệnh treo lơ lửng","111"
"28498","148","Chương 95: Thời nhân không biết Lăng Vân Mộc","112"
"28499","148","Chương 96: Người khác nhau theo năm tháng.","113"
"28501","148","Chương 98: Kẻ ngư ông hưởng lợi trong cuộc chiến giữa chim mỏ thìa và con trai","115"
"28502","148","Chương 99: Hang động ngầm","116"
"28503","148","Chương 100: Tôm vào vùng nước nông","117"
"28504","148","Chương 101: Như có thần trợ giúp","118"
"28505","148","Chương 102: Một lòng hai dạ","119"
"28506","148","Chương 103: Tâm (Phần trên)","120"
"28507","148","Chương 104: Tâm (Phần dưới)","121"
"28508","148","Chương 105: Một niệm đen trắng","122"
"28509","148","Chương 106: Lòng từ bi không chỉ huy binh lính","123"
"28512","148","Chương 109: Mắt","126"
"28513","148","Chương 110: Qủng Kỳ hóa hình","127"
"28514","148","Chương 111: Phong thái chí mạng","128"
"28515","148","Chương 112: Biến đất thành lao ngục","129"
"28516","148","Chương 113: Cuộc đấu tranh của 'thú' bị giam cầm","130"
"28517","148","Chương 114: Đường hẹp cho kẻ thù","131"
"28518","148","Chương 115: Ánh sáng duy nhất","132"
"28519","148","Chương 116: Giận vì họ không cố gắng","133"
"28520","148","Chương 117: Thức tỉnh","134"
"28521","148","Chương 118: Tự đắm chìm","135"
"28522","148","Chương 119: Đàn ong bướm tụ tập","136"
"28523","148","Chương 120: Ba ngày biệt ly","137"
"28524","148","Chương 121: Không còn gà chó","138"
"28525","148","Chương 122: Vạn vật hữu linh","139"
"28526","148","Chương 123: Không thể cùng đội trời chung","140"
"28527","148","Chương 124: Huyết thống tà linh","141"
"28528","148","Chương 125: Gặp lại bạn cũ","142"
"28529","148","Chương 126: Ý đồ hiểm độc","143"
"28530","148","Chương 127: Mười năm sinh tử mông lung","144"
"28531","148","Chương 128: Đêm vĩnh diệt tịch mịch","145"
"28532","148","Chương 129: Cây gậy định càn khôn","146"
"28533","148","Chương 130: Trà","147"
"28534","148","Chương 131: Mười lần chết không sống","148"
"28535","148","Chương 132: Tâm vui với chàng, chàng không hay","149"
"28536","148","Chương 133: Sát khí bừng bừng","150"
"28537","148","Chương 134: Cuộc đời như lần đầu gặp gỡ","151"
"28538","148","Chương 135: Chúng sinh đều khổ","152"
"28539","148","Chương 136: Chó thua cuộc","153"
"28540","148","Chương 137: Luân hồi","154"
"28541","148","Chương 138: Người lớn người nhỏ","155"
"28542","148","Chương 139: Chỉ vì thân ở trong núi này","156"
"28543","148","Chương 140: Cảm giác áp lực","157"
"28544","148","Chương 141: Chiến lực toàn mở","158"
"28545","148","Chương 142: Vương không gặp vương","159"
"28546","148","Chương 143: Trăm mưu một sơ","160"
"28547","148","Chương 144: Gió đã nổi","161"
"28548","148","Chương 145: Long vàng năm móng","162"
"28549","148","Chương 146: Sóng thú","163"
"28550","148","Chương 147: Bạn hát xong tôi lên sân khấu","164"
"28551","148","Chương 148: Anh em đồng lòng","165"
"28552","148","Chương 149: Gió nóng","166"
"28553","148","Chương 150: Bất khả chiến bại","167"
"28554","148","Chương 151: Nghĩa","168"
"28555","148","Chương 152: Tái sinh","169"
"28556","148","Chương 153: Mắt âm phủ","170"
"28558","148","Chương 155: Đại thế đã định","172"
"28559","148","Chương 171: Ngọn lửa nhỏ","1316"
"27821","138","Chương 21","49"
"28560","11","019 Thẩm Trí, anh đã lừa tôi","127254"
"28562","6","Chương 9: Điều này chứng tỏ tôi không phải người bình thường!","127092"
"28565","21","021 Thu Về Can đối đầu Li Trầm","127061"
"28566","23","Chương 13: Bí Mật Thề Bảo Vệ Đến Chết","123167"
"28572","59","025 Niềm vui thường ngày chẳng bao giờ kéo dài lâu","127268"
"28564","1","12 Xin phu nhân cởi bỏ y phục","126303"
"28567","29","Chương 17: Người Đứng Sau Hậu Trường","126841"
"28568","39","Tiên Nhân và Kiến","127227"
"28569","41","Chương 013: Đòn Tấn Công Toàn Lực","127185"
"28570","97","Hừm, định chạy trốn à?","127272"
"28571","88","Chương 57: Người Phán Xét","127245"
"28573","101","069 Bó Tay","127134"
"28574","27","Chương 8: Trò chơi mèo chuột","123886"
"28575","43","13 Cá Vàng Hút Linh","127138"
"28576","19","Đừng đánh nhau nữa, đi xem mắt đi.","126470"
"28563","2","Lớp Thiên Tài Đấu Đơn","126584"
